16:01:35.744 [background-preinit] INFO  o.h.v.i.util.Version - [<clinit>,21] - HV000001: Hibernate Validator 6.0.21.Final
16:01:35.766 [main] INFO  c.neu.NeuApplication - [logStarting,55] - Starting NeuApplication on LAPTOP-802K4BVQ with PID 3792 (D:\Users\002\Desktop\鍚庣\neu-admin\target\carbon.jar started by 002 in C:\Users\002\.openclaw\workspace)
16:01:35.767 [main] INFO  c.neu.NeuApplication - [logStartupProfileInfo,655] - The following profiles are active: druid
16:01:40.056 [main] INFO  o.a.c.h.Http11NioProtocol - [log,173] - Initializing ProtocolHandler ["http-nio-9090"]
16:01:40.057 [main] INFO  o.a.c.c.StandardService - [log,173] - Starting service [Tomcat]
16:01:40.058 [main] INFO  o.a.c.c.StandardEngine - [log,173] - Starting Servlet engine: [Apache Tomcat/9.0.41]
16:01:40.177 [main] INFO  o.a.c.c.C.[.[.[/] - [log,173] - Initializing Spring embedded WebApplicationContext
16:01:45.734 [main] INFO  c.a.d.p.DruidDataSource - [init,985] - {dataSource-1} inited
16:01:46.144 [main] INFO  i.l.c.EpollProvider - [<clinit>,68] - Starting without optional epoll library
16:01:46.145 [main] INFO  i.l.c.KqueueProvider - [<clinit>,70] - Starting without optional kqueue library
16:01:48.021 [main] INFO  o.q.i.StdSchedulerFactory - [instantiate,1220] - Using default implementation for ThreadExecutor
16:01:48.100 [main] INFO  o.q.c.SchedulerSignalerImpl - [<init>,61] - Initialized Scheduler Signaller of type: class org.quartz.core.SchedulerSignalerImpl
16:01:48.101 [main] INFO  o.q.c.QuartzScheduler - [<init>,229] - Quartz Scheduler v.2.3.2 created.
16:01:48.118 [main] INFO  o.q.c.QuartzScheduler - [initialize,294] - Scheduler meta-data: Quartz Scheduler (v2.3.2) 'RuoyiScheduler' with instanceId 'LAPTOP-802K4BVQ1778745708025'
  Scheduler class: 'org.quartz.core.QuartzScheduler' - running locally.
  NOT STARTED.
  Currently in standby mode.
  Number of jobs executed: 0
  Using thread pool 'org.quartz.simpl.SimpleThreadPool' - with 20 threads.
  Using job-store 'org.springframework.scheduling.quartz.LocalDataSourceJobStore' - which supports persistence. and is clustered.

16:01:48.119 [main] INFO  o.q.i.StdSchedulerFactory - [instantiate,1374] - Quartz scheduler 'RuoyiScheduler' initialized from an externally provided properties instance.
16:01:48.120 [main] INFO  o.q.i.StdSchedulerFactory - [instantiate,1378] - Quartz scheduler version: 2.3.2
16:01:48.124 [main] INFO  o.q.c.QuartzScheduler - [setJobFactory,2293] - JobFactory set to: org.springframework.scheduling.quartz.AdaptableJobFactory@5e85c21b
16:01:51.335 [main] INFO  s.d.s.w.WebMvcPropertySourcedRequestMappingHandlerMapping - [initHandlerMethods,69] - Mapped URL path [/v2/api-docs] onto method [springfox.documentation.swagger2.web.Swagger2ControllerWebMvc#getDocumentation(String, HttpServletRequest)]
16:01:52.486 [main] INFO  s.d.s.w.p.DocumentationPluginsBootstrapper - [start,93] - Documentation plugins bootstrapped
16:01:52.494 [main] INFO  s.d.s.w.p.DocumentationPluginsBootstrapper - [bootstrapDocumentationPlugins,79] - Found 1 custom documentation plugin(s)
16:01:52.853 [main] INFO  s.d.s.w.s.ApiListingReferenceScanner - [scan,44] - Scanning for api listing references
16:01:53.418 [main] INFO  s.d.s.w.r.o.CachingOperationNameGenerator - [startingWith,41] - Generating unique operation named: getInfoUsingGET_1
16:01:53.474 [main] INFO  s.d.s.w.r.o.CachingOperationNameGenerator - [startingWith,41] - Generating unique operation named: addUsingPOST_1
16:01:53.489 [main] INFO  s.d.s.w.r.o.CachingOperationNameGenerator - [startingWith,41] - Generating unique operation named: editUsingPUT_1
16:01:53.524 [main] INFO  s.d.s.w.r.o.CachingOperationNameGenerator - [startingWith,41] - Generating unique operation named: exportUsingGET_1
16:01:53.538 [main] INFO  s.d.s.w.r.o.CachingOperationNameGenerator - [startingWith,41] - Generating unique operation named: getInfoUsingGET_2
16:01:53.546 [main] INFO  s.d.s.w.r.o.CachingOperationNameGenerator - [startingWith,41] - Generating unique operation named: removeUsingDELETE_1
16:01:53.576 [main] INFO  s.d.s.w.r.o.CachingOperationNameGenerator - [startingWith,41] - Generating unique operation named: listUsingGET_1
16:01:53.584 [main] INFO  s.d.s.w.r.o.CachingOperationNameGenerator - [startingWith,41] - Generating unique operation named: addUsingPOST_2
16:01:53.590 [main] INFO  s.d.s.w.r.o.CachingOperationNameGenerator - [startingWith,41] - Generating unique operation named: editUsingPUT_2
16:01:53.599 [main] INFO  s.d.s.w.r.o.CachingOperationNameGenerator - [startingWith,41] - Generating unique operation named: exportUsingGET_2
16:01:53.606 [main] INFO  s.d.s.w.r.o.CachingOperationNameGenerator - [startingWith,41] - Generating unique operation named: getInfoUsingGET_3
16:01:53.612 [main] INFO  s.d.s.w.r.o.CachingOperationNameGenerator - [startingWith,41] - Generating unique operation named: removeUsingDELETE_2
16:01:53.621 [main] INFO  s.d.s.w.r.o.CachingOperationNameGenerator - [startingWith,41] - Generating unique operation named: listUsingGET_2
16:01:53.650 [main] INFO  s.d.s.w.r.o.CachingOperationNameGenerator - [startingWith,41] - Generating unique operation named: addUsingPOST_3
16:01:53.659 [main] INFO  s.d.s.w.r.o.CachingOperationNameGenerator - [startingWith,41] - Generating unique operation named: editUsingPUT_3
16:01:53.673 [main] INFO  s.d.s.w.r.o.CachingOperationNameGenerator - [startingWith,41] - Generating unique operation named: exportUsingGET_3
16:01:53.679 [main] INFO  s.d.s.w.r.o.CachingOperationNameGenerator - [startingWith,41] - Generating unique operation named: frontGetInfoUsingGET_1
16:01:53.685 [main] INFO  s.d.s.w.r.o.CachingOperationNameGenerator - [startingWith,41] - Generating unique operation named: getInfoUsingGET_4
16:01:53.692 [main] INFO  s.d.s.w.r.o.CachingOperationNameGenerator - [startingWith,41] - Generating unique operation named: removeUsingDELETE_3
16:01:53.699 [main] INFO  s.d.s.w.r.o.CachingOperationNameGenerator - [startingWith,41] - Generating unique operation named: frontListUsingGET_1
16:01:53.709 [main] INFO  s.d.s.w.r.o.CachingOperationNameGenerator - [startingWith,41] - Generating unique operation named: listUsingGET_3
16:01:53.719 [main] INFO  s.d.s.w.r.o.CachingOperationNameGenerator - [startingWith,41] - Generating unique operation named: addUsingPOST_4
16:01:53.726 [main] INFO  s.d.s.w.r.o.CachingOperationNameGenerator - [startingWith,41] - Generating unique operation named: editUsingPUT_4
16:01:53.737 [main] INFO  s.d.s.w.r.o.CachingOperationNameGenerator - [startingWith,41] - Generating unique operation named: exportUsingGET_4
16:01:53.744 [main] INFO  s.d.s.w.r.o.CachingOperationNameGenerator - [startingWith,41] - Generating unique operation named: getInfoUsingGET_5
16:01:53.750 [main] INFO  s.d.s.w.r.o.CachingOperationNameGenerator - [startingWith,41] - Generating unique operation named: removeUsingDELETE_4
16:01:53.757 [main] INFO  s.d.s.w.r.o.CachingOperationNameGenerator - [startingWith,41] - Generating unique operation named: listUsingGET_4
16:01:53.765 [main] INFO  s.d.s.w.r.o.CachingOperationNameGenerator - [startingWith,41] - Generating unique operation named: addUsingPOST_5
16:01:53.772 [main] INFO  s.d.s.w.r.o.CachingOperationNameGenerator - [startingWith,41] - Generating unique operation named: editUsingPUT_5
16:01:53.786 [main] INFO  s.d.s.w.r.o.CachingOperationNameGenerator - [startingWith,41] - Generating unique operation named: exportUsingGET_5
16:01:53.800 [main] INFO  s.d.s.w.r.o.CachingOperationNameGenerator - [startingWith,41] - Generating unique operation named: frontGetInfoUsingGET_2
16:01:53.806 [main] INFO  s.d.s.w.r.o.CachingOperationNameGenerator - [startingWith,41] - Generating unique operation named: getInfoUsingGET_6
16:01:53.810 [main] INFO  s.d.s.w.r.o.CachingOperationNameGenerator - [startingWith,41] - Generating unique operation named: removeUsingDELETE_5
16:01:53.821 [main] INFO  s.d.s.w.r.o.CachingOperationNameGenerator - [startingWith,41] - Generating unique operation named: frontListUsingGET_2
16:01:53.834 [main] INFO  s.d.s.w.r.o.CachingOperationNameGenerator - [startingWith,41] - Generating unique operation named: listUsingGET_5
16:01:53.844 [main] INFO  s.d.s.w.r.o.CachingOperationNameGenerator - [startingWith,41] - Generating unique operation named: addUsingPOST_6
16:01:53.848 [main] INFO  s.d.s.w.r.o.CachingOperationNameGenerator - [startingWith,41] - Generating unique operation named: editUsingPUT_6
16:01:53.855 [main] INFO  s.d.s.w.r.o.CachingOperationNameGenerator - [startingWith,41] - Generating unique operation named: exportUsingGET_6
16:01:53.862 [main] INFO  s.d.s.w.r.o.CachingOperationNameGenerator - [startingWith,41] - Generating unique operation named: getInfoUsingGET_7
16:01:53.867 [main] INFO  s.d.s.w.r.o.CachingOperationNameGenerator - [startingWith,41] - Generating unique operation named: removeUsingDELETE_6
16:01:53.874 [main] INFO  s.d.s.w.r.o.CachingOperationNameGenerator - [startingWith,41] - Generating unique operation named: listUsingGET_6
16:01:53.882 [main] INFO  s.d.s.w.r.o.CachingOperationNameGenerator - [startingWith,41] - Generating unique operation named: addUsingPOST_7
16:01:53.890 [main] INFO  s.d.s.w.r.o.CachingOperationNameGenerator - [startingWith,41] - Generating unique operation named: editUsingPUT_7
16:01:53.896 [main] INFO  s.d.s.w.r.o.CachingOperationNameGenerator - [startingWith,41] - Generating unique operation named: exportUsingGET_7
16:01:53.903 [main] INFO  s.d.s.w.r.o.CachingOperationNameGenerator - [startingWith,41] - Generating unique operation named: frontAddUsingPOST_1
16:01:53.913 [main] INFO  s.d.s.w.r.o.CachingOperationNameGenerator - [startingWith,41] - Generating unique operation named: frontGetInfoUsingGET_3
16:01:53.919 [main] INFO  s.d.s.w.r.o.CachingOperationNameGenerator - [startingWith,41] - Generating unique operation named: getInfoUsingGET_8
16:01:53.924 [main] INFO  s.d.s.w.r.o.CachingOperationNameGenerator - [startingWith,41] - Generating unique operation named: removeUsingDELETE_7
16:01:53.930 [main] INFO  s.d.s.w.r.o.CachingOperationNameGenerator - [startingWith,41] - Generating unique operation named: frontListUsingGET_3
16:01:53.946 [main] INFO  s.d.s.w.r.o.CachingOperationNameGenerator - [startingWith,41] - Generating unique operation named: listUsingGET_7
16:01:53.961 [main] INFO  s.d.s.w.r.o.CachingOperationNameGenerator - [startingWith,41] - Generating unique operation named: addUsingPOST_8
16:01:53.969 [main] INFO  s.d.s.w.r.o.CachingOperationNameGenerator - [startingWith,41] - Generating unique operation named: editUsingPUT_8
16:01:53.979 [main] INFO  s.d.s.w.r.o.CachingOperationNameGenerator - [startingWith,41] - Generating unique operation named: exportUsingGET_8
16:01:53.983 [main] INFO  s.d.s.w.r.o.CachingOperationNameGenerator - [startingWith,41] - Generating unique operation named: frontGetInfoUsingGET_4
16:01:53.987 [main] INFO  s.d.s.w.r.o.CachingOperationNameGenerator - [startingWith,41] - Generating unique operation named: getInfoUsingGET_9
16:01:53.991 [main] INFO  s.d.s.w.r.o.CachingOperationNameGenerator - [startingWith,41] - Generating unique operation named: removeUsingDELETE_8
16:01:53.996 [main] INFO  s.d.s.w.r.o.CachingOperationNameGenerator - [startingWith,41] - Generating unique operation named: frontListUsingGET_4
16:01:54.003 [main] INFO  s.d.s.w.r.o.CachingOperationNameGenerator - [startingWith,41] - Generating unique operation named: listUsingGET_8
16:01:54.016 [main] INFO  s.d.s.w.r.o.CachingOperationNameGenerator - [startingWith,41] - Generating unique operation named: addUsingPOST_9
16:01:54.020 [main] INFO  s.d.s.w.r.o.CachingOperationNameGenerator - [startingWith,41] - Generating unique operation named: editUsingPUT_9
16:01:54.027 [main] INFO  s.d.s.w.r.o.CachingOperationNameGenerator - [startingWith,41] - Generating unique operation named: exportUsingGET_9
16:01:54.031 [main] INFO  s.d.s.w.r.o.CachingOperationNameGenerator - [startingWith,41] - Generating unique operation named: frontGetInfoUsingGET_5
16:01:54.035 [main] INFO  s.d.s.w.r.o.CachingOperationNameGenerator - [startingWith,41] - Generating unique operation named: getInfoUsingGET_10
16:01:54.048 [main] INFO  s.d.s.w.r.o.CachingOperationNameGenerator - [startingWith,41] - Generating unique operation named: removeUsingDELETE_9
16:01:54.055 [main] INFO  s.d.s.w.r.o.CachingOperationNameGenerator - [startingWith,41] - Generating unique operation named: frontListUsingGET_5
16:01:54.060 [main] INFO  s.d.s.w.r.o.CachingOperationNameGenerator - [startingWith,41] - Generating unique operation named: listUsingGET_9
16:01:54.070 [main] INFO  s.d.s.w.r.o.CachingOperationNameGenerator - [startingWith,41] - Generating unique operation named: addUsingPOST_10
16:01:54.073 [main] INFO  s.d.s.w.r.o.CachingOperationNameGenerator - [startingWith,41] - Generating unique operation named: editUsingPUT_10
16:01:54.080 [main] INFO  s.d.s.w.r.o.CachingOperationNameGenerator - [startingWith,41] - Generating unique operation named: exportUsingGET_10
16:01:54.095 [main] INFO  s.d.s.w.r.o.CachingOperationNameGenerator - [startingWith,41] - Generating unique operation named: getInfoUsingGET_11
16:01:54.101 [main] INFO  s.d.s.w.r.o.CachingOperationNameGenerator - [startingWith,41] - Generating unique operation named: removeUsingDELETE_10
16:01:54.105 [main] INFO  s.d.s.w.r.o.CachingOperationNameGenerator - [startingWith,41] - Generating unique operation named: listUsingGET_10
16:01:54.113 [main] INFO  s.d.s.w.r.o.CachingOperationNameGenerator - [startingWith,41] - Generating unique operation named: addUsingPOST_11
16:01:54.117 [main] INFO  s.d.s.w.r.o.CachingOperationNameGenerator - [startingWith,41] - Generating unique operation named: editUsingPUT_11
16:01:54.123 [main] INFO  s.d.s.w.r.o.CachingOperationNameGenerator - [startingWith,41] - Generating unique operation named: exportUsingGET_11
16:01:54.127 [main] INFO  s.d.s.w.r.o.CachingOperationNameGenerator - [startingWith,41] - Generating unique operation named: getInfoUsingGET_12
16:01:54.132 [main] INFO  s.d.s.w.r.o.CachingOperationNameGenerator - [startingWith,41] - Generating unique operation named: removeUsingDELETE_11
16:01:54.135 [main] INFO  s.d.s.w.r.o.CachingOperationNameGenerator - [startingWith,41] - Generating unique operation named: listUsingGET_11
16:01:54.147 [main] INFO  s.d.s.w.r.o.CachingOperationNameGenerator - [startingWith,41] - Generating unique operation named: addUsingPOST_12
16:01:54.152 [main] INFO  s.d.s.w.r.o.CachingOperationNameGenerator - [startingWith,41] - Generating unique operation named: editUsingPUT_12
16:01:54.160 [main] INFO  s.d.s.w.r.o.CachingOperationNameGenerator - [startingWith,41] - Generating unique operation named: exportUsingGET_12
16:01:54.163 [main] INFO  s.d.s.w.r.o.CachingOperationNameGenerator - [startingWith,41] - Generating unique operation named: frontGetInfoUsingGET_6
16:01:54.167 [main] INFO  s.d.s.w.r.o.CachingOperationNameGenerator - [startingWith,41] - Generating unique operation named: getInfoUsingGET_13
16:01:54.171 [main] INFO  s.d.s.w.r.o.CachingOperationNameGenerator - [startingWith,41] - Generating unique operation named: removeUsingDELETE_12
16:01:54.176 [main] INFO  s.d.s.w.r.o.CachingOperationNameGenerator - [startingWith,41] - Generating unique operation named: frontListUsingGET_6
16:01:54.178 [main] INFO  s.d.s.w.r.o.CachingOperationNameGenerator - [startingWith,41] - Generating unique operation named: listUsingGET_12
16:01:54.196 [main] INFO  s.d.s.w.r.o.CachingOperationNameGenerator - [startingWith,41] - Generating unique operation named: addUsingPOST_13
16:01:54.201 [main] INFO  s.d.s.w.r.o.CachingOperationNameGenerator - [startingWith,41] - Generating unique operation named: editUsingPUT_13
16:01:54.207 [main] INFO  s.d.s.w.r.o.CachingOperationNameGenerator - [startingWith,41] - Generating unique operation named: exportUsingGET_13
16:01:54.210 [main] INFO  s.d.s.w.r.o.CachingOperationNameGenerator - [startingWith,41] - Generating unique operation named: frontGetInfoUsingGET_7
16:01:54.212 [main] INFO  s.d.s.w.r.o.CachingOperationNameGenerator - [startingWith,41] - Generating unique operation named: getInfoUsingGET_14
16:01:54.215 [main] INFO  s.d.s.w.r.o.CachingOperationNameGenerator - [startingWith,41] - Generating unique operation named: removeUsingDELETE_13
16:01:54.218 [main] INFO  s.d.s.w.r.o.CachingOperationNameGenerator - [startingWith,41] - Generating unique operation named: frontListUsingGET_7
16:01:54.223 [main] INFO  s.d.s.w.r.o.CachingOperationNameGenerator - [startingWith,41] - Generating unique operation named: listUsingGET_13
16:01:54.227 [main] INFO  s.d.s.w.r.o.CachingOperationNameGenerator - [startingWith,41] - Generating unique operation named: addUsingPOST_14
16:01:54.230 [main] INFO  s.d.s.w.r.o.CachingOperationNameGenerator - [startingWith,41] - Generating unique operation named: editUsingPUT_14
16:01:54.232 [main] INFO  s.d.s.w.r.o.CachingOperationNameGenerator - [startingWith,41] - Generating unique operation named: exportUsingGET_14
16:01:54.235 [main] INFO  s.d.s.w.r.o.CachingOperationNameGenerator - [startingWith,41] - Generating unique operation named: getInfoUsingGET_15
16:01:54.238 [main] INFO  s.d.s.w.r.o.CachingOperationNameGenerator - [startingWith,41] - Generating unique operation named: removeUsingDELETE_14
16:01:54.243 [main] INFO  s.d.s.w.r.o.CachingOperationNameGenerator - [startingWith,41] - Generating unique operation named: listUsingGET_14
16:01:54.259 [main] INFO  s.d.s.w.r.o.CachingOperationNameGenerator - [startingWith,41] - Generating unique operation named: addUsingPOST_15
16:01:54.263 [main] INFO  s.d.s.w.r.o.CachingOperationNameGenerator - [startingWith,41] - Generating unique operation named: editUsingPUT_15
16:01:54.269 [main] INFO  s.d.s.w.r.o.CachingOperationNameGenerator - [startingWith,41] - Generating unique operation named: exportUsingGET_15
16:01:54.275 [main] INFO  s.d.s.w.r.o.CachingOperationNameGenerator - [startingWith,41] - Generating unique operation named: getInfoUsingGET_16
16:01:54.281 [main] INFO  s.d.s.w.r.o.CachingOperationNameGenerator - [startingWith,41] - Generating unique operation named: removeUsingDELETE_15
16:01:54.285 [main] INFO  s.d.s.w.r.o.CachingOperationNameGenerator - [startingWith,41] - Generating unique operation named: listUsingGET_15
16:01:54.295 [main] INFO  s.d.s.w.r.o.CachingOperationNameGenerator - [startingWith,41] - Generating unique operation named: addUsingPOST_16
16:01:54.301 [main] INFO  s.d.s.w.r.o.CachingOperationNameGenerator - [startingWith,41] - Generating unique operation named: editUsingPUT_16
16:01:54.307 [main] INFO  s.d.s.w.r.o.CachingOperationNameGenerator - [startingWith,41] - Generating unique operation named: exportUsingGET_16
16:01:54.310 [main] INFO  s.d.s.w.r.o.CachingOperationNameGenerator - [startingWith,41] - Generating unique operation named: getInfoUsingGET_17
16:01:54.313 [main] INFO  s.d.s.w.r.o.CachingOperationNameGenerator - [startingWith,41] - Generating unique operation named: removeUsingDELETE_16
16:01:54.318 [main] INFO  s.d.s.w.r.o.CachingOperationNameGenerator - [startingWith,41] - Generating unique operation named: listUsingGET_16
16:01:54.326 [main] INFO  s.d.s.w.r.o.CachingOperationNameGenerator - [startingWith,41] - Generating unique operation named: addUsingPOST_17
16:01:54.329 [main] INFO  s.d.s.w.r.o.CachingOperationNameGenerator - [startingWith,41] - Generating unique operation named: editUsingPUT_17
16:01:54.332 [main] INFO  s.d.s.w.r.o.CachingOperationNameGenerator - [startingWith,41] - Generating unique operation named: exportUsingGET_17
16:01:54.335 [main] INFO  s.d.s.w.r.o.CachingOperationNameGenerator - [startingWith,41] - Generating unique operation named: getInfoUsingGET_18
16:01:54.338 [main] INFO  s.d.s.w.r.o.CachingOperationNameGenerator - [startingWith,41] - Generating unique operation named: removeUsingDELETE_17
16:01:54.341 [main] INFO  s.d.s.w.r.o.CachingOperationNameGenerator - [startingWith,41] - Generating unique operation named: listUsingGET_17
16:01:54.347 [main] INFO  s.d.s.w.r.o.CachingOperationNameGenerator - [startingWith,41] - Generating unique operation named: addUsingPOST_18
16:01:54.350 [main] INFO  s.d.s.w.r.o.CachingOperationNameGenerator - [startingWith,41] - Generating unique operation named: editUsingPUT_18
16:01:54.357 [main] INFO  s.d.s.w.r.o.CachingOperationNameGenerator - [startingWith,41] - Generating unique operation named: exportUsingGET_18
16:01:54.359 [main] INFO  s.d.s.w.r.o.CachingOperationNameGenerator - [startingWith,41] - Generating unique operation named: getInfoUsingGET_19
16:01:54.362 [main] INFO  s.d.s.w.r.o.CachingOperationNameGenerator - [startingWith,41] - Generating unique operation named: removeUsingDELETE_18
16:01:54.363 [main] INFO  s.d.s.w.r.o.CachingOperationNameGenerator - [startingWith,41] - Generating unique operation named: listUsingGET_18
16:01:54.374 [main] INFO  s.d.s.w.r.o.CachingOperationNameGenerator - [startingWith,41] - Generating unique operation named: addUsingPOST_19
16:01:54.378 [main] INFO  s.d.s.w.r.o.CachingOperationNameGenerator - [startingWith,41] - Generating unique operation named: editUsingPUT_19
16:01:54.384 [main] INFO  s.d.s.w.r.o.CachingOperationNameGenerator - [startingWith,41] - Generating unique operation named: exportUsingGET_19
16:01:54.387 [main] INFO  s.d.s.w.r.o.CachingOperationNameGenerator - [startingWith,41] - Generating unique operation named: removeUsingDELETE_19
16:01:54.392 [main] INFO  s.d.s.w.r.o.CachingOperationNameGenerator - [startingWith,41] - Generating unique operation named: getInfoUsingGET_20
16:01:54.396 [main] INFO  s.d.s.w.r.o.CachingOperationNameGenerator - [startingWith,41] - Generating unique operation named: listUsingGET_19
16:01:54.402 [main] INFO  s.d.s.w.r.o.CachingOperationNameGenerator - [startingWith,41] - Generating unique operation named: addUsingPOST_20
16:01:54.405 [main] INFO  s.d.s.w.r.o.CachingOperationNameGenerator - [startingWith,41] - Generating unique operation named: editUsingPUT_20
16:01:54.409 [main] INFO  s.d.s.w.r.o.CachingOperationNameGenerator - [startingWith,41] - Generating unique operation named: exportUsingGET_20
16:01:54.413 [main] INFO  s.d.s.w.r.o.CachingOperationNameGenerator - [startingWith,41] - Generating unique operation named: getInfoUsingGET_21
16:01:54.416 [main] INFO  s.d.s.w.r.o.CachingOperationNameGenerator - [startingWith,41] - Generating unique operation named: removeUsingDELETE_20
16:01:54.420 [main] INFO  s.d.s.w.r.o.CachingOperationNameGenerator - [startingWith,41] - Generating unique operation named: listUsingGET_20
16:01:54.430 [main] INFO  s.d.s.w.r.o.CachingOperationNameGenerator - [startingWith,41] - Generating unique operation named: addUsingPOST_21
16:01:54.434 [main] INFO  s.d.s.w.r.o.CachingOperationNameGenerator - [startingWith,41] - Generating unique operation named: getInfoUsingGET_22
16:01:54.478 [main] INFO  s.d.s.w.r.o.CachingOperationNameGenerator - [startingWith,41] - Generating unique operation named: frontListUsingGET_8
16:01:54.509 [main] INFO  s.d.s.w.r.o.CachingOperationNameGenerator - [startingWith,41] - Generating unique operation named: addUsingPOST_22
16:01:54.512 [main] INFO  s.d.s.w.r.o.CachingOperationNameGenerator - [startingWith,41] - Generating unique operation named: editUsingPUT_21
16:01:54.516 [main] INFO  s.d.s.w.r.o.CachingOperationNameGenerator - [startingWith,41] - Generating unique operation named: exportUsingGET_21
16:01:54.518 [main] INFO  s.d.s.w.r.o.CachingOperationNameGenerator - [startingWith,41] - Generating unique operation named: getInfoUsingGET_23
16:01:54.519 [main] INFO  s.d.s.w.r.o.CachingOperationNameGenerator - [startingWith,41] - Generating unique operation named: removeUsingDELETE_21
16:01:54.522 [main] INFO  s.d.s.w.r.o.CachingOperationNameGenerator - [startingWith,41] - Generating unique operation named: listUsingGET_21
16:01:54.530 [main] INFO  s.d.s.w.r.o.CachingOperationNameGenerator - [startingWith,41] - Generating unique operation named: addUsingPOST_23
16:01:54.533 [main] INFO  s.d.s.w.r.o.CachingOperationNameGenerator - [startingWith,41] - Generating unique operation named: editUsingPUT_22
16:01:54.535 [main] INFO  s.d.s.w.r.o.CachingOperationNameGenerator - [startingWith,41] - Generating unique operation named: exportUsingGET_22
16:01:54.537 [main] INFO  s.d.s.w.r.o.CachingOperationNameGenerator - [startingWith,41] - Generating unique operation named: getInfoUsingGET_24
16:01:54.539 [main] INFO  s.d.s.w.r.o.CachingOperationNameGenerator - [startingWith,41] - Generating unique operation named: removeUsingDELETE_22
16:01:54.541 [main] INFO  s.d.s.w.r.o.CachingOperationNameGenerator - [startingWith,41] - Generating unique operation named: listUsingGET_22
16:01:54.549 [main] INFO  s.d.s.w.r.o.CachingOperationNameGenerator - [startingWith,41] - Generating unique operation named: addUsingPOST_24
16:01:54.553 [main] INFO  s.d.s.w.r.o.CachingOperationNameGenerator - [startingWith,41] - Generating unique operation named: editUsingPUT_23
16:01:54.557 [main] INFO  s.d.s.w.r.o.CachingOperationNameGenerator - [startingWith,41] - Generating unique operation named: exportUsingGET_23
16:01:54.560 [main] INFO  s.d.s.w.r.o.CachingOperationNameGenerator - [startingWith,41] - Generating unique operation named: getInfoUsingGET_25
16:01:54.563 [main] INFO  s.d.s.w.r.o.CachingOperationNameGenerator - [startingWith,41] - Generating unique operation named: removeUsingDELETE_23
16:01:54.566 [main] INFO  s.d.s.w.r.o.CachingOperationNameGenerator - [startingWith,41] - Generating unique operation named: listUsingGET_23
16:01:54.572 [main] INFO  s.d.s.w.r.o.CachingOperationNameGenerator - [startingWith,41] - Generating unique operation named: addUsingPOST_25
16:01:54.576 [main] INFO  s.d.s.w.r.o.CachingOperationNameGenerator - [startingWith,41] - Generating unique operation named: editUsingPUT_24
16:01:54.580 [main] INFO  s.d.s.w.r.o.CachingOperationNameGenerator - [startingWith,41] - Generating unique operation named: exportUsingGET_24
16:01:54.584 [main] INFO  s.d.s.w.r.o.CachingOperationNameGenerator - [startingWith,41] - Generating unique operation named: getInfoUsingGET_26
16:01:54.585 [main] INFO  s.d.s.w.r.o.CachingOperationNameGenerator - [startingWith,41] - Generating unique operation named: removeUsingDELETE_24
16:01:54.588 [main] INFO  s.d.s.w.r.o.CachingOperationNameGenerator - [startingWith,41] - Generating unique operation named: listUsingGET_24
16:01:54.590 [main] INFO  s.d.s.w.r.o.CachingOperationNameGenerator - [startingWith,41] - Generating unique operation named: addUsingPOST_26
16:01:54.592 [main] INFO  s.d.s.w.r.o.CachingOperationNameGenerator - [startingWith,41] - Generating unique operation named: editUsingPUT_25
16:01:54.594 [main] INFO  s.d.s.w.r.o.CachingOperationNameGenerator - [startingWith,41] - Generating unique operation named: exportUsingGET_25
16:01:54.596 [main] INFO  s.d.s.w.r.o.CachingOperationNameGenerator - [startingWith,41] - Generating unique operation named: getInfoUsingGET_27
16:01:54.599 [main] INFO  s.d.s.w.r.o.CachingOperationNameGenerator - [startingWith,41] - Generating unique operation named: removeUsingDELETE_25
16:01:54.601 [main] INFO  s.d.s.w.r.o.CachingOperationNameGenerator - [startingWith,41] - Generating unique operation named: listUsingGET_25
16:01:54.606 [main] INFO  s.d.s.w.r.o.CachingOperationNameGenerator - [startingWith,41] - Generating unique operation named: addUsingPOST_27
16:01:54.609 [main] INFO  s.d.s.w.r.o.CachingOperationNameGenerator - [startingWith,41] - Generating unique operation named: editUsingPUT_26
16:01:54.613 [main] INFO  s.d.s.w.r.o.CachingOperationNameGenerator - [startingWith,41] - Generating unique operation named: exportUsingGET_26
16:01:54.615 [main] INFO  s.d.s.w.r.o.CachingOperationNameGenerator - [startingWith,41] - Generating unique operation named: getInfoUsingGET_28
16:01:54.617 [main] INFO  s.d.s.w.r.o.CachingOperationNameGenerator - [startingWith,41] - Generating unique operation named: removeUsingDELETE_26
16:01:54.619 [main] INFO  s.d.s.w.r.o.CachingOperationNameGenerator - [startingWith,41] - Generating unique operation named: listUsingGET_26
16:01:54.624 [main] INFO  s.d.s.w.r.o.CachingOperationNameGenerator - [startingWith,41] - Generating unique operation named: addUsingPOST_28
16:01:54.626 [main] INFO  s.d.s.w.r.o.CachingOperationNameGenerator - [startingWith,41] - Generating unique operation named: editUsingPUT_27
16:01:54.629 [main] INFO  s.d.s.w.r.o.CachingOperationNameGenerator - [startingWith,41] - Generating unique operation named: exportUsingGET_27
16:01:54.631 [main] INFO  s.d.s.w.r.o.CachingOperationNameGenerator - [startingWith,41] - Generating unique operation named: getInfoUsingGET_29
16:01:54.633 [main] INFO  s.d.s.w.r.o.CachingOperationNameGenerator - [startingWith,41] - Generating unique operation named: removeUsingDELETE_27
16:01:54.635 [main] INFO  s.d.s.w.r.o.CachingOperationNameGenerator - [startingWith,41] - Generating unique operation named: listUsingGET_27
16:01:54.639 [main] INFO  s.d.s.w.r.o.CachingOperationNameGenerator - [startingWith,41] - Generating unique operation named: addUsingPOST_29
16:01:54.642 [main] INFO  s.d.s.w.r.o.CachingOperationNameGenerator - [startingWith,41] - Generating unique operation named: editUsingPUT_28
16:01:54.646 [main] INFO  s.d.s.w.r.o.CachingOperationNameGenerator - [startingWith,41] - Generating unique operation named: exportUsingGET_28
16:01:54.649 [main] INFO  s.d.s.w.r.o.CachingOperationNameGenerator - [startingWith,41] - Generating unique operation named: getInfoUsingGET_30
16:01:54.652 [main] INFO  s.d.s.w.r.o.CachingOperationNameGenerator - [startingWith,41] - Generating unique operation named: removeUsingDELETE_28
16:01:54.654 [main] INFO  s.d.s.w.r.o.CachingOperationNameGenerator - [startingWith,41] - Generating unique operation named: listUsingGET_28
16:01:54.683 [main] INFO  s.d.s.w.r.o.CachingOperationNameGenerator - [startingWith,41] - Generating unique operation named: exportUsingGET_29
16:01:54.686 [main] INFO  s.d.s.w.r.o.CachingOperationNameGenerator - [startingWith,41] - Generating unique operation named: listUsingGET_29
16:01:54.698 [main] INFO  s.d.s.w.r.o.CachingOperationNameGenerator - [startingWith,41] - Generating unique operation named: addUsingPOST_30
16:01:54.700 [main] INFO  s.d.s.w.r.o.CachingOperationNameGenerator - [startingWith,41] - Generating unique operation named: editUsingPUT_29
16:01:54.705 [main] INFO  s.d.s.w.r.o.CachingOperationNameGenerator - [startingWith,41] - Generating unique operation named: exportUsingGET_30
16:01:54.708 [main] INFO  s.d.s.w.r.o.CachingOperationNameGenerator - [startingWith,41] - Generating unique operation named: getInfoUsingGET_31
16:01:54.711 [main] INFO  s.d.s.w.r.o.CachingOperationNameGenerator - [startingWith,41] - Generating unique operation named: removeUsingDELETE_29
16:01:54.714 [main] INFO  s.d.s.w.r.o.CachingOperationNameGenerator - [startingWith,41] - Generating unique operation named: listUsingGET_30
16:01:54.718 [main] INFO  s.d.s.w.r.o.CachingOperationNameGenerator - [startingWith,41] - Generating unique operation named: addUsingPOST_31
16:01:54.721 [main] INFO  s.d.s.w.r.o.CachingOperationNameGenerator - [startingWith,41] - Generating unique operation named: editUsingPUT_30
16:01:54.725 [main] INFO  s.d.s.w.r.o.CachingOperationNameGenerator - [startingWith,41] - Generating unique operation named: exportUsingGET_31
16:01:54.729 [main] INFO  s.d.s.w.r.o.CachingOperationNameGenerator - [startingWith,41] - Generating unique operation named: getInfoUsingGET_32
16:01:54.732 [main] INFO  s.d.s.w.r.o.CachingOperationNameGenerator - [startingWith,41] - Generating unique operation named: removeUsingDELETE_30
16:01:54.735 [main] INFO  s.d.s.w.r.o.CachingOperationNameGenerator - [startingWith,41] - Generating unique operation named: listUsingGET_31
16:01:54.742 [main] INFO  s.d.s.w.r.o.CachingOperationNameGenerator - [startingWith,41] - Generating unique operation named: addUsingPOST_32
16:01:54.745 [main] INFO  s.d.s.w.r.o.CachingOperationNameGenerator - [startingWith,41] - Generating unique operation named: editUsingPUT_31
16:01:54.753 [main] INFO  s.d.s.w.r.o.CachingOperationNameGenerator - [startingWith,41] - Generating unique operation named: exportUsingGET_32
16:01:54.757 [main] INFO  s.d.s.w.r.o.CachingOperationNameGenerator - [startingWith,41] - Generating unique operation named: getInfoUsingGET_33
16:01:54.760 [main] INFO  s.d.s.w.r.o.CachingOperationNameGenerator - [startingWith,41] - Generating unique operation named: removeUsingDELETE_31
16:01:54.764 [main] INFO  s.d.s.w.r.o.CachingOperationNameGenerator - [startingWith,41] - Generating unique operation named: listUsingGET_32
16:01:54.775 [main] INFO  s.d.s.w.r.o.CachingOperationNameGenerator - [startingWith,41] - Generating unique operation named: addUsingPOST_33
16:01:54.779 [main] INFO  s.d.s.w.r.o.CachingOperationNameGenerator - [startingWith,41] - Generating unique operation named: editUsingPUT_32
16:01:54.792 [main] INFO  s.d.s.w.r.o.CachingOperationNameGenerator - [startingWith,41] - Generating unique operation named: exportUsingGET_33
16:01:54.795 [main] INFO  s.d.s.w.r.o.CachingOperationNameGenerator - [startingWith,41] - Generating unique operation named: getInfoUsingGET_34
16:01:54.797 [main] INFO  s.d.s.w.r.o.CachingOperationNameGenerator - [startingWith,41] - Generating unique operation named: removeUsingDELETE_32
16:01:54.801 [main] INFO  s.d.s.w.r.o.CachingOperationNameGenerator - [startingWith,41] - Generating unique operation named: listUsingGET_33
16:01:54.808 [main] INFO  s.d.s.w.r.o.CachingOperationNameGenerator - [startingWith,41] - Generating unique operation named: addUsingPOST_34
16:01:54.812 [main] INFO  s.d.s.w.r.o.CachingOperationNameGenerator - [startingWith,41] - Generating unique operation named: editUsingPUT_33
16:01:54.817 [main] INFO  s.d.s.w.r.o.CachingOperationNameGenerator - [startingWith,41] - Generating unique operation named: exportUsingGET_34
16:01:54.820 [main] INFO  s.d.s.w.r.o.CachingOperationNameGenerator - [startingWith,41] - Generating unique operation named: getInfoUsingGET_35
16:01:54.822 [main] INFO  s.d.s.w.r.o.CachingOperationNameGenerator - [startingWith,41] - Generating unique operation named: removeUsingDELETE_33
16:01:54.826 [main] INFO  s.d.s.w.r.o.CachingOperationNameGenerator - [startingWith,41] - Generating unique operation named: listUsingGET_34
16:01:54.832 [main] INFO  s.d.s.w.r.o.CachingOperationNameGenerator - [startingWith,41] - Generating unique operation named: addUsingPOST_35
16:01:54.836 [main] INFO  s.d.s.w.r.o.CachingOperationNameGenerator - [startingWith,41] - Generating unique operation named: editUsingPUT_34
16:01:54.845 [main] INFO  s.d.s.w.r.o.CachingOperationNameGenerator - [startingWith,41] - Generating unique operation named: exportUsingGET_35
16:01:54.848 [main] INFO  s.d.s.w.r.o.CachingOperationNameGenerator - [startingWith,41] - Generating unique operation named: getInfoUsingGET_36
16:01:54.851 [main] INFO  s.d.s.w.r.o.CachingOperationNameGenerator - [startingWith,41] - Generating unique operation named: removeUsingDELETE_34
16:01:54.862 [main] INFO  s.d.s.w.r.o.CachingOperationNameGenerator - [startingWith,41] - Generating unique operation named: listUsingGET_35
16:01:54.870 [main] INFO  s.d.s.w.r.o.CachingOperationNameGenerator - [startingWith,41] - Generating unique operation named: addUsingPOST_36
16:01:54.874 [main] INFO  s.d.s.w.r.o.CachingOperationNameGenerator - [startingWith,41] - Generating unique operation named: editUsingPUT_35
16:01:54.877 [main] INFO  s.d.s.w.r.o.CachingOperationNameGenerator - [startingWith,41] - Generating unique operation named: exportUsingGET_36
16:01:54.879 [main] INFO  s.d.s.w.r.o.CachingOperationNameGenerator - [startingWith,41] - Generating unique operation named: getInfoUsingGET_37
16:01:54.882 [main] INFO  s.d.s.w.r.o.CachingOperationNameGenerator - [startingWith,41] - Generating unique operation named: removeUsingDELETE_35
16:01:54.884 [main] INFO  s.d.s.w.r.o.CachingOperationNameGenerator - [startingWith,41] - Generating unique operation named: listUsingGET_36
16:01:54.890 [main] INFO  s.d.s.w.r.o.CachingOperationNameGenerator - [startingWith,41] - Generating unique operation named: addUsingPOST_37
16:01:54.894 [main] INFO  s.d.s.w.r.o.CachingOperationNameGenerator - [startingWith,41] - Generating unique operation named: editUsingPUT_36
16:01:54.899 [main] INFO  s.d.s.w.r.o.CachingOperationNameGenerator - [startingWith,41] - Generating unique operation named: exportUsingGET_37
16:01:54.902 [main] INFO  s.d.s.w.r.o.CachingOperationNameGenerator - [startingWith,41] - Generating unique operation named: getInfoUsingGET_38
16:01:54.904 [main] INFO  s.d.s.w.r.o.CachingOperationNameGenerator - [startingWith,41] - Generating unique operation named: removeUsingDELETE_36
16:01:54.908 [main] INFO  s.d.s.w.r.o.CachingOperationNameGenerator - [startingWith,41] - Generating unique operation named: listUsingGET_37
16:01:54.916 [main] INFO  s.d.s.w.r.o.CachingOperationNameGenerator - [startingWith,41] - Generating unique operation named: addUsingPOST_38
16:01:54.919 [main] INFO  s.d.s.w.r.o.CachingOperationNameGenerator - [startingWith,41] - Generating unique operation named: editUsingPUT_37
16:01:54.924 [main] INFO  s.d.s.w.r.o.CachingOperationNameGenerator - [startingWith,41] - Generating unique operation named: exportUsingGET_38
16:01:54.928 [main] INFO  s.d.s.w.r.o.CachingOperationNameGenerator - [startingWith,41] - Generating unique operation named: getInfoUsingGET_39
16:01:54.930 [main] INFO  s.d.s.w.r.o.CachingOperationNameGenerator - [startingWith,41] - Generating unique operation named: removeUsingDELETE_37
16:01:54.934 [main] INFO  s.d.s.w.r.o.CachingOperationNameGenerator - [startingWith,41] - Generating unique operation named: listUsingGET_38
16:01:54.941 [main] INFO  s.d.s.w.r.o.CachingOperationNameGenerator - [startingWith,41] - Generating unique operation named: addUsingPOST_39
16:01:54.944 [main] INFO  s.d.s.w.r.o.CachingOperationNameGenerator - [startingWith,41] - Generating unique operation named: editUsingPUT_38
16:01:54.949 [main] INFO  s.d.s.w.r.o.CachingOperationNameGenerator - [startingWith,41] - Generating unique operation named: exportUsingGET_39
16:01:54.953 [main] INFO  s.d.s.w.r.o.CachingOperationNameGenerator - [startingWith,41] - Generating unique operation named: getInfoUsingGET_40
16:01:54.970 [main] INFO  s.d.s.w.r.o.CachingOperationNameGenerator - [startingWith,41] - Generating unique operation named: removeUsingDELETE_38
16:01:54.979 [main] INFO  s.d.s.w.r.o.CachingOperationNameGenerator - [startingWith,41] - Generating unique operation named: listUsingGET_39
16:01:54.985 [main] INFO  s.d.s.w.r.o.CachingOperationNameGenerator - [startingWith,41] - Generating unique operation named: addUsingPOST_40
16:01:54.990 [main] INFO  s.d.s.w.r.o.CachingOperationNameGenerator - [startingWith,41] - Generating unique operation named: editUsingPUT_39
16:01:55.000 [main] INFO  s.d.s.w.r.o.CachingOperationNameGenerator - [startingWith,41] - Generating unique operation named: exportUsingGET_40
16:01:55.006 [main] INFO  s.d.s.w.r.o.CachingOperationNameGenerator - [startingWith,41] - Generating unique operation named: getInfoUsingGET_41
16:01:55.009 [main] INFO  s.d.s.w.r.o.CachingOperationNameGenerator - [startingWith,41] - Generating unique operation named: removeUsingDELETE_39
16:01:55.015 [main] INFO  s.d.s.w.r.o.CachingOperationNameGenerator - [startingWith,41] - Generating unique operation named: listUsingGET_40
16:01:55.021 [main] INFO  s.d.s.w.r.o.CachingOperationNameGenerator - [startingWith,41] - Generating unique operation named: addUsingPOST_41
16:01:55.024 [main] INFO  s.d.s.w.r.o.CachingOperationNameGenerator - [startingWith,41] - Generating unique operation named: editUsingPUT_40
16:01:55.028 [main] INFO  s.d.s.w.r.o.CachingOperationNameGenerator - [startingWith,41] - Generating unique operation named: exportUsingGET_41
16:01:55.032 [main] INFO  s.d.s.w.r.o.CachingOperationNameGenerator - [startingWith,41] - Generating unique operation named: getInfoUsingGET_42
16:01:55.035 [main] INFO  s.d.s.w.r.o.CachingOperationNameGenerator - [startingWith,41] - Generating unique operation named: removeUsingDELETE_40
16:01:55.041 [main] INFO  s.d.s.w.r.o.CachingOperationNameGenerator - [startingWith,41] - Generating unique operation named: listUsingGET_41
16:01:55.050 [main] INFO  s.d.s.w.r.o.CachingOperationNameGenerator - [startingWith,41] - Generating unique operation named: addUsingPOST_42
16:01:55.055 [main] INFO  s.d.s.w.r.o.CachingOperationNameGenerator - [startingWith,41] - Generating unique operation named: editUsingPUT_41
16:01:55.059 [main] INFO  s.d.s.w.r.o.CachingOperationNameGenerator - [startingWith,41] - Generating unique operation named: exportUsingGET_42
16:01:55.062 [main] INFO  s.d.s.w.r.o.CachingOperationNameGenerator - [startingWith,41] - Generating unique operation named: getInfoUsingGET_43
16:01:55.066 [main] INFO  s.d.s.w.r.o.CachingOperationNameGenerator - [startingWith,41] - Generating unique operation named: removeUsingDELETE_41
16:01:55.070 [main] INFO  s.d.s.w.r.o.CachingOperationNameGenerator - [startingWith,41] - Generating unique operation named: listUsingGET_42
16:01:55.078 [main] INFO  s.d.s.w.r.o.CachingOperationNameGenerator - [startingWith,41] - Generating unique operation named: addUsingPOST_43
16:01:55.083 [main] INFO  s.d.s.w.r.o.CachingOperationNameGenerator - [startingWith,41] - Generating unique operation named: editUsingPUT_42
16:01:55.091 [main] INFO  s.d.s.w.r.o.CachingOperationNameGenerator - [startingWith,41] - Generating unique operation named: exportUsingGET_43
16:01:55.096 [main] INFO  s.d.s.w.r.o.CachingOperationNameGenerator - [startingWith,41] - Generating unique operation named: getInfoUsingGET_44
16:01:55.100 [main] INFO  s.d.s.w.r.o.CachingOperationNameGenerator - [startingWith,41] - Generating unique operation named: removeUsingDELETE_42
16:01:55.109 [main] INFO  s.d.s.w.r.o.CachingOperationNameGenerator - [startingWith,41] - Generating unique operation named: listUsingGET_43
16:01:55.118 [main] INFO  s.d.s.w.r.o.CachingOperationNameGenerator - [startingWith,41] - Generating unique operation named: addUsingPOST_44
16:01:55.126 [main] INFO  s.d.s.w.r.o.CachingOperationNameGenerator - [startingWith,41] - Generating unique operation named: editUsingPUT_43
16:01:55.137 [main] INFO  s.d.s.w.r.o.CachingOperationNameGenerator - [startingWith,41] - Generating unique operation named: exportUsingGET_44
16:01:55.141 [main] INFO  s.d.s.w.r.o.CachingOperationNameGenerator - [startingWith,41] - Generating unique operation named: getInfoUsingGET_45
16:01:55.143 [main] INFO  s.d.s.w.r.o.CachingOperationNameGenerator - [startingWith,41] - Generating unique operation named: removeUsingDELETE_43
16:01:55.148 [main] INFO  s.d.s.w.r.o.CachingOperationNameGenerator - [startingWith,41] - Generating unique operation named: listUsingGET_44
16:01:55.153 [main] INFO  s.d.s.w.r.o.CachingOperationNameGenerator - [startingWith,41] - Generating unique operation named: addUsingPOST_45
16:01:55.158 [main] INFO  s.d.s.w.r.o.CachingOperationNameGenerator - [startingWith,41] - Generating unique operation named: editUsingPUT_44
16:01:55.162 [main] INFO  s.d.s.w.r.o.CachingOperationNameGenerator - [startingWith,41] - Generating unique operation named: exportUsingGET_45
16:01:55.165 [main] INFO  s.d.s.w.r.o.CachingOperationNameGenerator - [startingWith,41] - Generating unique operation named: getInfoUsingGET_46
16:01:55.167 [main] INFO  s.d.s.w.r.o.CachingOperationNameGenerator - [startingWith,41] - Generating unique operation named: removeUsingDELETE_44
16:01:55.170 [main] INFO  s.d.s.w.r.o.CachingOperationNameGenerator - [startingWith,41] - Generating unique operation named: listUsingGET_45
16:01:55.177 [main] INFO  s.d.s.w.r.o.CachingOperationNameGenerator - [startingWith,41] - Generating unique operation named: addUsingPOST_46
16:01:55.189 [main] INFO  s.d.s.w.r.o.CachingOperationNameGenerator - [startingWith,41] - Generating unique operation named: editUsingPUT_45
16:01:55.198 [main] INFO  s.d.s.w.r.o.CachingOperationNameGenerator - [startingWith,41] - Generating unique operation named: exportUsingGET_46
16:01:55.201 [main] INFO  s.d.s.w.r.o.CachingOperationNameGenerator - [startingWith,41] - Generating unique operation named: getInfoUsingGET_47
16:01:55.204 [main] INFO  s.d.s.w.r.o.CachingOperationNameGenerator - [startingWith,41] - Generating unique operation named: removeUsingDELETE_45
16:01:55.208 [main] INFO  s.d.s.w.r.o.CachingOperationNameGenerator - [startingWith,41] - Generating unique operation named: listUsingGET_46
16:01:55.212 [main] INFO  s.d.s.w.r.o.CachingOperationNameGenerator - [startingWith,41] - Generating unique operation named: addUsingPOST_47
16:01:55.215 [main] INFO  s.d.s.w.r.o.CachingOperationNameGenerator - [startingWith,41] - Generating unique operation named: editUsingPUT_46
16:01:55.217 [main] INFO  s.d.s.w.r.o.CachingOperationNameGenerator - [startingWith,41] - Generating unique operation named: exportUsingGET_47
16:01:55.220 [main] INFO  s.d.s.w.r.o.CachingOperationNameGenerator - [startingWith,41] - Generating unique operation named: getInfoUsingGET_48
16:01:55.223 [main] INFO  s.d.s.w.r.o.CachingOperationNameGenerator - [startingWith,41] - Generating unique operation named: removeUsingDELETE_46
16:01:55.226 [main] INFO  s.d.s.w.r.o.CachingOperationNameGenerator - [startingWith,41] - Generating unique operation named: listUsingGET_47
16:01:55.232 [main] INFO  s.d.s.w.r.o.CachingOperationNameGenerator - [startingWith,41] - Generating unique operation named: addUsingPOST_48
16:01:55.234 [main] INFO  s.d.s.w.r.o.CachingOperationNameGenerator - [startingWith,41] - Generating unique operation named: auditUsingPUT_1
16:01:55.237 [main] INFO  s.d.s.w.r.o.CachingOperationNameGenerator - [startingWith,41] - Generating unique operation named: editUsingPUT_47
16:01:55.246 [main] INFO  s.d.s.w.r.o.CachingOperationNameGenerator - [startingWith,41] - Generating unique operation named: exportUsingGET_48
16:01:55.249 [main] INFO  s.d.s.w.r.o.CachingOperationNameGenerator - [startingWith,41] - Generating unique operation named: getInfoUsingGET_49
16:01:55.251 [main] INFO  s.d.s.w.r.o.CachingOperationNameGenerator - [startingWith,41] - Generating unique operation named: removeUsingDELETE_47
16:01:55.253 [main] INFO  s.d.s.w.r.o.CachingOperationNameGenerator - [startingWith,41] - Generating unique operation named: submitUsingPUT_1
16:01:55.256 [main] INFO  s.d.s.w.r.o.CachingOperationNameGenerator - [startingWith,41] - Generating unique operation named: listUsingGET_48
16:01:55.259 [main] INFO  s.d.s.w.r.o.CachingOperationNameGenerator - [startingWith,41] - Generating unique operation named: list4AuditUsingGET_1
16:01:55.264 [main] INFO  s.d.s.w.r.o.CachingOperationNameGenerator - [startingWith,41] - Generating unique operation named: addUsingPOST_49
16:01:55.267 [main] INFO  s.d.s.w.r.o.CachingOperationNameGenerator - [startingWith,41] - Generating unique operation named: editUsingPUT_48
16:01:55.270 [main] INFO  s.d.s.w.r.o.CachingOperationNameGenerator - [startingWith,41] - Generating unique operation named: exportUsingGET_49
16:01:55.274 [main] INFO  s.d.s.w.r.o.CachingOperationNameGenerator - [startingWith,41] - Generating unique operation named: getInfoUsingGET_50
16:01:55.276 [main] INFO  s.d.s.w.r.o.CachingOperationNameGenerator - [startingWith,41] - Generating unique operation named: removeUsingDELETE_48
16:01:55.280 [main] INFO  s.d.s.w.r.o.CachingOperationNameGenerator - [startingWith,41] - Generating unique operation named: listUsingGET_49
16:01:55.288 [main] INFO  s.d.s.w.r.o.CachingOperationNameGenerator - [startingWith,41] - Generating unique operation named: addUsingPOST_50
16:01:55.291 [main] INFO  s.d.s.w.r.o.CachingOperationNameGenerator - [startingWith,41] - Generating unique operation named: editUsingPUT_49
16:01:55.297 [main] INFO  s.d.s.w.r.o.CachingOperationNameGenerator - [startingWith,41] - Generating unique operation named: exportUsingGET_50
16:01:55.300 [main] INFO  s.d.s.w.r.o.CachingOperationNameGenerator - [startingWith,41] - Generating unique operation named: getInfoUsingGET_51
16:01:55.305 [main] INFO  s.d.s.w.r.o.CachingOperationNameGenerator - [startingWith,41] - Generating unique operation named: removeUsingDELETE_49
16:01:55.308 [main] INFO  s.d.s.w.r.o.CachingOperationNameGenerator - [startingWith,41] - Generating unique operation named: listUsingGET_50
16:01:55.313 [main] INFO  s.d.s.w.r.o.CachingOperationNameGenerator - [startingWith,41] - Generating unique operation named: addUsingPOST_51
16:01:55.316 [main] INFO  s.d.s.w.r.o.CachingOperationNameGenerator - [startingWith,41] - Generating unique operation named: editUsingPUT_50
16:01:55.318 [main] INFO  s.d.s.w.r.o.CachingOperationNameGenerator - [startingWith,41] - Generating unique operation named: exportUsingGET_51
16:01:55.321 [main] INFO  s.d.s.w.r.o.CachingOperationNameGenerator - [startingWith,41] - Generating unique operation named: getInfoUsingGET_52
16:01:55.325 [main] INFO  s.d.s.w.r.o.CachingOperationNameGenerator - [startingWith,41] - Generating unique operation named: removeUsingDELETE_50
16:01:55.329 [main] INFO  s.d.s.w.r.o.CachingOperationNameGenerator - [startingWith,41] - Generating unique operation named: listUsingGET_51
16:01:55.334 [main] INFO  s.d.s.w.r.o.CachingOperationNameGenerator - [startingWith,41] - Generating unique operation named: addUsingPOST_52
16:01:55.336 [main] INFO  s.d.s.w.r.o.CachingOperationNameGenerator - [startingWith,41] - Generating unique operation named: editUsingPUT_51
16:01:55.340 [main] INFO  s.d.s.w.r.o.CachingOperationNameGenerator - [startingWith,41] - Generating unique operation named: exportUsingGET_52
16:01:55.343 [main] INFO  s.d.s.w.r.o.CachingOperationNameGenerator - [startingWith,41] - Generating unique operation named: getInfoUsingGET_53
16:01:55.347 [main] INFO  s.d.s.w.r.o.CachingOperationNameGenerator - [startingWith,41] - Generating unique operation named: removeUsingDELETE_51
16:01:55.351 [main] INFO  s.d.s.w.r.o.CachingOperationNameGenerator - [startingWith,41] - Generating unique operation named: listUsingGET_52
16:01:55.364 [main] INFO  s.d.s.w.r.o.CachingOperationNameGenerator - [startingWith,41] - Generating unique operation named: addUsingPOST_53
16:01:55.366 [main] INFO  s.d.s.w.r.o.CachingOperationNameGenerator - [startingWith,41] - Generating unique operation named: editUsingPUT_52
16:01:55.370 [main] INFO  s.d.s.w.r.o.CachingOperationNameGenerator - [startingWith,41] - Generating unique operation named: exportUsingGET_53
16:01:55.374 [main] INFO  s.d.s.w.r.o.CachingOperationNameGenerator - [startingWith,41] - Generating unique operation named: getInfoUsingGET_54
16:01:55.377 [main] INFO  s.d.s.w.r.o.CachingOperationNameGenerator - [startingWith,41] - Generating unique operation named: removeUsingDELETE_52
16:01:55.379 [main] INFO  s.d.s.w.r.o.CachingOperationNameGenerator - [startingWith,41] - Generating unique operation named: listUsingGET_53
16:01:55.386 [main] INFO  s.d.s.w.r.o.CachingOperationNameGenerator - [startingWith,41] - Generating unique operation named: addUsingPOST_54
16:01:55.390 [main] INFO  s.d.s.w.r.o.CachingOperationNameGenerator - [startingWith,41] - Generating unique operation named: auditUsingPUT_2
16:01:55.394 [main] INFO  s.d.s.w.r.o.CachingOperationNameGenerator - [startingWith,41] - Generating unique operation named: editUsingPUT_53
16:01:55.399 [main] INFO  s.d.s.w.r.o.CachingOperationNameGenerator - [startingWith,41] - Generating unique operation named: exportUsingGET_54
16:01:55.406 [main] INFO  s.d.s.w.r.o.CachingOperationNameGenerator - [startingWith,41] - Generating unique operation named: getInfoUsingGET_55
16:01:55.409 [main] INFO  s.d.s.w.r.o.CachingOperationNameGenerator - [startingWith,41] - Generating unique operation named: removeUsingDELETE_53
16:01:55.411 [main] INFO  s.d.s.w.r.o.CachingOperationNameGenerator - [startingWith,41] - Generating unique operation named: submitUsingPUT_2
16:01:55.415 [main] INFO  s.d.s.w.r.o.CachingOperationNameGenerator - [startingWith,41] - Generating unique operation named: listUsingGET_54
16:01:55.419 [main] INFO  s.d.s.w.r.o.CachingOperationNameGenerator - [startingWith,41] - Generating unique operation named: list4AuditUsingGET_2
16:01:55.425 [main] INFO  s.d.s.w.r.o.CachingOperationNameGenerator - [startingWith,41] - Generating unique operation named: addUsingPOST_55
16:01:55.428 [main] INFO  s.d.s.w.r.o.CachingOperationNameGenerator - [startingWith,41] - Generating unique operation named: editUsingPUT_54
16:01:55.430 [main] INFO  s.d.s.w.r.o.CachingOperationNameGenerator - [startingWith,41] - Generating unique operation named: exportUsingGET_55
16:01:55.433 [main] INFO  s.d.s.w.r.o.CachingOperationNameGenerator - [startingWith,41] - Generating unique operation named: getInfoUsingGET_56
16:01:55.435 [main] INFO  s.d.s.w.r.o.CachingOperationNameGenerator - [startingWith,41] - Generating unique operation named: removeUsingDELETE_54
16:01:55.438 [main] INFO  s.d.s.w.r.o.CachingOperationNameGenerator - [startingWith,41] - Generating unique operation named: listUsingGET_55
16:01:55.445 [main] INFO  s.d.s.w.r.o.CachingOperationNameGenerator - [startingWith,41] - Generating unique operation named: addUsingPOST_56
16:01:55.448 [main] INFO  s.d.s.w.r.o.CachingOperationNameGenerator - [startingWith,41] - Generating unique operation named: editUsingPUT_55
16:01:55.455 [main] INFO  s.d.s.w.r.o.CachingOperationNameGenerator - [startingWith,41] - Generating unique operation named: exportUsingGET_56
16:01:55.459 [main] INFO  s.d.s.w.r.o.CachingOperationNameGenerator - [startingWith,41] - Generating unique operation named: getInfoUsingGET_57
16:01:55.461 [main] INFO  s.d.s.w.r.o.CachingOperationNameGenerator - [startingWith,41] - Generating unique operation named: removeUsingDELETE_55
16:01:55.464 [main] INFO  s.d.s.w.r.o.CachingOperationNameGenerator - [startingWith,41] - Generating unique operation named: listUsingGET_56
16:01:55.469 [main] INFO  s.d.s.w.r.o.CachingOperationNameGenerator - [startingWith,41] - Generating unique operation named: addUsingPOST_57
16:01:55.473 [main] INFO  s.d.s.w.r.o.CachingOperationNameGenerator - [startingWith,41] - Generating unique operation named: editUsingPUT_56
16:01:55.476 [main] INFO  s.d.s.w.r.o.CachingOperationNameGenerator - [startingWith,41] - Generating unique operation named: exportUsingGET_57
16:01:55.479 [main] INFO  s.d.s.w.r.o.CachingOperationNameGenerator - [startingWith,41] - Generating unique operation named: getInfoUsingGET_58
16:01:55.482 [main] INFO  s.d.s.w.r.o.CachingOperationNameGenerator - [startingWith,41] - Generating unique operation named: removeUsingDELETE_56
16:01:55.486 [main] INFO  s.d.s.w.r.o.CachingOperationNameGenerator - [startingWith,41] - Generating unique operation named: listUsingGET_57
16:01:55.499 [main] INFO  s.d.s.w.r.o.CachingOperationNameGenerator - [startingWith,41] - Generating unique operation named: addUsingPOST_58
16:01:55.503 [main] INFO  s.d.s.w.r.o.CachingOperationNameGenerator - [startingWith,41] - Generating unique operation named: auditUsingPUT_3
16:01:55.505 [main] INFO  s.d.s.w.r.o.CachingOperationNameGenerator - [startingWith,41] - Generating unique operation named: editUsingPUT_57
16:01:55.513 [main] INFO  s.d.s.w.r.o.CachingOperationNameGenerator - [startingWith,41] - Generating unique operation named: exportUsingGET_58
16:01:55.516 [main] INFO  s.d.s.w.r.o.CachingOperationNameGenerator - [startingWith,41] - Generating unique operation named: getInfoUsingGET_59
16:01:55.519 [main] INFO  s.d.s.w.r.o.CachingOperationNameGenerator - [startingWith,41] - Generating unique operation named: removeUsingDELETE_57
16:01:55.522 [main] INFO  s.d.s.w.r.o.CachingOperationNameGenerator - [startingWith,41] - Generating unique operation named: submitUsingPUT_3
16:01:55.527 [main] INFO  s.d.s.w.r.o.CachingOperationNameGenerator - [startingWith,41] - Generating unique operation named: listUsingGET_58
16:01:55.531 [main] INFO  s.d.s.w.r.o.CachingOperationNameGenerator - [startingWith,41] - Generating unique operation named: list4AuditUsingGET_3
16:01:55.537 [main] INFO  s.d.s.w.r.o.CachingOperationNameGenerator - [startingWith,41] - Generating unique operation named: addUsingPOST_59
16:01:55.541 [main] INFO  s.d.s.w.r.o.CachingOperationNameGenerator - [startingWith,41] - Generating unique operation named: editUsingPUT_58
16:01:55.543 [main] INFO  s.d.s.w.r.o.CachingOperationNameGenerator - [startingWith,41] - Generating unique operation named: exportUsingGET_59
16:01:55.546 [main] INFO  s.d.s.w.r.o.CachingOperationNameGenerator - [startingWith,41] - Generating unique operation named: getInfoUsingGET_60
16:01:55.548 [main] INFO  s.d.s.w.r.o.CachingOperationNameGenerator - [startingWith,41] - Generating unique operation named: removeUsingDELETE_58
16:01:55.551 [main] INFO  s.d.s.w.r.o.CachingOperationNameGenerator - [startingWith,41] - Generating unique operation named: listUsingGET_59
16:01:55.559 [main] INFO  s.d.s.w.r.o.CachingOperationNameGenerator - [startingWith,41] - Generating unique operation named: addUsingPOST_60
16:01:55.562 [main] INFO  s.d.s.w.r.o.CachingOperationNameGenerator - [startingWith,41] - Generating unique operation named: auditUsingPUT_4
16:01:55.566 [main] INFO  s.d.s.w.r.o.CachingOperationNameGenerator - [startingWith,41] - Generating unique operation named: editUsingPUT_59
16:01:55.573 [main] INFO  s.d.s.w.r.o.CachingOperationNameGenerator - [startingWith,41] - Generating unique operation named: exportUsingGET_60
16:01:55.576 [main] INFO  s.d.s.w.r.o.CachingOperationNameGenerator - [startingWith,41] - Generating unique operation named: getInfoUsingGET_61
16:01:55.578 [main] INFO  s.d.s.w.r.o.CachingOperationNameGenerator - [startingWith,41] - Generating unique operation named: removeUsingDELETE_59
16:01:55.581 [main] INFO  s.d.s.w.r.o.CachingOperationNameGenerator - [startingWith,41] - Generating unique operation named: submitUsingPUT_4
16:01:55.584 [main] INFO  s.d.s.w.r.o.CachingOperationNameGenerator - [startingWith,41] - Generating unique operation named: listUsingGET_60
16:01:55.586 [main] INFO  s.d.s.w.r.o.CachingOperationNameGenerator - [startingWith,41] - Generating unique operation named: list4AuditUsingGET_4
16:01:55.593 [main] INFO  s.d.s.w.r.o.CachingOperationNameGenerator - [startingWith,41] - Generating unique operation named: addUsingPOST_61
16:01:55.595 [main] INFO  s.d.s.w.r.o.CachingOperationNameGenerator - [startingWith,41] - Generating unique operation named: editUsingPUT_60
16:01:55.598 [main] INFO  s.d.s.w.r.o.CachingOperationNameGenerator - [startingWith,41] - Generating unique operation named: exportUsingGET_61
16:01:55.601 [main] INFO  s.d.s.w.r.o.CachingOperationNameGenerator - [startingWith,41] - Generating unique operation named: getInfoUsingGET_62
16:01:55.604 [main] INFO  s.d.s.w.r.o.CachingOperationNameGenerator - [startingWith,41] - Generating unique operation named: removeUsingDELETE_60
16:01:55.607 [main] INFO  s.d.s.w.r.o.CachingOperationNameGenerator - [startingWith,41] - Generating unique operation named: listUsingGET_61
16:01:55.616 [main] INFO  s.d.s.w.r.o.CachingOperationNameGenerator - [startingWith,41] - Generating unique operation named: exportUsingGET_62
16:01:55.620 [main] INFO  s.d.s.w.r.o.CachingOperationNameGenerator - [startingWith,41] - Generating unique operation named: exportUsingGET_63
16:01:55.625 [main] INFO  s.d.s.w.r.o.CachingOperationNameGenerator - [startingWith,41] - Generating unique operation named: listUsingGET_62
16:01:55.629 [main] INFO  s.d.s.w.r.o.CachingOperationNameGenerator - [startingWith,41] - Generating unique operation named: listUsingGET_63
16:01:55.641 [main] INFO  s.d.s.w.r.o.CachingOperationNameGenerator - [startingWith,41] - Generating unique operation named: addUsingPOST_62
16:01:55.644 [main] INFO  s.d.s.w.r.o.CachingOperationNameGenerator - [startingWith,41] - Generating unique operation named: editUsingPUT_61
16:01:55.651 [main] INFO  s.d.s.w.r.o.CachingOperationNameGenerator - [startingWith,41] - Generating unique operation named: exportUsingGET_64
16:01:55.655 [main] INFO  s.d.s.w.r.o.CachingOperationNameGenerator - [startingWith,41] - Generating unique operation named: getInfoUsingGET_63
16:01:55.657 [main] INFO  s.d.s.w.r.o.CachingOperationNameGenerator - [startingWith,41] - Generating unique operation named: removeUsingDELETE_61
16:01:55.661 [main] INFO  s.d.s.w.r.o.CachingOperationNameGenerator - [startingWith,41] - Generating unique operation named: listUsingGET_64
16:01:55.665 [main] INFO  s.d.s.w.r.o.CachingOperationNameGenerator - [startingWith,41] - Generating unique operation named: addUsingPOST_63
16:01:55.667 [main] INFO  s.d.s.w.r.o.CachingOperationNameGenerator - [startingWith,41] - Generating unique operation named: editUsingPUT_62
16:01:55.669 [main] INFO  s.d.s.w.r.o.CachingOperationNameGenerator - [startingWith,41] - Generating unique operation named: exportUsingGET_65
16:01:55.673 [main] INFO  s.d.s.w.r.o.CachingOperationNameGenerator - [startingWith,41] - Generating unique operation named: getInfoUsingGET_64
16:01:55.675 [main] INFO  s.d.s.w.r.o.CachingOperationNameGenerator - [startingWith,41] - Generating unique operation named: removeUsingDELETE_62
16:01:55.678 [main] INFO  s.d.s.w.r.o.CachingOperationNameGenerator - [startingWith,41] - Generating unique operation named: listUsingGET_65
16:01:55.684 [main] INFO  s.d.s.w.r.o.CachingOperationNameGenerator - [startingWith,41] - Generating unique operation named: addUsingPOST_64
16:01:55.686 [main] INFO  s.d.s.w.r.o.CachingOperationNameGenerator - [startingWith,41] - Generating unique operation named: auditUsingPUT_5
16:01:55.689 [main] INFO  s.d.s.w.r.o.CachingOperationNameGenerator - [startingWith,41] - Generating unique operation named: editUsingPUT_63
16:01:55.694 [main] INFO  s.d.s.w.r.o.CachingOperationNameGenerator - [startingWith,41] - Generating unique operation named: exportUsingGET_66
16:01:55.697 [main] INFO  s.d.s.w.r.o.CachingOperationNameGenerator - [startingWith,41] - Generating unique operation named: getInfoUsingGET_65
16:01:55.699 [main] INFO  s.d.s.w.r.o.CachingOperationNameGenerator - [startingWith,41] - Generating unique operation named: removeUsingDELETE_63
16:01:55.701 [main] INFO  s.d.s.w.r.o.CachingOperationNameGenerator - [startingWith,41] - Generating unique operation named: submitUsingPUT_5
16:01:55.703 [main] INFO  s.d.s.w.r.o.CachingOperationNameGenerator - [startingWith,41] - Generating unique operation named: listUsingGET_66
16:01:55.705 [main] INFO  s.d.s.w.r.o.CachingOperationNameGenerator - [startingWith,41] - Generating unique operation named: list4AuditUsingGET_5
16:01:55.714 [main] INFO  s.d.s.w.r.o.CachingOperationNameGenerator - [startingWith,41] - Generating unique operation named: addUsingPOST_65
16:01:55.716 [main] INFO  s.d.s.w.r.o.CachingOperationNameGenerator - [startingWith,41] - Generating unique operation named: auditUsingPUT_6
16:01:55.718 [main] INFO  s.d.s.w.r.o.CachingOperationNameGenerator - [startingWith,41] - Generating unique operation named: editUsingPUT_64
16:01:55.726 [main] INFO  s.d.s.w.r.o.CachingOperationNameGenerator - [startingWith,41] - Generating unique operation named: exportUsingGET_67
16:01:55.734 [main] INFO  s.d.s.w.r.o.CachingOperationNameGenerator - [startingWith,41] - Generating unique operation named: getInfoUsingGET_66
16:01:55.735 [main] INFO  s.d.s.w.r.o.CachingOperationNameGenerator - [startingWith,41] - Generating unique operation named: removeUsingDELETE_64
16:01:55.737 [main] INFO  s.d.s.w.r.o.CachingOperationNameGenerator - [startingWith,41] - Generating unique operation named: submitUsingPUT_6
16:01:55.740 [main] INFO  s.d.s.w.r.o.CachingOperationNameGenerator - [startingWith,41] - Generating unique operation named: listUsingGET_67
16:01:55.743 [main] INFO  s.d.s.w.r.o.CachingOperationNameGenerator - [startingWith,41] - Generating unique operation named: list4AuditUsingGET_6
16:01:55.749 [main] INFO  s.d.s.w.r.o.CachingOperationNameGenerator - [startingWith,41] - Generating unique operation named: addUsingPOST_66
16:01:55.751 [main] INFO  s.d.s.w.r.o.CachingOperationNameGenerator - [startingWith,41] - Generating unique operation named: editUsingPUT_65
16:01:55.754 [main] INFO  s.d.s.w.r.o.CachingOperationNameGenerator - [startingWith,41] - Generating unique operation named: exportUsingGET_68
16:01:55.757 [main] INFO  s.d.s.w.r.o.CachingOperationNameGenerator - [startingWith,41] - Generating unique operation named: getInfoUsingGET_67
16:01:55.759 [main] INFO  s.d.s.w.r.o.CachingOperationNameGenerator - [startingWith,41] - Generating unique operation named: removeUsingDELETE_65
16:01:55.762 [main] INFO  s.d.s.w.r.o.CachingOperationNameGenerator - [startingWith,41] - Generating unique operation named: listUsingGET_68
16:01:55.768 [main] INFO  s.d.s.w.r.o.CachingOperationNameGenerator - [startingWith,41] - Generating unique operation named: addUsingPOST_67
16:01:55.771 [main] INFO  s.d.s.w.r.o.CachingOperationNameGenerator - [startingWith,41] - Generating unique operation named: editUsingPUT_66
16:01:55.775 [main] INFO  s.d.s.w.r.o.CachingOperationNameGenerator - [startingWith,41] - Generating unique operation named: exportUsingGET_69
16:01:55.778 [main] INFO  s.d.s.w.r.o.CachingOperationNameGenerator - [startingWith,41] - Generating unique operation named: getInfoUsingGET_68
16:01:55.781 [main] INFO  s.d.s.w.r.o.CachingOperationNameGenerator - [startingWith,41] - Generating unique operation named: removeUsingDELETE_66
16:01:55.785 [main] INFO  s.d.s.w.r.o.CachingOperationNameGenerator - [startingWith,41] - Generating unique operation named: listUsingGET_69
16:01:55.791 [main] INFO  s.d.s.w.r.o.CachingOperationNameGenerator - [startingWith,41] - Generating unique operation named: addUsingPOST_68
16:01:55.793 [main] INFO  s.d.s.w.r.o.CachingOperationNameGenerator - [startingWith,41] - Generating unique operation named: editUsingPUT_67
16:01:55.799 [main] INFO  s.d.s.w.r.o.CachingOperationNameGenerator - [startingWith,41] - Generating unique operation named: exportUsingGET_70
16:01:55.803 [main] INFO  s.d.s.w.r.o.CachingOperationNameGenerator - [startingWith,41] - Generating unique operation named: getInfoUsingGET_69
16:01:55.805 [main] INFO  s.d.s.w.r.o.CachingOperationNameGenerator - [startingWith,41] - Generating unique operation named: removeUsingDELETE_67
16:01:55.808 [main] INFO  s.d.s.w.r.o.CachingOperationNameGenerator - [startingWith,41] - Generating unique operation named: listUsingGET_70
16:01:55.814 [main] INFO  s.d.s.w.r.o.CachingOperationNameGenerator - [startingWith,41] - Generating unique operation named: addUsingPOST_69
16:01:55.816 [main] INFO  s.d.s.w.r.o.CachingOperationNameGenerator - [startingWith,41] - Generating unique operation named: editUsingPUT_68
16:01:55.819 [main] INFO  s.d.s.w.r.o.CachingOperationNameGenerator - [startingWith,41] - Generating unique operation named: exportUsingGET_71
16:01:55.822 [main] INFO  s.d.s.w.r.o.CachingOperationNameGenerator - [startingWith,41] - Generating unique operation named: getInfoUsingGET_70
16:01:55.828 [main] INFO  s.d.s.w.r.o.CachingOperationNameGenerator - [startingWith,41] - Generating unique operation named: removeUsingDELETE_68
16:01:55.832 [main] INFO  s.d.s.w.r.o.CachingOperationNameGenerator - [startingWith,41] - Generating unique operation named: listUsingGET_71
16:01:55.841 [main] INFO  s.d.s.w.r.o.CachingOperationNameGenerator - [startingWith,41] - Generating unique operation named: addUsingPOST_70
16:01:55.845 [main] INFO  s.d.s.w.r.o.CachingOperationNameGenerator - [startingWith,41] - Generating unique operation named: auditUsingPUT_7
16:01:55.849 [main] INFO  s.d.s.w.r.o.CachingOperationNameGenerator - [startingWith,41] - Generating unique operation named: editUsingPUT_69
16:01:55.858 [main] INFO  s.d.s.w.r.o.CachingOperationNameGenerator - [startingWith,41] - Generating unique operation named: exportUsingGET_72
16:01:55.862 [main] INFO  s.d.s.w.r.o.CachingOperationNameGenerator - [startingWith,41] - Generating unique operation named: getInfoUsingGET_71
16:01:55.864 [main] INFO  s.d.s.w.r.o.CachingOperationNameGenerator - [startingWith,41] - Generating unique operation named: removeUsingDELETE_69
16:01:55.867 [main] INFO  s.d.s.w.r.o.CachingOperationNameGenerator - [startingWith,41] - Generating unique operation named: submitUsingPUT_7
16:01:55.870 [main] INFO  s.d.s.w.r.o.CachingOperationNameGenerator - [startingWith,41] - Generating unique operation named: listUsingGET_72
16:01:55.874 [main] INFO  s.d.s.w.r.o.CachingOperationNameGenerator - [startingWith,41] - Generating unique operation named: list4AuditUsingGET_7
16:01:55.881 [main] INFO  s.d.s.w.r.o.CachingOperationNameGenerator - [startingWith,41] - Generating unique operation named: addUsingPOST_71
16:01:55.884 [main] INFO  s.d.s.w.r.o.CachingOperationNameGenerator - [startingWith,41] - Generating unique operation named: editUsingPUT_70
16:01:55.887 [main] INFO  s.d.s.w.r.o.CachingOperationNameGenerator - [startingWith,41] - Generating unique operation named: exportUsingGET_73
16:01:55.891 [main] INFO  s.d.s.w.r.o.CachingOperationNameGenerator - [startingWith,41] - Generating unique operation named: getInfoUsingGET_72
16:01:55.893 [main] INFO  s.d.s.w.r.o.CachingOperationNameGenerator - [startingWith,41] - Generating unique operation named: removeUsingDELETE_70
16:01:55.897 [main] INFO  s.d.s.w.r.o.CachingOperationNameGenerator - [startingWith,41] - Generating unique operation named: listUsingGET_73
16:01:55.904 [main] INFO  s.d.s.w.r.o.CachingOperationNameGenerator - [startingWith,41] - Generating unique operation named: addUsingPOST_72
16:01:55.908 [main] INFO  s.d.s.w.r.o.CachingOperationNameGenerator - [startingWith,41] - Generating unique operation named: editUsingPUT_71
16:01:55.917 [main] INFO  s.d.s.w.r.o.CachingOperationNameGenerator - [startingWith,41] - Generating unique operation named: exportUsingGET_74
16:01:55.922 [main] INFO  s.d.s.w.r.o.CachingOperationNameGenerator - [startingWith,41] - Generating unique operation named: getInfoUsingGET_73
16:01:55.932 [main] INFO  s.d.s.w.r.o.CachingOperationNameGenerator - [startingWith,41] - Generating unique operation named: removeUsingDELETE_71
16:01:55.936 [main] INFO  s.d.s.w.r.o.CachingOperationNameGenerator - [startingWith,41] - Generating unique operation named: listUsingGET_74
16:01:55.943 [main] INFO  s.d.s.w.r.o.CachingOperationNameGenerator - [startingWith,41] - Generating unique operation named: addUsingPOST_73
16:01:55.945 [main] INFO  s.d.s.w.r.o.CachingOperationNameGenerator - [startingWith,41] - Generating unique operation named: editUsingPUT_72
16:01:55.948 [main] INFO  s.d.s.w.r.o.CachingOperationNameGenerator - [startingWith,41] - Generating unique operation named: exportUsingGET_75
16:01:55.950 [main] INFO  s.d.s.w.r.o.CachingOperationNameGenerator - [startingWith,41] - Generating unique operation named: getInfoUsingGET_74
16:01:55.952 [main] INFO  s.d.s.w.r.o.CachingOperationNameGenerator - [startingWith,41] - Generating unique operation named: removeUsingDELETE_72
16:01:55.954 [main] INFO  s.d.s.w.r.o.CachingOperationNameGenerator - [startingWith,41] - Generating unique operation named: listUsingGET_75
16:01:55.960 [main] INFO  s.d.s.w.r.o.CachingOperationNameGenerator - [startingWith,41] - Generating unique operation named: exportUsingGET_76
16:01:55.964 [main] INFO  s.d.s.w.r.o.CachingOperationNameGenerator - [startingWith,41] - Generating unique operation named: exportUsingGET_77
16:01:55.971 [main] INFO  s.d.s.w.r.o.CachingOperationNameGenerator - [startingWith,41] - Generating unique operation named: listUsingGET_76
16:01:55.978 [main] INFO  s.d.s.w.r.o.CachingOperationNameGenerator - [startingWith,41] - Generating unique operation named: selectContractDeliveryReturnMonthReportUsingGET_1
16:01:55.980 [main] INFO  s.d.s.w.r.o.CachingOperationNameGenerator - [startingWith,41] - Generating unique operation named: selectContractDeliveryReturnQuarterReportUsingGET_1
16:01:55.989 [main] INFO  s.d.s.w.r.o.CachingOperationNameGenerator - [startingWith,41] - Generating unique operation named: addUsingPOST_74
16:01:55.994 [main] INFO  s.d.s.w.r.o.CachingOperationNameGenerator - [startingWith,41] - Generating unique operation named: editUsingPUT_73
16:01:55.998 [main] INFO  s.d.s.w.r.o.CachingOperationNameGenerator - [startingWith,41] - Generating unique operation named: exportUsingGET_78
16:01:56.000 [main] INFO  s.d.s.w.r.o.CachingOperationNameGenerator - [startingWith,41] - Generating unique operation named: getInfoUsingGET_75
16:01:56.002 [main] INFO  s.d.s.w.r.o.CachingOperationNameGenerator - [startingWith,41] - Generating unique operation named: removeUsingDELETE_73
16:01:56.004 [main] INFO  s.d.s.w.r.o.CachingOperationNameGenerator - [startingWith,41] - Generating unique operation named: listUsingGET_77
16:01:56.009 [main] INFO  s.d.s.w.r.o.CachingOperationNameGenerator - [startingWith,41] - Generating unique operation named: addUsingPOST_75
16:01:56.012 [main] INFO  s.d.s.w.r.o.CachingOperationNameGenerator - [startingWith,41] - Generating unique operation named: editUsingPUT_74
16:01:56.015 [main] INFO  s.d.s.w.r.o.CachingOperationNameGenerator - [startingWith,41] - Generating unique operation named: exportUsingGET_79
16:01:56.017 [main] INFO  s.d.s.w.r.o.CachingOperationNameGenerator - [startingWith,41] - Generating unique operation named: getInfoUsingGET_76
16:01:56.018 [main] INFO  s.d.s.w.r.o.CachingOperationNameGenerator - [startingWith,41] - Generating unique operation named: removeUsingDELETE_74
16:01:56.022 [main] INFO  s.d.s.w.r.o.CachingOperationNameGenerator - [startingWith,41] - Generating unique operation named: listUsingGET_78
16:01:56.047 [main] INFO  s.d.s.w.r.o.CachingOperationNameGenerator - [startingWith,41] - Generating unique operation named: editUsingPUT_75
16:01:56.065 [main] INFO  s.d.s.w.r.o.CachingOperationNameGenerator - [startingWith,41] - Generating unique operation named: exportUsingGET_80
16:01:56.069 [main] INFO  s.d.s.w.r.o.CachingOperationNameGenerator - [startingWith,41] - Generating unique operation named: getInfoUsingGET_77
16:01:56.073 [main] INFO  s.d.s.w.r.o.CachingOperationNameGenerator - [startingWith,41] - Generating unique operation named: listUsingGET_79
16:01:56.089 [main] INFO  s.d.s.w.r.o.CachingOperationNameGenerator - [startingWith,41] - Generating unique operation named: exportUsingGET_81
16:01:56.093 [main] INFO  s.d.s.w.r.o.CachingOperationNameGenerator - [startingWith,41] - Generating unique operation named: getInfoUsingGET_78
16:01:56.097 [main] INFO  s.d.s.w.r.o.CachingOperationNameGenerator - [startingWith,41] - Generating unique operation named: listUsingGET_80
16:01:56.102 [main] INFO  s.d.s.w.r.o.CachingOperationNameGenerator - [startingWith,41] - Generating unique operation named: reportByDayUsingGET_1
16:01:56.116 [main] INFO  s.d.s.w.r.o.CachingOperationNameGenerator - [startingWith,41] - Generating unique operation named: exportUsingGET_82
16:01:56.122 [main] INFO  s.d.s.w.r.o.CachingOperationNameGenerator - [startingWith,41] - Generating unique operation named: listUsingGET_81
16:01:56.130 [main] INFO  s.d.s.w.r.o.CachingOperationNameGenerator - [startingWith,41] - Generating unique operation named: exportUsingGET_83
16:01:56.134 [main] INFO  s.d.s.w.r.o.CachingOperationNameGenerator - [startingWith,41] - Generating unique operation named: listUsingGET_82
16:01:56.180 [main] INFO  s.d.s.w.r.o.CachingOperationNameGenerator - [startingWith,41] - Generating unique operation named: addUsingPOST_76
16:01:56.182 [main] INFO  s.d.s.w.r.o.CachingOperationNameGenerator - [startingWith,41] - Generating unique operation named: editUsingPUT_76
16:01:56.187 [main] INFO  s.d.s.w.r.o.CachingOperationNameGenerator - [startingWith,41] - Generating unique operation named: exportUsingGET_84
16:01:56.189 [main] INFO  s.d.s.w.r.o.CachingOperationNameGenerator - [startingWith,41] - Generating unique operation named: getInfoUsingGET_79
16:01:56.192 [main] INFO  s.d.s.w.r.o.CachingOperationNameGenerator - [startingWith,41] - Generating unique operation named: removeUsingDELETE_75
16:01:56.195 [main] INFO  s.d.s.w.r.o.CachingOperationNameGenerator - [startingWith,41] - Generating unique operation named: listUsingGET_83
16:01:56.201 [main] INFO  s.d.s.w.r.o.CachingOperationNameGenerator - [startingWith,41] - Generating unique operation named: exportUsingGET_85
16:01:56.205 [main] INFO  s.d.s.w.r.o.CachingOperationNameGenerator - [startingWith,41] - Generating unique operation named: listUsingGET_84
16:01:56.212 [main] INFO  s.d.s.w.r.o.CachingOperationNameGenerator - [startingWith,41] - Generating unique operation named: exportUsingGET_86
16:01:56.215 [main] INFO  s.d.s.w.r.o.CachingOperationNameGenerator - [startingWith,41] - Generating unique operation named: getInfoUsingGET_80
16:01:56.219 [main] INFO  s.d.s.w.r.o.CachingOperationNameGenerator - [startingWith,41] - Generating unique operation named: listUsingGET_85
16:01:56.224 [main] INFO  s.d.s.w.r.o.CachingOperationNameGenerator - [startingWith,41] - Generating unique operation named: exportUsingGET_87
16:01:56.227 [main] INFO  s.d.s.w.r.o.CachingOperationNameGenerator - [startingWith,41] - Generating unique operation named: getInfoUsingGET_81
16:01:56.231 [main] INFO  s.d.s.w.r.o.CachingOperationNameGenerator - [startingWith,41] - Generating unique operation named: listUsingGET_86
16:01:56.240 [main] INFO  s.d.s.w.r.o.CachingOperationNameGenerator - [startingWith,41] - Generating unique operation named: exportUsingGET_88
16:01:56.243 [main] INFO  s.d.s.w.r.o.CachingOperationNameGenerator - [startingWith,41] - Generating unique operation named: getInfoUsingGET_82
16:01:56.247 [main] INFO  s.d.s.w.r.o.CachingOperationNameGenerator - [startingWith,41] - Generating unique operation named: listUsingGET_87
16:01:56.256 [main] INFO  s.d.s.w.r.o.CachingOperationNameGenerator - [startingWith,41] - Generating unique operation named: addUsingPOST_77
16:01:56.259 [main] INFO  s.d.s.w.r.o.CachingOperationNameGenerator - [startingWith,41] - Generating unique operation named: auditUsingPUT_8
16:01:56.262 [main] INFO  s.d.s.w.r.o.CachingOperationNameGenerator - [startingWith,41] - Generating unique operation named: editUsingPUT_77
16:01:56.269 [main] INFO  s.d.s.w.r.o.CachingOperationNameGenerator - [startingWith,41] - Generating unique operation named: exportUsingGET_89
16:01:56.274 [main] INFO  s.d.s.w.r.o.CachingOperationNameGenerator - [startingWith,41] - Generating unique operation named: getInfoUsingGET_83
16:01:56.276 [main] INFO  s.d.s.w.r.o.CachingOperationNameGenerator - [startingWith,41] - Generating unique operation named: removeUsingDELETE_76
16:01:56.277 [main] INFO  s.d.s.w.r.o.CachingOperationNameGenerator - [startingWith,41] - Generating unique operation named: submitUsingPUT_8
16:01:56.282 [main] INFO  s.d.s.w.r.o.CachingOperationNameGenerator - [startingWith,41] - Generating unique operation named: listUsingGET_88
16:01:56.286 [main] INFO  s.d.s.w.r.o.CachingOperationNameGenerator - [startingWith,41] - Generating unique operation named: list4AuditUsingGET_8
16:01:56.293 [main] INFO  s.d.s.w.r.o.CachingOperationNameGenerator - [startingWith,41] - Generating unique operation named: addUsingPOST_78
16:01:56.297 [main] INFO  s.d.s.w.r.o.CachingOperationNameGenerator - [startingWith,41] - Generating unique operation named: editUsingPUT_78
16:01:56.301 [main] INFO  s.d.s.w.r.o.CachingOperationNameGenerator - [startingWith,41] - Generating unique operation named: exportUsingGET_90
16:01:56.308 [main] INFO  s.d.s.w.r.o.CachingOperationNameGenerator - [startingWith,41] - Generating unique operation named: getInfoUsingGET_84
16:01:56.312 [main] INFO  s.d.s.w.r.o.CachingOperationNameGenerator - [startingWith,41] - Generating unique operation named: removeUsingDELETE_77
16:01:56.316 [main] INFO  s.d.s.w.r.o.CachingOperationNameGenerator - [startingWith,41] - Generating unique operation named: listUsingGET_89
16:01:56.326 [main] INFO  s.d.s.w.r.o.CachingOperationNameGenerator - [startingWith,41] - Generating unique operation named: addUsingPOST_79
16:01:56.331 [main] INFO  s.d.s.w.r.o.CachingOperationNameGenerator - [startingWith,41] - Generating unique operation named: editUsingPUT_79
16:01:56.339 [main] INFO  s.d.s.w.r.o.CachingOperationNameGenerator - [startingWith,41] - Generating unique operation named: exportUsingGET_91
16:01:56.342 [main] INFO  s.d.s.w.r.o.CachingOperationNameGenerator - [startingWith,41] - Generating unique operation named: getInfoUsingGET_85
16:01:56.344 [main] INFO  s.d.s.w.r.o.CachingOperationNameGenerator - [startingWith,41] - Generating unique operation named: removeUsingDELETE_78
16:01:56.353 [main] INFO  s.d.s.w.r.o.CachingOperationNameGenerator - [startingWith,41] - Generating unique operation named: listUsingGET_90
16:01:56.360 [main] INFO  s.d.s.w.r.o.CachingOperationNameGenerator - [startingWith,41] - Generating unique operation named: addUsingPOST_80
16:01:56.371 [main] INFO  s.d.s.w.r.o.CachingOperationNameGenerator - [startingWith,41] - Generating unique operation named: editUsingPUT_80
16:01:56.375 [main] INFO  s.d.s.w.r.o.CachingOperationNameGenerator - [startingWith,41] - Generating unique operation named: exportUsingGET_92
16:01:56.377 [main] INFO  s.d.s.w.r.o.CachingOperationNameGenerator - [startingWith,41] - Generating unique operation named: getInfoUsingGET_86
16:01:56.378 [main] INFO  s.d.s.w.r.o.CachingOperationNameGenerator - [startingWith,41] - Generating unique operation named: removeUsingDELETE_79
16:01:56.382 [main] INFO  s.d.s.w.r.o.CachingOperationNameGenerator - [startingWith,41] - Generating unique operation named: listUsingGET_91
16:01:56.386 [main] INFO  s.d.s.w.r.o.CachingOperationNameGenerator - [startingWith,41] - Generating unique operation named: addUsingPOST_81
16:01:56.389 [main] INFO  s.d.s.w.r.o.CachingOperationNameGenerator - [startingWith,41] - Generating unique operation named: editUsingPUT_81
16:01:56.395 [main] INFO  s.d.s.w.r.o.CachingOperationNameGenerator - [startingWith,41] - Generating unique operation named: exportUsingGET_93
16:01:56.397 [main] INFO  s.d.s.w.r.o.CachingOperationNameGenerator - [startingWith,41] - Generating unique operation named: getInfoUsingGET_87
16:01:56.399 [main] INFO  s.d.s.w.r.o.CachingOperationNameGenerator - [startingWith,41] - Generating unique operation named: removeUsingDELETE_80
16:01:56.403 [main] INFO  s.d.s.w.r.o.CachingOperationNameGenerator - [startingWith,41] - Generating unique operation named: listUsingGET_92
16:01:56.408 [main] INFO  s.d.s.w.r.o.CachingOperationNameGenerator - [startingWith,41] - Generating unique operation named: addUsingPOST_82
16:01:56.411 [main] INFO  s.d.s.w.r.o.CachingOperationNameGenerator - [startingWith,41] - Generating unique operation named: editUsingPUT_82
16:01:56.413 [main] INFO  s.d.s.w.r.o.CachingOperationNameGenerator - [startingWith,41] - Generating unique operation named: exportUsingGET_94
16:01:56.416 [main] INFO  s.d.s.w.r.o.CachingOperationNameGenerator - [startingWith,41] - Generating unique operation named: getInfoUsingGET_88
16:01:56.418 [main] INFO  s.d.s.w.r.o.CachingOperationNameGenerator - [startingWith,41] - Generating unique operation named: removeUsingDELETE_81
16:01:56.419 [main] INFO  s.d.s.w.r.o.CachingOperationNameGenerator - [startingWith,41] - Generating unique operation named: listUsingGET_93
16:01:56.426 [main] INFO  s.d.s.w.r.o.CachingOperationNameGenerator - [startingWith,41] - Generating unique operation named: addUsingPOST_83
16:01:56.429 [main] INFO  s.d.s.w.r.o.CachingOperationNameGenerator - [startingWith,41] - Generating unique operation named: auditUsingPUT_9
16:01:56.431 [main] INFO  s.d.s.w.r.o.CachingOperationNameGenerator - [startingWith,41] - Generating unique operation named: editUsingPUT_83
16:01:56.437 [main] INFO  s.d.s.w.r.o.CachingOperationNameGenerator - [startingWith,41] - Generating unique operation named: exportUsingGET_95
16:01:56.440 [main] INFO  s.d.s.w.r.o.CachingOperationNameGenerator - [startingWith,41] - Generating unique operation named: getInfoUsingGET_89
16:01:56.445 [main] INFO  s.d.s.w.r.o.CachingOperationNameGenerator - [startingWith,41] - Generating unique operation named: removeUsingDELETE_82
16:01:56.447 [main] INFO  s.d.s.w.r.o.CachingOperationNameGenerator - [startingWith,41] - Generating unique operation named: submitUsingPUT_9
16:01:56.451 [main] INFO  s.d.s.w.r.o.CachingOperationNameGenerator - [startingWith,41] - Generating unique operation named: listUsingGET_94
16:01:56.455 [main] INFO  s.d.s.w.r.o.CachingOperationNameGenerator - [startingWith,41] - Generating unique operation named: list4AuditUsingGET_9
16:01:56.462 [main] INFO  s.d.s.w.r.o.CachingOperationNameGenerator - [startingWith,41] - Generating unique operation named: addUsingPOST_84
16:01:56.465 [main] INFO  s.d.s.w.r.o.CachingOperationNameGenerator - [startingWith,41] - Generating unique operation named: editUsingPUT_84
16:01:56.468 [main] INFO  s.d.s.w.r.o.CachingOperationNameGenerator - [startingWith,41] - Generating unique operation named: exportUsingGET_96
16:01:56.471 [main] INFO  s.d.s.w.r.o.CachingOperationNameGenerator - [startingWith,41] - Generating unique operation named: getInfoUsingGET_90
16:01:56.475 [main] INFO  s.d.s.w.r.o.CachingOperationNameGenerator - [startingWith,41] - Generating unique operation named: removeUsingDELETE_83
16:01:56.479 [main] INFO  s.d.s.w.r.o.CachingOperationNameGenerator - [startingWith,41] - Generating unique operation named: listUsingGET_95
16:01:56.485 [main] INFO  s.d.s.w.r.o.CachingOperationNameGenerator - [startingWith,41] - Generating unique operation named: addUsingPOST_85
16:01:56.488 [main] INFO  s.d.s.w.r.o.CachingOperationNameGenerator - [startingWith,41] - Generating unique operation named: editUsingPUT_85
16:01:56.495 [main] INFO  s.d.s.w.r.o.CachingOperationNameGenerator - [startingWith,41] - Generating unique operation named: exportUsingGET_97
16:01:56.498 [main] INFO  s.d.s.w.r.o.CachingOperationNameGenerator - [startingWith,41] - Generating unique operation named: getInfoUsingGET_91
16:01:56.501 [main] INFO  s.d.s.w.r.o.CachingOperationNameGenerator - [startingWith,41] - Generating unique operation named: listUsingGET_96
16:01:56.504 [main] INFO  s.d.s.w.r.o.CachingOperationNameGenerator - [startingWith,41] - Generating unique operation named: removeUsingDELETE_84
16:01:56.510 [main] INFO  s.d.s.w.r.o.CachingOperationNameGenerator - [startingWith,41] - Generating unique operation named: addUsingPOST_86
16:01:56.513 [main] INFO  s.d.s.w.r.o.CachingOperationNameGenerator - [startingWith,41] - Generating unique operation named: editUsingPUT_86
16:01:56.517 [main] INFO  s.d.s.w.r.o.CachingOperationNameGenerator - [startingWith,41] - Generating unique operation named: exportUsingGET_98
16:01:56.519 [main] INFO  s.d.s.w.r.o.CachingOperationNameGenerator - [startingWith,41] - Generating unique operation named: getInfoUsingGET_92
16:01:56.523 [main] INFO  s.d.s.w.r.o.CachingOperationNameGenerator - [startingWith,41] - Generating unique operation named: removeUsingDELETE_85
16:01:56.526 [main] INFO  s.d.s.w.r.o.CachingOperationNameGenerator - [startingWith,41] - Generating unique operation named: listUsingGET_97
16:01:56.532 [main] INFO  s.d.s.w.r.o.CachingOperationNameGenerator - [startingWith,41] - Generating unique operation named: addUsingPOST_87
16:01:56.535 [main] INFO  s.d.s.w.r.o.CachingOperationNameGenerator - [startingWith,41] - Generating unique operation named: editUsingPUT_87
16:01:56.540 [main] INFO  s.d.s.w.r.o.CachingOperationNameGenerator - [startingWith,41] - Generating unique operation named: exportUsingGET_99
16:01:56.543 [main] INFO  s.d.s.w.r.o.CachingOperationNameGenerator - [startingWith,41] - Generating unique operation named: getInfoUsingGET_93
16:01:56.547 [main] INFO  s.d.s.w.r.o.CachingOperationNameGenerator - [startingWith,41] - Generating unique operation named: removeUsingDELETE_86
16:01:56.550 [main] INFO  s.d.s.w.r.o.CachingOperationNameGenerator - [startingWith,41] - Generating unique operation named: listUsingGET_98
16:01:56.558 [main] INFO  s.d.s.w.r.o.CachingOperationNameGenerator - [startingWith,41] - Generating unique operation named: addUsingPOST_88
16:01:56.561 [main] INFO  s.d.s.w.r.o.CachingOperationNameGenerator - [startingWith,41] - Generating unique operation named: auditUsingPUT_10
16:01:56.569 [main] INFO  s.d.s.w.r.o.CachingOperationNameGenerator - [startingWith,41] - Generating unique operation named: editUsingPUT_88
16:01:56.579 [main] INFO  s.d.s.w.r.o.CachingOperationNameGenerator - [startingWith,41] - Generating unique operation named: exportUsingGET_100
16:01:56.582 [main] INFO  s.d.s.w.r.o.CachingOperationNameGenerator - [startingWith,41] - Generating unique operation named: getInfoUsingGET_94
16:01:56.589 [main] INFO  s.d.s.w.r.o.CachingOperationNameGenerator - [startingWith,41] - Generating unique operation named: removeUsingDELETE_87
16:01:56.592 [main] INFO  s.d.s.w.r.o.CachingOperationNameGenerator - [startingWith,41] - Generating unique operation named: submitUsingPUT_10
16:01:56.595 [main] INFO  s.d.s.w.r.o.CachingOperationNameGenerator - [startingWith,41] - Generating unique operation named: listUsingGET_99
16:01:56.599 [main] INFO  s.d.s.w.r.o.CachingOperationNameGenerator - [startingWith,41] - Generating unique operation named: list4AuditUsingGET_10
16:01:56.607 [main] INFO  s.d.s.w.r.o.CachingOperationNameGenerator - [startingWith,41] - Generating unique operation named: addUsingPOST_89
16:01:56.610 [main] INFO  s.d.s.w.r.o.CachingOperationNameGenerator - [startingWith,41] - Generating unique operation named: editUsingPUT_89
16:01:56.614 [main] INFO  s.d.s.w.r.o.CachingOperationNameGenerator - [startingWith,41] - Generating unique operation named: exportUsingGET_101
16:01:56.618 [main] INFO  s.d.s.w.r.o.CachingOperationNameGenerator - [startingWith,41] - Generating unique operation named: getInfoUsingGET_95
16:01:56.622 [main] INFO  s.d.s.w.r.o.CachingOperationNameGenerator - [startingWith,41] - Generating unique operation named: removeUsingDELETE_88
16:01:56.625 [main] INFO  s.d.s.w.r.o.CachingOperationNameGenerator - [startingWith,41] - Generating unique operation named: listUsingGET_100
16:01:56.634 [main] INFO  s.d.s.w.r.o.CachingOperationNameGenerator - [startingWith,41] - Generating unique operation named: addUsingPOST_90
16:01:56.638 [main] INFO  s.d.s.w.r.o.CachingOperationNameGenerator - [startingWith,41] - Generating unique operation named: editUsingPUT_90
16:01:56.644 [main] INFO  s.d.s.w.r.o.CachingOperationNameGenerator - [startingWith,41] - Generating unique operation named: exportUsingGET_102
16:01:56.647 [main] INFO  s.d.s.w.r.o.CachingOperationNameGenerator - [startingWith,41] - Generating unique operation named: getInfoUsingGET_96
16:01:56.651 [main] INFO  s.d.s.w.r.o.CachingOperationNameGenerator - [startingWith,41] - Generating unique operation named: removeUsingDELETE_89
16:01:56.655 [main] INFO  s.d.s.w.r.o.CachingOperationNameGenerator - [startingWith,41] - Generating unique operation named: listUsingGET_101
16:01:56.662 [main] INFO  s.d.s.w.r.o.CachingOperationNameGenerator - [startingWith,41] - Generating unique operation named: addUsingPOST_91
16:01:56.666 [main] INFO  s.d.s.w.r.o.CachingOperationNameGenerator - [startingWith,41] - Generating unique operation named: auditUsingPUT_11
16:01:56.669 [main] INFO  s.d.s.w.r.o.CachingOperationNameGenerator - [startingWith,41] - Generating unique operation named: editUsingPUT_91
16:01:56.676 [main] INFO  s.d.s.w.r.o.CachingOperationNameGenerator - [startingWith,41] - Generating unique operation named: exportUsingGET_103
16:01:56.683 [main] INFO  s.d.s.w.r.o.CachingOperationNameGenerator - [startingWith,41] - Generating unique operation named: getInfoUsingGET_97
16:01:56.687 [main] INFO  s.d.s.w.r.o.CachingOperationNameGenerator - [startingWith,41] - Generating unique operation named: removeUsingDELETE_90
16:01:56.690 [main] INFO  s.d.s.w.r.o.CachingOperationNameGenerator - [startingWith,41] - Generating unique operation named: submitUsingPUT_11
16:01:56.694 [main] INFO  s.d.s.w.r.o.CachingOperationNameGenerator - [startingWith,41] - Generating unique operation named: listUsingGET_102
16:01:56.698 [main] INFO  s.d.s.w.r.o.CachingOperationNameGenerator - [startingWith,41] - Generating unique operation named: list4AuditUsingGET_11
16:01:56.706 [main] INFO  s.d.s.w.r.o.CachingOperationNameGenerator - [startingWith,41] - Generating unique operation named: addUsingPOST_92
16:01:56.709 [main] INFO  s.d.s.w.r.o.CachingOperationNameGenerator - [startingWith,41] - Generating unique operation named: editUsingPUT_92
16:01:56.714 [main] INFO  s.d.s.w.r.o.CachingOperationNameGenerator - [startingWith,41] - Generating unique operation named: exportUsingGET_104
16:01:56.718 [main] INFO  s.d.s.w.r.o.CachingOperationNameGenerator - [startingWith,41] - Generating unique operation named: getInfoUsingGET_98
16:01:56.722 [main] INFO  s.d.s.w.r.o.CachingOperationNameGenerator - [startingWith,41] - Generating unique operation named: removeUsingDELETE_91
16:01:56.725 [main] INFO  s.d.s.w.r.o.CachingOperationNameGenerator - [startingWith,41] - Generating unique operation named: listUsingGET_103
16:01:56.732 [main] INFO  s.d.s.w.r.o.CachingOperationNameGenerator - [startingWith,41] - Generating unique operation named: addUsingPOST_93
16:01:56.738 [main] INFO  s.d.s.w.r.o.CachingOperationNameGenerator - [startingWith,41] - Generating unique operation named: editUsingPUT_93
16:01:56.743 [main] INFO  s.d.s.w.r.o.CachingOperationNameGenerator - [startingWith,41] - Generating unique operation named: exportUsingGET_105
16:01:56.747 [main] INFO  s.d.s.w.r.o.CachingOperationNameGenerator - [startingWith,41] - Generating unique operation named: getInfoUsingGET_99
16:01:56.751 [main] INFO  s.d.s.w.r.o.CachingOperationNameGenerator - [startingWith,41] - Generating unique operation named: removeUsingDELETE_92
16:01:56.755 [main] INFO  s.d.s.w.r.o.CachingOperationNameGenerator - [startingWith,41] - Generating unique operation named: listUsingGET_104
16:01:56.760 [main] INFO  s.d.s.w.r.o.CachingOperationNameGenerator - [startingWith,41] - Generating unique operation named: addUsingPOST_94
16:01:56.763 [main] INFO  s.d.s.w.r.o.CachingOperationNameGenerator - [startingWith,41] - Generating unique operation named: editUsingPUT_94
16:01:56.766 [main] INFO  s.d.s.w.r.o.CachingOperationNameGenerator - [startingWith,41] - Generating unique operation named: exportUsingGET_106
16:01:56.770 [main] INFO  s.d.s.w.r.o.CachingOperationNameGenerator - [startingWith,41] - Generating unique operation named: getInfoUsingGET_100
16:01:56.773 [main] INFO  s.d.s.w.r.o.CachingOperationNameGenerator - [startingWith,41] - Generating unique operation named: removeUsingDELETE_93
16:01:56.776 [main] INFO  s.d.s.w.r.o.CachingOperationNameGenerator - [startingWith,41] - Generating unique operation named: listUsingGET_105
16:01:56.780 [main] INFO  s.d.s.w.r.o.CachingOperationNameGenerator - [startingWith,41] - Generating unique operation named: addUsingPOST_95
16:01:56.783 [main] INFO  s.d.s.w.r.o.CachingOperationNameGenerator - [startingWith,41] - Generating unique operation named: editUsingPUT_95
16:01:56.794 [main] INFO  s.d.s.w.r.o.CachingOperationNameGenerator - [startingWith,41] - Generating unique operation named: exportUsingGET_107
16:01:56.797 [main] INFO  s.d.s.w.r.o.CachingOperationNameGenerator - [startingWith,41] - Generating unique operation named: getInfoUsingGET_101
16:01:56.800 [main] INFO  s.d.s.w.r.o.CachingOperationNameGenerator - [startingWith,41] - Generating unique operation named: removeUsingDELETE_94
16:01:56.802 [main] INFO  s.d.s.w.r.o.CachingOperationNameGenerator - [startingWith,41] - Generating unique operation named: listUsingGET_106
16:01:56.807 [main] INFO  s.d.s.w.r.o.CachingOperationNameGenerator - [startingWith,41] - Generating unique operation named: addUsingPOST_96
16:01:56.809 [main] INFO  s.d.s.w.r.o.CachingOperationNameGenerator - [startingWith,41] - Generating unique operation named: editUsingPUT_96
16:01:56.817 [main] INFO  s.d.s.w.r.o.CachingOperationNameGenerator - [startingWith,41] - Generating unique operation named: exportUsingGET_108
16:01:56.821 [main] INFO  s.d.s.w.r.o.CachingOperationNameGenerator - [startingWith,41] - Generating unique operation named: getInfoUsingGET_102
16:01:56.824 [main] INFO  s.d.s.w.r.o.CachingOperationNameGenerator - [startingWith,41] - Generating unique operation named: removeUsingDELETE_95
16:01:56.828 [main] INFO  s.d.s.w.r.o.CachingOperationNameGenerator - [startingWith,41] - Generating unique operation named: listUsingGET_107
16:01:56.834 [main] INFO  s.d.s.w.r.o.CachingOperationNameGenerator - [startingWith,41] - Generating unique operation named: addUsingPOST_97
16:01:56.837 [main] INFO  s.d.s.w.r.o.CachingOperationNameGenerator - [startingWith,41] - Generating unique operation named: editUsingPUT_97
16:01:56.841 [main] INFO  s.d.s.w.r.o.CachingOperationNameGenerator - [startingWith,41] - Generating unique operation named: exportUsingGET_109
16:01:56.843 [main] INFO  s.d.s.w.r.o.CachingOperationNameGenerator - [startingWith,41] - Generating unique operation named: getInfoUsingGET_103
16:01:56.846 [main] INFO  s.d.s.w.r.o.CachingOperationNameGenerator - [startingWith,41] - Generating unique operation named: removeUsingDELETE_96
16:01:56.848 [main] INFO  s.d.s.w.r.o.CachingOperationNameGenerator - [startingWith,41] - Generating unique operation named: listUsingGET_108
16:01:56.855 [main] INFO  s.d.s.w.r.o.CachingOperationNameGenerator - [startingWith,41] - Generating unique operation named: addUsingPOST_98
16:01:56.860 [main] INFO  s.d.s.w.r.o.CachingOperationNameGenerator - [startingWith,41] - Generating unique operation named: editUsingPUT_98
16:01:56.864 [main] INFO  s.d.s.w.r.o.CachingOperationNameGenerator - [startingWith,41] - Generating unique operation named: exportUsingGET_110
16:01:56.867 [main] INFO  s.d.s.w.r.o.CachingOperationNameGenerator - [startingWith,41] - Generating unique operation named: getInfoUsingGET_104
16:01:56.875 [main] INFO  s.d.s.w.r.o.CachingOperationNameGenerator - [startingWith,41] - Generating unique operation named: removeUsingDELETE_97
16:01:56.878 [main] INFO  s.d.s.w.r.o.CachingOperationNameGenerator - [startingWith,41] - Generating unique operation named: listUsingGET_109
16:01:56.885 [main] INFO  s.d.s.w.r.o.CachingOperationNameGenerator - [startingWith,41] - Generating unique operation named: addUsingPOST_99
16:01:56.890 [main] INFO  s.d.s.w.r.o.CachingOperationNameGenerator - [startingWith,41] - Generating unique operation named: editUsingPUT_99
16:01:56.894 [main] INFO  s.d.s.w.r.o.CachingOperationNameGenerator - [startingWith,41] - Generating unique operation named: exportUsingGET_111
16:01:56.898 [main] INFO  s.d.s.w.r.o.CachingOperationNameGenerator - [startingWith,41] - Generating unique operation named: getInfoUsingGET_105
16:01:56.900 [main] INFO  s.d.s.w.r.o.CachingOperationNameGenerator - [startingWith,41] - Generating unique operation named: removeUsingDELETE_98
16:01:56.904 [main] INFO  s.d.s.w.r.o.CachingOperationNameGenerator - [startingWith,41] - Generating unique operation named: listUsingGET_110
16:01:56.930 [main] INFO  o.a.c.h.Http11NioProtocol - [log,173] - Starting ProtocolHandler ["http-nio-9090"]
16:01:56.967 [main] INFO  c.neu.NeuApplication - [logStarted,61] - Started NeuApplication in 21.635 seconds (JVM running for 22.307)
16:01:57.960 [Quartz Scheduler [RuoyiScheduler]] INFO  o.q.c.QuartzScheduler - [start,547] - Scheduler RuoyiScheduler_$_LAPTOP-802K4BVQ1778745708025 started.
16:02:37.837 [http-nio-9090-exec-5] INFO  o.a.c.c.C.[.[.[/] - [log,173] - Initializing Spring DispatcherServlet 'dispatcherServlet'
16:06:27.960 [schedule-pool-1] INFO  sys-user - [run,56] - [127.0.0.1]鍐呯綉IP[admin][Success][鐧诲綍鎴愬姛]
16:06:39.190 [schedule-pool-1] INFO  sys-user - [run,56] - [127.0.0.1]鍐呯綉IP[admin][Success][鐧诲綍鎴愬姛]
16:07:15.970 [schedule-pool-2] INFO  sys-user - [run,56] - [127.0.0.1]鍐呯綉IP[admin][Success][鐧诲綍鎴愬姛]
16:07:59.554 [background-preinit] INFO  o.h.v.i.util.Version - [<clinit>,21] - HV000001: Hibernate Validator 6.0.21.Final
16:07:59.572 [main] INFO  c.neu.NeuApplication - [logStarting,55] - Starting NeuApplication on LAPTOP-802K4BVQ with PID 20416 (D:\Users\002\Desktop\后端\neu-admin\target\carbon.jar started by 002 in C:\Users\002\.openclaw\workspace)
16:07:59.573 [main] INFO  c.neu.NeuApplication - [logStartupProfileInfo,655] - The following profiles are active: druid
16:08:03.226 [main] INFO  o.a.c.h.Http11NioProtocol - [log,173] - Initializing ProtocolHandler ["http-nio-9090"]
16:08:03.227 [main] INFO  o.a.c.c.StandardService - [log,173] - Starting service [Tomcat]
16:08:03.228 [main] INFO  o.a.c.c.StandardEngine - [log,173] - Starting Servlet engine: [Apache Tomcat/9.0.41]
16:08:03.327 [main] INFO  o.a.c.c.C.[.[.[/] - [log,173] - Initializing Spring embedded WebApplicationContext
16:08:06.973 [main] INFO  c.a.d.p.DruidDataSource - [init,985] - {dataSource-1} inited
16:08:07.340 [main] INFO  i.l.c.EpollProvider - [<clinit>,68] - Starting without optional epoll library
16:08:07.342 [main] INFO  i.l.c.KqueueProvider - [<clinit>,70] - Starting without optional kqueue library
16:08:09.853 [main] INFO  o.q.i.StdSchedulerFactory - [instantiate,1220] - Using default implementation for ThreadExecutor
16:08:09.876 [main] INFO  o.q.c.SchedulerSignalerImpl - [<init>,61] - Initialized Scheduler Signaller of type: class org.quartz.core.SchedulerSignalerImpl
16:08:09.877 [main] INFO  o.q.c.QuartzScheduler - [<init>,229] - Quartz Scheduler v.2.3.2 created.
16:08:09.886 [main] INFO  o.q.c.QuartzScheduler - [initialize,294] - Scheduler meta-data: Quartz Scheduler (v2.3.2) 'RuoyiScheduler' with instanceId 'LAPTOP-802K4BVQ1778746089855'
  Scheduler class: 'org.quartz.core.QuartzScheduler' - running locally.
  NOT STARTED.
  Currently in standby mode.
  Number of jobs executed: 0
  Using thread pool 'org.quartz.simpl.SimpleThreadPool' - with 20 threads.
  Using job-store 'org.springframework.scheduling.quartz.LocalDataSourceJobStore' - which supports persistence. and is clustered.

16:08:09.887 [main] INFO  o.q.i.StdSchedulerFactory - [instantiate,1374] - Quartz scheduler 'RuoyiScheduler' initialized from an externally provided properties instance.
16:08:09.887 [main] INFO  o.q.i.StdSchedulerFactory - [instantiate,1378] - Quartz scheduler version: 2.3.2
16:08:09.889 [main] INFO  o.q.c.QuartzScheduler - [setJobFactory,2293] - JobFactory set to: org.springframework.scheduling.quartz.AdaptableJobFactory@36b6964d
16:08:12.375 [main] INFO  s.d.s.w.WebMvcPropertySourcedRequestMappingHandlerMapping - [initHandlerMethods,69] - Mapped URL path [/v2/api-docs] onto method [springfox.documentation.swagger2.web.Swagger2ControllerWebMvc#getDocumentation(String, HttpServletRequest)]
16:08:13.442 [main] INFO  s.d.s.w.p.DocumentationPluginsBootstrapper - [start,93] - Documentation plugins bootstrapped
16:08:13.447 [main] INFO  s.d.s.w.p.DocumentationPluginsBootstrapper - [bootstrapDocumentationPlugins,79] - Found 1 custom documentation plugin(s)
16:08:13.771 [main] INFO  s.d.s.w.s.ApiListingReferenceScanner - [scan,44] - Scanning for api listing references
16:08:14.159 [main] INFO  s.d.s.w.r.o.CachingOperationNameGenerator - [startingWith,41] - Generating unique operation named: getInfoUsingGET_1
16:08:14.200 [main] INFO  s.d.s.w.r.o.CachingOperationNameGenerator - [startingWith,41] - Generating unique operation named: addUsingPOST_1
16:08:14.207 [main] INFO  s.d.s.w.r.o.CachingOperationNameGenerator - [startingWith,41] - Generating unique operation named: editUsingPUT_1
16:08:14.236 [main] INFO  s.d.s.w.r.o.CachingOperationNameGenerator - [startingWith,41] - Generating unique operation named: exportUsingGET_1
16:08:14.262 [main] INFO  s.d.s.w.r.o.CachingOperationNameGenerator - [startingWith,41] - Generating unique operation named: getInfoUsingGET_2
16:08:14.268 [main] INFO  s.d.s.w.r.o.CachingOperationNameGenerator - [startingWith,41] - Generating unique operation named: removeUsingDELETE_1
16:08:14.295 [main] INFO  s.d.s.w.r.o.CachingOperationNameGenerator - [startingWith,41] - Generating unique operation named: listUsingGET_1
16:08:14.303 [main] INFO  s.d.s.w.r.o.CachingOperationNameGenerator - [startingWith,41] - Generating unique operation named: addUsingPOST_2
16:08:14.306 [main] INFO  s.d.s.w.r.o.CachingOperationNameGenerator - [startingWith,41] - Generating unique operation named: editUsingPUT_2
16:08:14.312 [main] INFO  s.d.s.w.r.o.CachingOperationNameGenerator - [startingWith,41] - Generating unique operation named: exportUsingGET_2
16:08:14.317 [main] INFO  s.d.s.w.r.o.CachingOperationNameGenerator - [startingWith,41] - Generating unique operation named: getInfoUsingGET_3
16:08:14.321 [main] INFO  s.d.s.w.r.o.CachingOperationNameGenerator - [startingWith,41] - Generating unique operation named: removeUsingDELETE_2
16:08:14.325 [main] INFO  s.d.s.w.r.o.CachingOperationNameGenerator - [startingWith,41] - Generating unique operation named: listUsingGET_2
16:08:14.343 [main] INFO  s.d.s.w.r.o.CachingOperationNameGenerator - [startingWith,41] - Generating unique operation named: addUsingPOST_3
16:08:14.348 [main] INFO  s.d.s.w.r.o.CachingOperationNameGenerator - [startingWith,41] - Generating unique operation named: editUsingPUT_3
16:08:14.356 [main] INFO  s.d.s.w.r.o.CachingOperationNameGenerator - [startingWith,41] - Generating unique operation named: exportUsingGET_3
16:08:14.369 [main] INFO  s.d.s.w.r.o.CachingOperationNameGenerator - [startingWith,41] - Generating unique operation named: frontGetInfoUsingGET_1
16:08:14.375 [main] INFO  s.d.s.w.r.o.CachingOperationNameGenerator - [startingWith,41] - Generating unique operation named: getInfoUsingGET_4
16:08:14.379 [main] INFO  s.d.s.w.r.o.CachingOperationNameGenerator - [startingWith,41] - Generating unique operation named: removeUsingDELETE_3
16:08:14.384 [main] INFO  s.d.s.w.r.o.CachingOperationNameGenerator - [startingWith,41] - Generating unique operation named: frontListUsingGET_1
16:08:14.389 [main] INFO  s.d.s.w.r.o.CachingOperationNameGenerator - [startingWith,41] - Generating unique operation named: listUsingGET_3
16:08:14.397 [main] INFO  s.d.s.w.r.o.CachingOperationNameGenerator - [startingWith,41] - Generating unique operation named: addUsingPOST_4
16:08:14.401 [main] INFO  s.d.s.w.r.o.CachingOperationNameGenerator - [startingWith,41] - Generating unique operation named: editUsingPUT_4
16:08:14.406 [main] INFO  s.d.s.w.r.o.CachingOperationNameGenerator - [startingWith,41] - Generating unique operation named: exportUsingGET_4
16:08:14.411 [main] INFO  s.d.s.w.r.o.CachingOperationNameGenerator - [startingWith,41] - Generating unique operation named: getInfoUsingGET_5
16:08:14.415 [main] INFO  s.d.s.w.r.o.CachingOperationNameGenerator - [startingWith,41] - Generating unique operation named: removeUsingDELETE_4
16:08:14.419 [main] INFO  s.d.s.w.r.o.CachingOperationNameGenerator - [startingWith,41] - Generating unique operation named: listUsingGET_4
16:08:14.425 [main] INFO  s.d.s.w.r.o.CachingOperationNameGenerator - [startingWith,41] - Generating unique operation named: addUsingPOST_5
16:08:14.429 [main] INFO  s.d.s.w.r.o.CachingOperationNameGenerator - [startingWith,41] - Generating unique operation named: editUsingPUT_5
16:08:14.437 [main] INFO  s.d.s.w.r.o.CachingOperationNameGenerator - [startingWith,41] - Generating unique operation named: exportUsingGET_5
16:08:14.448 [main] INFO  s.d.s.w.r.o.CachingOperationNameGenerator - [startingWith,41] - Generating unique operation named: frontGetInfoUsingGET_2
16:08:14.452 [main] INFO  s.d.s.w.r.o.CachingOperationNameGenerator - [startingWith,41] - Generating unique operation named: getInfoUsingGET_6
16:08:14.456 [main] INFO  s.d.s.w.r.o.CachingOperationNameGenerator - [startingWith,41] - Generating unique operation named: removeUsingDELETE_5
16:08:14.465 [main] INFO  s.d.s.w.r.o.CachingOperationNameGenerator - [startingWith,41] - Generating unique operation named: frontListUsingGET_2
16:08:14.474 [main] INFO  s.d.s.w.r.o.CachingOperationNameGenerator - [startingWith,41] - Generating unique operation named: listUsingGET_5
16:08:14.481 [main] INFO  s.d.s.w.r.o.CachingOperationNameGenerator - [startingWith,41] - Generating unique operation named: addUsingPOST_6
16:08:14.484 [main] INFO  s.d.s.w.r.o.CachingOperationNameGenerator - [startingWith,41] - Generating unique operation named: editUsingPUT_6
16:08:14.489 [main] INFO  s.d.s.w.r.o.CachingOperationNameGenerator - [startingWith,41] - Generating unique operation named: exportUsingGET_6
16:08:14.494 [main] INFO  s.d.s.w.r.o.CachingOperationNameGenerator - [startingWith,41] - Generating unique operation named: getInfoUsingGET_7
16:08:14.497 [main] INFO  s.d.s.w.r.o.CachingOperationNameGenerator - [startingWith,41] - Generating unique operation named: removeUsingDELETE_6
16:08:14.501 [main] INFO  s.d.s.w.r.o.CachingOperationNameGenerator - [startingWith,41] - Generating unique operation named: listUsingGET_6
16:08:14.506 [main] INFO  s.d.s.w.r.o.CachingOperationNameGenerator - [startingWith,41] - Generating unique operation named: addUsingPOST_7
16:08:14.510 [main] INFO  s.d.s.w.r.o.CachingOperationNameGenerator - [startingWith,41] - Generating unique operation named: editUsingPUT_7
16:08:14.514 [main] INFO  s.d.s.w.r.o.CachingOperationNameGenerator - [startingWith,41] - Generating unique operation named: exportUsingGET_7
16:08:14.517 [main] INFO  s.d.s.w.r.o.CachingOperationNameGenerator - [startingWith,41] - Generating unique operation named: frontAddUsingPOST_1
16:08:14.525 [main] INFO  s.d.s.w.r.o.CachingOperationNameGenerator - [startingWith,41] - Generating unique operation named: frontGetInfoUsingGET_3
16:08:14.530 [main] INFO  s.d.s.w.r.o.CachingOperationNameGenerator - [startingWith,41] - Generating unique operation named: getInfoUsingGET_8
16:08:14.533 [main] INFO  s.d.s.w.r.o.CachingOperationNameGenerator - [startingWith,41] - Generating unique operation named: removeUsingDELETE_7
16:08:14.538 [main] INFO  s.d.s.w.r.o.CachingOperationNameGenerator - [startingWith,41] - Generating unique operation named: frontListUsingGET_3
16:08:14.544 [main] INFO  s.d.s.w.r.o.CachingOperationNameGenerator - [startingWith,41] - Generating unique operation named: listUsingGET_7
16:08:14.552 [main] INFO  s.d.s.w.r.o.CachingOperationNameGenerator - [startingWith,41] - Generating unique operation named: addUsingPOST_8
16:08:14.557 [main] INFO  s.d.s.w.r.o.CachingOperationNameGenerator - [startingWith,41] - Generating unique operation named: editUsingPUT_8
16:08:14.565 [main] INFO  s.d.s.w.r.o.CachingOperationNameGenerator - [startingWith,41] - Generating unique operation named: exportUsingGET_8
16:08:14.570 [main] INFO  s.d.s.w.r.o.CachingOperationNameGenerator - [startingWith,41] - Generating unique operation named: frontGetInfoUsingGET_4
16:08:14.573 [main] INFO  s.d.s.w.r.o.CachingOperationNameGenerator - [startingWith,41] - Generating unique operation named: getInfoUsingGET_9
16:08:14.576 [main] INFO  s.d.s.w.r.o.CachingOperationNameGenerator - [startingWith,41] - Generating unique operation named: removeUsingDELETE_8
16:08:14.580 [main] INFO  s.d.s.w.r.o.CachingOperationNameGenerator - [startingWith,41] - Generating unique operation named: frontListUsingGET_4
16:08:14.584 [main] INFO  s.d.s.w.r.o.CachingOperationNameGenerator - [startingWith,41] - Generating unique operation named: listUsingGET_8
16:08:14.591 [main] INFO  s.d.s.w.r.o.CachingOperationNameGenerator - [startingWith,41] - Generating unique operation named: addUsingPOST_9
16:08:14.593 [main] INFO  s.d.s.w.r.o.CachingOperationNameGenerator - [startingWith,41] - Generating unique operation named: editUsingPUT_9
16:08:14.596 [main] INFO  s.d.s.w.r.o.CachingOperationNameGenerator - [startingWith,41] - Generating unique operation named: exportUsingGET_9
16:08:14.600 [main] INFO  s.d.s.w.r.o.CachingOperationNameGenerator - [startingWith,41] - Generating unique operation named: frontGetInfoUsingGET_5
16:08:14.603 [main] INFO  s.d.s.w.r.o.CachingOperationNameGenerator - [startingWith,41] - Generating unique operation named: getInfoUsingGET_10
16:08:14.610 [main] INFO  s.d.s.w.r.o.CachingOperationNameGenerator - [startingWith,41] - Generating unique operation named: removeUsingDELETE_9
16:08:14.614 [main] INFO  s.d.s.w.r.o.CachingOperationNameGenerator - [startingWith,41] - Generating unique operation named: frontListUsingGET_5
16:08:14.616 [main] INFO  s.d.s.w.r.o.CachingOperationNameGenerator - [startingWith,41] - Generating unique operation named: listUsingGET_9
16:08:14.621 [main] INFO  s.d.s.w.r.o.CachingOperationNameGenerator - [startingWith,41] - Generating unique operation named: addUsingPOST_10
16:08:14.623 [main] INFO  s.d.s.w.r.o.CachingOperationNameGenerator - [startingWith,41] - Generating unique operation named: editUsingPUT_10
16:08:14.626 [main] INFO  s.d.s.w.r.o.CachingOperationNameGenerator - [startingWith,41] - Generating unique operation named: exportUsingGET_10
16:08:14.632 [main] INFO  s.d.s.w.r.o.CachingOperationNameGenerator - [startingWith,41] - Generating unique operation named: getInfoUsingGET_11
16:08:14.638 [main] INFO  s.d.s.w.r.o.CachingOperationNameGenerator - [startingWith,41] - Generating unique operation named: removeUsingDELETE_10
16:08:14.641 [main] INFO  s.d.s.w.r.o.CachingOperationNameGenerator - [startingWith,41] - Generating unique operation named: listUsingGET_10
16:08:14.646 [main] INFO  s.d.s.w.r.o.CachingOperationNameGenerator - [startingWith,41] - Generating unique operation named: addUsingPOST_11
16:08:14.649 [main] INFO  s.d.s.w.r.o.CachingOperationNameGenerator - [startingWith,41] - Generating unique operation named: editUsingPUT_11
16:08:14.655 [main] INFO  s.d.s.w.r.o.CachingOperationNameGenerator - [startingWith,41] - Generating unique operation named: exportUsingGET_11
16:08:14.661 [main] INFO  s.d.s.w.r.o.CachingOperationNameGenerator - [startingWith,41] - Generating unique operation named: getInfoUsingGET_12
16:08:14.663 [main] INFO  s.d.s.w.r.o.CachingOperationNameGenerator - [startingWith,41] - Generating unique operation named: removeUsingDELETE_11
16:08:14.667 [main] INFO  s.d.s.w.r.o.CachingOperationNameGenerator - [startingWith,41] - Generating unique operation named: listUsingGET_11
16:08:14.672 [main] INFO  s.d.s.w.r.o.CachingOperationNameGenerator - [startingWith,41] - Generating unique operation named: addUsingPOST_12
16:08:14.676 [main] INFO  s.d.s.w.r.o.CachingOperationNameGenerator - [startingWith,41] - Generating unique operation named: editUsingPUT_12
16:08:14.681 [main] INFO  s.d.s.w.r.o.CachingOperationNameGenerator - [startingWith,41] - Generating unique operation named: exportUsingGET_12
16:08:14.687 [main] INFO  s.d.s.w.r.o.CachingOperationNameGenerator - [startingWith,41] - Generating unique operation named: frontGetInfoUsingGET_6
16:08:14.691 [main] INFO  s.d.s.w.r.o.CachingOperationNameGenerator - [startingWith,41] - Generating unique operation named: getInfoUsingGET_13
16:08:14.694 [main] INFO  s.d.s.w.r.o.CachingOperationNameGenerator - [startingWith,41] - Generating unique operation named: removeUsingDELETE_12
16:08:14.699 [main] INFO  s.d.s.w.r.o.CachingOperationNameGenerator - [startingWith,41] - Generating unique operation named: frontListUsingGET_6
16:08:14.703 [main] INFO  s.d.s.w.r.o.CachingOperationNameGenerator - [startingWith,41] - Generating unique operation named: listUsingGET_12
16:08:14.709 [main] INFO  s.d.s.w.r.o.CachingOperationNameGenerator - [startingWith,41] - Generating unique operation named: addUsingPOST_13
16:08:14.711 [main] INFO  s.d.s.w.r.o.CachingOperationNameGenerator - [startingWith,41] - Generating unique operation named: editUsingPUT_13
16:08:14.715 [main] INFO  s.d.s.w.r.o.CachingOperationNameGenerator - [startingWith,41] - Generating unique operation named: exportUsingGET_13
16:08:14.719 [main] INFO  s.d.s.w.r.o.CachingOperationNameGenerator - [startingWith,41] - Generating unique operation named: frontGetInfoUsingGET_7
16:08:14.721 [main] INFO  s.d.s.w.r.o.CachingOperationNameGenerator - [startingWith,41] - Generating unique operation named: getInfoUsingGET_14
16:08:14.723 [main] INFO  s.d.s.w.r.o.CachingOperationNameGenerator - [startingWith,41] - Generating unique operation named: removeUsingDELETE_13
16:08:14.725 [main] INFO  s.d.s.w.r.o.CachingOperationNameGenerator - [startingWith,41] - Generating unique operation named: frontListUsingGET_7
16:08:14.728 [main] INFO  s.d.s.w.r.o.CachingOperationNameGenerator - [startingWith,41] - Generating unique operation named: listUsingGET_13
16:08:14.731 [main] INFO  s.d.s.w.r.o.CachingOperationNameGenerator - [startingWith,41] - Generating unique operation named: addUsingPOST_14
16:08:14.732 [main] INFO  s.d.s.w.r.o.CachingOperationNameGenerator - [startingWith,41] - Generating unique operation named: editUsingPUT_14
16:08:14.734 [main] INFO  s.d.s.w.r.o.CachingOperationNameGenerator - [startingWith,41] - Generating unique operation named: exportUsingGET_14
16:08:14.738 [main] INFO  s.d.s.w.r.o.CachingOperationNameGenerator - [startingWith,41] - Generating unique operation named: getInfoUsingGET_15
16:08:14.739 [main] INFO  s.d.s.w.r.o.CachingOperationNameGenerator - [startingWith,41] - Generating unique operation named: removeUsingDELETE_14
16:08:14.742 [main] INFO  s.d.s.w.r.o.CachingOperationNameGenerator - [startingWith,41] - Generating unique operation named: listUsingGET_14
16:08:14.755 [main] INFO  s.d.s.w.r.o.CachingOperationNameGenerator - [startingWith,41] - Generating unique operation named: addUsingPOST_15
16:08:14.758 [main] INFO  s.d.s.w.r.o.CachingOperationNameGenerator - [startingWith,41] - Generating unique operation named: editUsingPUT_15
16:08:14.761 [main] INFO  s.d.s.w.r.o.CachingOperationNameGenerator - [startingWith,41] - Generating unique operation named: exportUsingGET_15
16:08:14.765 [main] INFO  s.d.s.w.r.o.CachingOperationNameGenerator - [startingWith,41] - Generating unique operation named: getInfoUsingGET_16
16:08:14.769 [main] INFO  s.d.s.w.r.o.CachingOperationNameGenerator - [startingWith,41] - Generating unique operation named: removeUsingDELETE_15
16:08:14.773 [main] INFO  s.d.s.w.r.o.CachingOperationNameGenerator - [startingWith,41] - Generating unique operation named: listUsingGET_15
16:08:14.795 [main] INFO  s.d.s.w.r.o.CachingOperationNameGenerator - [startingWith,41] - Generating unique operation named: addUsingPOST_16
16:08:14.798 [main] INFO  s.d.s.w.r.o.CachingOperationNameGenerator - [startingWith,41] - Generating unique operation named: editUsingPUT_16
16:08:14.803 [main] INFO  s.d.s.w.r.o.CachingOperationNameGenerator - [startingWith,41] - Generating unique operation named: exportUsingGET_16
16:08:14.806 [main] INFO  s.d.s.w.r.o.CachingOperationNameGenerator - [startingWith,41] - Generating unique operation named: getInfoUsingGET_17
16:08:14.808 [main] INFO  s.d.s.w.r.o.CachingOperationNameGenerator - [startingWith,41] - Generating unique operation named: removeUsingDELETE_16
16:08:14.812 [main] INFO  s.d.s.w.r.o.CachingOperationNameGenerator - [startingWith,41] - Generating unique operation named: listUsingGET_16
16:08:14.816 [main] INFO  s.d.s.w.r.o.CachingOperationNameGenerator - [startingWith,41] - Generating unique operation named: addUsingPOST_17
16:08:14.818 [main] INFO  s.d.s.w.r.o.CachingOperationNameGenerator - [startingWith,41] - Generating unique operation named: editUsingPUT_17
16:08:14.822 [main] INFO  s.d.s.w.r.o.CachingOperationNameGenerator - [startingWith,41] - Generating unique operation named: exportUsingGET_17
16:08:14.826 [main] INFO  s.d.s.w.r.o.CachingOperationNameGenerator - [startingWith,41] - Generating unique operation named: getInfoUsingGET_18
16:08:14.828 [main] INFO  s.d.s.w.r.o.CachingOperationNameGenerator - [startingWith,41] - Generating unique operation named: removeUsingDELETE_17
16:08:14.831 [main] INFO  s.d.s.w.r.o.CachingOperationNameGenerator - [startingWith,41] - Generating unique operation named: listUsingGET_17
16:08:14.836 [main] INFO  s.d.s.w.r.o.CachingOperationNameGenerator - [startingWith,41] - Generating unique operation named: addUsingPOST_18
16:08:14.840 [main] INFO  s.d.s.w.r.o.CachingOperationNameGenerator - [startingWith,41] - Generating unique operation named: editUsingPUT_18
16:08:14.844 [main] INFO  s.d.s.w.r.o.CachingOperationNameGenerator - [startingWith,41] - Generating unique operation named: exportUsingGET_18
16:08:14.849 [main] INFO  s.d.s.w.r.o.CachingOperationNameGenerator - [startingWith,41] - Generating unique operation named: getInfoUsingGET_19
16:08:14.852 [main] INFO  s.d.s.w.r.o.CachingOperationNameGenerator - [startingWith,41] - Generating unique operation named: removeUsingDELETE_18
16:08:14.856 [main] INFO  s.d.s.w.r.o.CachingOperationNameGenerator - [startingWith,41] - Generating unique operation named: listUsingGET_18
16:08:14.862 [main] INFO  s.d.s.w.r.o.CachingOperationNameGenerator - [startingWith,41] - Generating unique operation named: addUsingPOST_19
16:08:14.866 [main] INFO  s.d.s.w.r.o.CachingOperationNameGenerator - [startingWith,41] - Generating unique operation named: editUsingPUT_19
16:08:14.871 [main] INFO  s.d.s.w.r.o.CachingOperationNameGenerator - [startingWith,41] - Generating unique operation named: exportUsingGET_19
16:08:14.874 [main] INFO  s.d.s.w.r.o.CachingOperationNameGenerator - [startingWith,41] - Generating unique operation named: removeUsingDELETE_19
16:08:14.880 [main] INFO  s.d.s.w.r.o.CachingOperationNameGenerator - [startingWith,41] - Generating unique operation named: getInfoUsingGET_20
16:08:14.884 [main] INFO  s.d.s.w.r.o.CachingOperationNameGenerator - [startingWith,41] - Generating unique operation named: listUsingGET_19
16:08:14.889 [main] INFO  s.d.s.w.r.o.CachingOperationNameGenerator - [startingWith,41] - Generating unique operation named: addUsingPOST_20
16:08:14.893 [main] INFO  s.d.s.w.r.o.CachingOperationNameGenerator - [startingWith,41] - Generating unique operation named: editUsingPUT_20
16:08:14.898 [main] INFO  s.d.s.w.r.o.CachingOperationNameGenerator - [startingWith,41] - Generating unique operation named: exportUsingGET_20
16:08:14.902 [main] INFO  s.d.s.w.r.o.CachingOperationNameGenerator - [startingWith,41] - Generating unique operation named: getInfoUsingGET_21
16:08:14.905 [main] INFO  s.d.s.w.r.o.CachingOperationNameGenerator - [startingWith,41] - Generating unique operation named: removeUsingDELETE_20
16:08:14.907 [main] INFO  s.d.s.w.r.o.CachingOperationNameGenerator - [startingWith,41] - Generating unique operation named: listUsingGET_20
16:08:14.914 [main] INFO  s.d.s.w.r.o.CachingOperationNameGenerator - [startingWith,41] - Generating unique operation named: addUsingPOST_21
16:08:14.917 [main] INFO  s.d.s.w.r.o.CachingOperationNameGenerator - [startingWith,41] - Generating unique operation named: getInfoUsingGET_22
16:08:14.942 [main] INFO  s.d.s.w.r.o.CachingOperationNameGenerator - [startingWith,41] - Generating unique operation named: frontListUsingGET_8
16:08:14.973 [main] INFO  s.d.s.w.r.o.CachingOperationNameGenerator - [startingWith,41] - Generating unique operation named: addUsingPOST_22
16:08:14.975 [main] INFO  s.d.s.w.r.o.CachingOperationNameGenerator - [startingWith,41] - Generating unique operation named: editUsingPUT_21
16:08:14.978 [main] INFO  s.d.s.w.r.o.CachingOperationNameGenerator - [startingWith,41] - Generating unique operation named: exportUsingGET_21
16:08:14.982 [main] INFO  s.d.s.w.r.o.CachingOperationNameGenerator - [startingWith,41] - Generating unique operation named: getInfoUsingGET_23
16:08:14.985 [main] INFO  s.d.s.w.r.o.CachingOperationNameGenerator - [startingWith,41] - Generating unique operation named: removeUsingDELETE_21
16:08:14.989 [main] INFO  s.d.s.w.r.o.CachingOperationNameGenerator - [startingWith,41] - Generating unique operation named: listUsingGET_21
16:08:14.994 [main] INFO  s.d.s.w.r.o.CachingOperationNameGenerator - [startingWith,41] - Generating unique operation named: addUsingPOST_23
16:08:14.996 [main] INFO  s.d.s.w.r.o.CachingOperationNameGenerator - [startingWith,41] - Generating unique operation named: editUsingPUT_22
16:08:14.999 [main] INFO  s.d.s.w.r.o.CachingOperationNameGenerator - [startingWith,41] - Generating unique operation named: exportUsingGET_22
16:08:15.001 [main] INFO  s.d.s.w.r.o.CachingOperationNameGenerator - [startingWith,41] - Generating unique operation named: getInfoUsingGET_24
16:08:15.003 [main] INFO  s.d.s.w.r.o.CachingOperationNameGenerator - [startingWith,41] - Generating unique operation named: removeUsingDELETE_22
16:08:15.006 [main] INFO  s.d.s.w.r.o.CachingOperationNameGenerator - [startingWith,41] - Generating unique operation named: listUsingGET_22
16:08:15.015 [main] INFO  s.d.s.w.r.o.CachingOperationNameGenerator - [startingWith,41] - Generating unique operation named: addUsingPOST_24
16:08:15.019 [main] INFO  s.d.s.w.r.o.CachingOperationNameGenerator - [startingWith,41] - Generating unique operation named: editUsingPUT_23
16:08:15.024 [main] INFO  s.d.s.w.r.o.CachingOperationNameGenerator - [startingWith,41] - Generating unique operation named: exportUsingGET_23
16:08:15.030 [main] INFO  s.d.s.w.r.o.CachingOperationNameGenerator - [startingWith,41] - Generating unique operation named: getInfoUsingGET_25
16:08:15.034 [main] INFO  s.d.s.w.r.o.CachingOperationNameGenerator - [startingWith,41] - Generating unique operation named: removeUsingDELETE_23
16:08:15.038 [main] INFO  s.d.s.w.r.o.CachingOperationNameGenerator - [startingWith,41] - Generating unique operation named: listUsingGET_23
16:08:15.044 [main] INFO  s.d.s.w.r.o.CachingOperationNameGenerator - [startingWith,41] - Generating unique operation named: addUsingPOST_25
16:08:15.047 [main] INFO  s.d.s.w.r.o.CachingOperationNameGenerator - [startingWith,41] - Generating unique operation named: editUsingPUT_24
16:08:15.052 [main] INFO  s.d.s.w.r.o.CachingOperationNameGenerator - [startingWith,41] - Generating unique operation named: exportUsingGET_24
16:08:15.057 [main] INFO  s.d.s.w.r.o.CachingOperationNameGenerator - [startingWith,41] - Generating unique operation named: getInfoUsingGET_26
16:08:15.060 [main] INFO  s.d.s.w.r.o.CachingOperationNameGenerator - [startingWith,41] - Generating unique operation named: removeUsingDELETE_24
16:08:15.064 [main] INFO  s.d.s.w.r.o.CachingOperationNameGenerator - [startingWith,41] - Generating unique operation named: listUsingGET_24
16:08:15.067 [main] INFO  s.d.s.w.r.o.CachingOperationNameGenerator - [startingWith,41] - Generating unique operation named: addUsingPOST_26
16:08:15.070 [main] INFO  s.d.s.w.r.o.CachingOperationNameGenerator - [startingWith,41] - Generating unique operation named: editUsingPUT_25
16:08:15.072 [main] INFO  s.d.s.w.r.o.CachingOperationNameGenerator - [startingWith,41] - Generating unique operation named: exportUsingGET_25
16:08:15.076 [main] INFO  s.d.s.w.r.o.CachingOperationNameGenerator - [startingWith,41] - Generating unique operation named: getInfoUsingGET_27
16:08:15.080 [main] INFO  s.d.s.w.r.o.CachingOperationNameGenerator - [startingWith,41] - Generating unique operation named: removeUsingDELETE_25
16:08:15.083 [main] INFO  s.d.s.w.r.o.CachingOperationNameGenerator - [startingWith,41] - Generating unique operation named: listUsingGET_25
16:08:15.088 [main] INFO  s.d.s.w.r.o.CachingOperationNameGenerator - [startingWith,41] - Generating unique operation named: addUsingPOST_27
16:08:15.092 [main] INFO  s.d.s.w.r.o.CachingOperationNameGenerator - [startingWith,41] - Generating unique operation named: editUsingPUT_26
16:08:15.096 [main] INFO  s.d.s.w.r.o.CachingOperationNameGenerator - [startingWith,41] - Generating unique operation named: exportUsingGET_26
16:08:15.100 [main] INFO  s.d.s.w.r.o.CachingOperationNameGenerator - [startingWith,41] - Generating unique operation named: getInfoUsingGET_28
16:08:15.104 [main] INFO  s.d.s.w.r.o.CachingOperationNameGenerator - [startingWith,41] - Generating unique operation named: removeUsingDELETE_26
16:08:15.107 [main] INFO  s.d.s.w.r.o.CachingOperationNameGenerator - [startingWith,41] - Generating unique operation named: listUsingGET_26
16:08:15.112 [main] INFO  s.d.s.w.r.o.CachingOperationNameGenerator - [startingWith,41] - Generating unique operation named: addUsingPOST_28
16:08:15.115 [main] INFO  s.d.s.w.r.o.CachingOperationNameGenerator - [startingWith,41] - Generating unique operation named: editUsingPUT_27
16:08:15.119 [main] INFO  s.d.s.w.r.o.CachingOperationNameGenerator - [startingWith,41] - Generating unique operation named: exportUsingGET_27
16:08:15.123 [main] INFO  s.d.s.w.r.o.CachingOperationNameGenerator - [startingWith,41] - Generating unique operation named: getInfoUsingGET_29
16:08:15.126 [main] INFO  s.d.s.w.r.o.CachingOperationNameGenerator - [startingWith,41] - Generating unique operation named: removeUsingDELETE_27
16:08:15.129 [main] INFO  s.d.s.w.r.o.CachingOperationNameGenerator - [startingWith,41] - Generating unique operation named: listUsingGET_27
16:08:15.133 [main] INFO  s.d.s.w.r.o.CachingOperationNameGenerator - [startingWith,41] - Generating unique operation named: addUsingPOST_29
16:08:15.135 [main] INFO  s.d.s.w.r.o.CachingOperationNameGenerator - [startingWith,41] - Generating unique operation named: editUsingPUT_28
16:08:15.139 [main] INFO  s.d.s.w.r.o.CachingOperationNameGenerator - [startingWith,41] - Generating unique operation named: exportUsingGET_28
16:08:15.142 [main] INFO  s.d.s.w.r.o.CachingOperationNameGenerator - [startingWith,41] - Generating unique operation named: getInfoUsingGET_30
16:08:15.144 [main] INFO  s.d.s.w.r.o.CachingOperationNameGenerator - [startingWith,41] - Generating unique operation named: removeUsingDELETE_28
16:08:15.146 [main] INFO  s.d.s.w.r.o.CachingOperationNameGenerator - [startingWith,41] - Generating unique operation named: listUsingGET_28
16:08:15.173 [main] INFO  s.d.s.w.r.o.CachingOperationNameGenerator - [startingWith,41] - Generating unique operation named: exportUsingGET_29
16:08:15.180 [main] INFO  s.d.s.w.r.o.CachingOperationNameGenerator - [startingWith,41] - Generating unique operation named: listUsingGET_29
16:08:15.187 [main] INFO  s.d.s.w.r.o.CachingOperationNameGenerator - [startingWith,41] - Generating unique operation named: addUsingPOST_30
16:08:15.191 [main] INFO  s.d.s.w.r.o.CachingOperationNameGenerator - [startingWith,41] - Generating unique operation named: editUsingPUT_29
16:08:15.196 [main] INFO  s.d.s.w.r.o.CachingOperationNameGenerator - [startingWith,41] - Generating unique operation named: exportUsingGET_30
16:08:15.202 [main] INFO  s.d.s.w.r.o.CachingOperationNameGenerator - [startingWith,41] - Generating unique operation named: getInfoUsingGET_31
16:08:15.206 [main] INFO  s.d.s.w.r.o.CachingOperationNameGenerator - [startingWith,41] - Generating unique operation named: removeUsingDELETE_29
16:08:15.210 [main] INFO  s.d.s.w.r.o.CachingOperationNameGenerator - [startingWith,41] - Generating unique operation named: listUsingGET_30
16:08:15.216 [main] INFO  s.d.s.w.r.o.CachingOperationNameGenerator - [startingWith,41] - Generating unique operation named: addUsingPOST_31
16:08:15.220 [main] INFO  s.d.s.w.r.o.CachingOperationNameGenerator - [startingWith,41] - Generating unique operation named: editUsingPUT_30
16:08:15.227 [main] INFO  s.d.s.w.r.o.CachingOperationNameGenerator - [startingWith,41] - Generating unique operation named: exportUsingGET_31
16:08:15.232 [main] INFO  s.d.s.w.r.o.CachingOperationNameGenerator - [startingWith,41] - Generating unique operation named: getInfoUsingGET_32
16:08:15.236 [main] INFO  s.d.s.w.r.o.CachingOperationNameGenerator - [startingWith,41] - Generating unique operation named: removeUsingDELETE_30
16:08:15.242 [main] INFO  s.d.s.w.r.o.CachingOperationNameGenerator - [startingWith,41] - Generating unique operation named: listUsingGET_31
16:08:15.248 [main] INFO  s.d.s.w.r.o.CachingOperationNameGenerator - [startingWith,41] - Generating unique operation named: addUsingPOST_32
16:08:15.251 [main] INFO  s.d.s.w.r.o.CachingOperationNameGenerator - [startingWith,41] - Generating unique operation named: editUsingPUT_31
16:08:15.260 [main] INFO  s.d.s.w.r.o.CachingOperationNameGenerator - [startingWith,41] - Generating unique operation named: exportUsingGET_32
16:08:15.264 [main] INFO  s.d.s.w.r.o.CachingOperationNameGenerator - [startingWith,41] - Generating unique operation named: getInfoUsingGET_33
16:08:15.269 [main] INFO  s.d.s.w.r.o.CachingOperationNameGenerator - [startingWith,41] - Generating unique operation named: removeUsingDELETE_31
16:08:15.273 [main] INFO  s.d.s.w.r.o.CachingOperationNameGenerator - [startingWith,41] - Generating unique operation named: listUsingGET_32
16:08:15.282 [main] INFO  s.d.s.w.r.o.CachingOperationNameGenerator - [startingWith,41] - Generating unique operation named: addUsingPOST_33
16:08:15.288 [main] INFO  s.d.s.w.r.o.CachingOperationNameGenerator - [startingWith,41] - Generating unique operation named: editUsingPUT_32
16:08:15.292 [main] INFO  s.d.s.w.r.o.CachingOperationNameGenerator - [startingWith,41] - Generating unique operation named: exportUsingGET_33
16:08:15.298 [main] INFO  s.d.s.w.r.o.CachingOperationNameGenerator - [startingWith,41] - Generating unique operation named: getInfoUsingGET_34
16:08:15.304 [main] INFO  s.d.s.w.r.o.CachingOperationNameGenerator - [startingWith,41] - Generating unique operation named: removeUsingDELETE_32
16:08:15.309 [main] INFO  s.d.s.w.r.o.CachingOperationNameGenerator - [startingWith,41] - Generating unique operation named: listUsingGET_33
16:08:15.316 [main] INFO  s.d.s.w.r.o.CachingOperationNameGenerator - [startingWith,41] - Generating unique operation named: addUsingPOST_34
16:08:15.321 [main] INFO  s.d.s.w.r.o.CachingOperationNameGenerator - [startingWith,41] - Generating unique operation named: editUsingPUT_33
16:08:15.326 [main] INFO  s.d.s.w.r.o.CachingOperationNameGenerator - [startingWith,41] - Generating unique operation named: exportUsingGET_34
16:08:15.332 [main] INFO  s.d.s.w.r.o.CachingOperationNameGenerator - [startingWith,41] - Generating unique operation named: getInfoUsingGET_35
16:08:15.336 [main] INFO  s.d.s.w.r.o.CachingOperationNameGenerator - [startingWith,41] - Generating unique operation named: removeUsingDELETE_33
16:08:15.342 [main] INFO  s.d.s.w.r.o.CachingOperationNameGenerator - [startingWith,41] - Generating unique operation named: listUsingGET_34
16:08:15.348 [main] INFO  s.d.s.w.r.o.CachingOperationNameGenerator - [startingWith,41] - Generating unique operation named: addUsingPOST_35
16:08:15.355 [main] INFO  s.d.s.w.r.o.CachingOperationNameGenerator - [startingWith,41] - Generating unique operation named: editUsingPUT_34
16:08:15.363 [main] INFO  s.d.s.w.r.o.CachingOperationNameGenerator - [startingWith,41] - Generating unique operation named: exportUsingGET_35
16:08:15.368 [main] INFO  s.d.s.w.r.o.CachingOperationNameGenerator - [startingWith,41] - Generating unique operation named: getInfoUsingGET_36
16:08:15.371 [main] INFO  s.d.s.w.r.o.CachingOperationNameGenerator - [startingWith,41] - Generating unique operation named: removeUsingDELETE_34
16:08:15.380 [main] INFO  s.d.s.w.r.o.CachingOperationNameGenerator - [startingWith,41] - Generating unique operation named: listUsingGET_35
16:08:15.387 [main] INFO  s.d.s.w.r.o.CachingOperationNameGenerator - [startingWith,41] - Generating unique operation named: addUsingPOST_36
16:08:15.389 [main] INFO  s.d.s.w.r.o.CachingOperationNameGenerator - [startingWith,41] - Generating unique operation named: editUsingPUT_35
16:08:15.392 [main] INFO  s.d.s.w.r.o.CachingOperationNameGenerator - [startingWith,41] - Generating unique operation named: exportUsingGET_36
16:08:15.395 [main] INFO  s.d.s.w.r.o.CachingOperationNameGenerator - [startingWith,41] - Generating unique operation named: getInfoUsingGET_37
16:08:15.397 [main] INFO  s.d.s.w.r.o.CachingOperationNameGenerator - [startingWith,41] - Generating unique operation named: removeUsingDELETE_35
16:08:15.400 [main] INFO  s.d.s.w.r.o.CachingOperationNameGenerator - [startingWith,41] - Generating unique operation named: listUsingGET_36
16:08:15.404 [main] INFO  s.d.s.w.r.o.CachingOperationNameGenerator - [startingWith,41] - Generating unique operation named: addUsingPOST_37
16:08:15.407 [main] INFO  s.d.s.w.r.o.CachingOperationNameGenerator - [startingWith,41] - Generating unique operation named: editUsingPUT_36
16:08:15.410 [main] INFO  s.d.s.w.r.o.CachingOperationNameGenerator - [startingWith,41] - Generating unique operation named: exportUsingGET_37
16:08:15.416 [main] INFO  s.d.s.w.r.o.CachingOperationNameGenerator - [startingWith,41] - Generating unique operation named: getInfoUsingGET_38
16:08:15.418 [main] INFO  s.d.s.w.r.o.CachingOperationNameGenerator - [startingWith,41] - Generating unique operation named: removeUsingDELETE_36
16:08:15.420 [main] INFO  s.d.s.w.r.o.CachingOperationNameGenerator - [startingWith,41] - Generating unique operation named: listUsingGET_37
16:08:15.424 [main] INFO  s.d.s.w.r.o.CachingOperationNameGenerator - [startingWith,41] - Generating unique operation named: addUsingPOST_38
16:08:15.425 [main] INFO  s.d.s.w.r.o.CachingOperationNameGenerator - [startingWith,41] - Generating unique operation named: editUsingPUT_37
16:08:15.430 [main] INFO  s.d.s.w.r.o.CachingOperationNameGenerator - [startingWith,41] - Generating unique operation named: exportUsingGET_38
16:08:15.434 [main] INFO  s.d.s.w.r.o.CachingOperationNameGenerator - [startingWith,41] - Generating unique operation named: getInfoUsingGET_39
16:08:15.436 [main] INFO  s.d.s.w.r.o.CachingOperationNameGenerator - [startingWith,41] - Generating unique operation named: removeUsingDELETE_37
16:08:15.438 [main] INFO  s.d.s.w.r.o.CachingOperationNameGenerator - [startingWith,41] - Generating unique operation named: listUsingGET_38
16:08:15.441 [main] INFO  s.d.s.w.r.o.CachingOperationNameGenerator - [startingWith,41] - Generating unique operation named: addUsingPOST_39
16:08:15.443 [main] INFO  s.d.s.w.r.o.CachingOperationNameGenerator - [startingWith,41] - Generating unique operation named: editUsingPUT_38
16:08:15.445 [main] INFO  s.d.s.w.r.o.CachingOperationNameGenerator - [startingWith,41] - Generating unique operation named: exportUsingGET_39
16:08:15.448 [main] INFO  s.d.s.w.r.o.CachingOperationNameGenerator - [startingWith,41] - Generating unique operation named: getInfoUsingGET_40
16:08:15.450 [main] INFO  s.d.s.w.r.o.CachingOperationNameGenerator - [startingWith,41] - Generating unique operation named: removeUsingDELETE_38
16:08:15.452 [main] INFO  s.d.s.w.r.o.CachingOperationNameGenerator - [startingWith,41] - Generating unique operation named: listUsingGET_39
16:08:15.454 [main] INFO  s.d.s.w.r.o.CachingOperationNameGenerator - [startingWith,41] - Generating unique operation named: addUsingPOST_40
16:08:15.456 [main] INFO  s.d.s.w.r.o.CachingOperationNameGenerator - [startingWith,41] - Generating unique operation named: editUsingPUT_39
16:08:15.460 [main] INFO  s.d.s.w.r.o.CachingOperationNameGenerator - [startingWith,41] - Generating unique operation named: exportUsingGET_40
16:08:15.465 [main] INFO  s.d.s.w.r.o.CachingOperationNameGenerator - [startingWith,41] - Generating unique operation named: getInfoUsingGET_41
16:08:15.479 [main] INFO  s.d.s.w.r.o.CachingOperationNameGenerator - [startingWith,41] - Generating unique operation named: removeUsingDELETE_39
16:08:15.484 [main] INFO  s.d.s.w.r.o.CachingOperationNameGenerator - [startingWith,41] - Generating unique operation named: listUsingGET_40
16:08:15.505 [main] INFO  s.d.s.w.r.o.CachingOperationNameGenerator - [startingWith,41] - Generating unique operation named: addUsingPOST_41
16:08:15.509 [main] INFO  s.d.s.w.r.o.CachingOperationNameGenerator - [startingWith,41] - Generating unique operation named: editUsingPUT_40
16:08:15.512 [main] INFO  s.d.s.w.r.o.CachingOperationNameGenerator - [startingWith,41] - Generating unique operation named: exportUsingGET_41
16:08:15.516 [main] INFO  s.d.s.w.r.o.CachingOperationNameGenerator - [startingWith,41] - Generating unique operation named: getInfoUsingGET_42
16:08:15.519 [main] INFO  s.d.s.w.r.o.CachingOperationNameGenerator - [startingWith,41] - Generating unique operation named: removeUsingDELETE_40
16:08:15.523 [main] INFO  s.d.s.w.r.o.CachingOperationNameGenerator - [startingWith,41] - Generating unique operation named: listUsingGET_41
16:08:15.529 [main] INFO  s.d.s.w.r.o.CachingOperationNameGenerator - [startingWith,41] - Generating unique operation named: addUsingPOST_42
16:08:15.533 [main] INFO  s.d.s.w.r.o.CachingOperationNameGenerator - [startingWith,41] - Generating unique operation named: editUsingPUT_41
16:08:15.536 [main] INFO  s.d.s.w.r.o.CachingOperationNameGenerator - [startingWith,41] - Generating unique operation named: exportUsingGET_42
16:08:15.539 [main] INFO  s.d.s.w.r.o.CachingOperationNameGenerator - [startingWith,41] - Generating unique operation named: getInfoUsingGET_43
16:08:15.543 [main] INFO  s.d.s.w.r.o.CachingOperationNameGenerator - [startingWith,41] - Generating unique operation named: removeUsingDELETE_41
16:08:15.549 [main] INFO  s.d.s.w.r.o.CachingOperationNameGenerator - [startingWith,41] - Generating unique operation named: listUsingGET_42
16:08:15.564 [main] INFO  s.d.s.w.r.o.CachingOperationNameGenerator - [startingWith,41] - Generating unique operation named: addUsingPOST_43
16:08:15.569 [main] INFO  s.d.s.w.r.o.CachingOperationNameGenerator - [startingWith,41] - Generating unique operation named: editUsingPUT_42
16:08:15.577 [main] INFO  s.d.s.w.r.o.CachingOperationNameGenerator - [startingWith,41] - Generating unique operation named: exportUsingGET_43
16:08:15.582 [main] INFO  s.d.s.w.r.o.CachingOperationNameGenerator - [startingWith,41] - Generating unique operation named: getInfoUsingGET_44
16:08:15.586 [main] INFO  s.d.s.w.r.o.CachingOperationNameGenerator - [startingWith,41] - Generating unique operation named: removeUsingDELETE_42
16:08:15.592 [main] INFO  s.d.s.w.r.o.CachingOperationNameGenerator - [startingWith,41] - Generating unique operation named: listUsingGET_43
16:08:15.600 [main] INFO  s.d.s.w.r.o.CachingOperationNameGenerator - [startingWith,41] - Generating unique operation named: addUsingPOST_44
16:08:15.608 [main] INFO  s.d.s.w.r.o.CachingOperationNameGenerator - [startingWith,41] - Generating unique operation named: editUsingPUT_43
16:08:15.615 [main] INFO  s.d.s.w.r.o.CachingOperationNameGenerator - [startingWith,41] - Generating unique operation named: exportUsingGET_44
16:08:15.619 [main] INFO  s.d.s.w.r.o.CachingOperationNameGenerator - [startingWith,41] - Generating unique operation named: getInfoUsingGET_45
16:08:15.622 [main] INFO  s.d.s.w.r.o.CachingOperationNameGenerator - [startingWith,41] - Generating unique operation named: removeUsingDELETE_43
16:08:15.625 [main] INFO  s.d.s.w.r.o.CachingOperationNameGenerator - [startingWith,41] - Generating unique operation named: listUsingGET_44
16:08:15.630 [main] INFO  s.d.s.w.r.o.CachingOperationNameGenerator - [startingWith,41] - Generating unique operation named: addUsingPOST_45
16:08:15.632 [main] INFO  s.d.s.w.r.o.CachingOperationNameGenerator - [startingWith,41] - Generating unique operation named: editUsingPUT_44
16:08:15.635 [main] INFO  s.d.s.w.r.o.CachingOperationNameGenerator - [startingWith,41] - Generating unique operation named: exportUsingGET_45
16:08:15.639 [main] INFO  s.d.s.w.r.o.CachingOperationNameGenerator - [startingWith,41] - Generating unique operation named: getInfoUsingGET_46
16:08:15.643 [main] INFO  s.d.s.w.r.o.CachingOperationNameGenerator - [startingWith,41] - Generating unique operation named: removeUsingDELETE_44
16:08:15.646 [main] INFO  s.d.s.w.r.o.CachingOperationNameGenerator - [startingWith,41] - Generating unique operation named: listUsingGET_45
16:08:15.652 [main] INFO  s.d.s.w.r.o.CachingOperationNameGenerator - [startingWith,41] - Generating unique operation named: addUsingPOST_46
16:08:15.656 [main] INFO  s.d.s.w.r.o.CachingOperationNameGenerator - [startingWith,41] - Generating unique operation named: editUsingPUT_45
16:08:15.664 [main] INFO  s.d.s.w.r.o.CachingOperationNameGenerator - [startingWith,41] - Generating unique operation named: exportUsingGET_46
16:08:15.670 [main] INFO  s.d.s.w.r.o.CachingOperationNameGenerator - [startingWith,41] - Generating unique operation named: getInfoUsingGET_47
16:08:15.673 [main] INFO  s.d.s.w.r.o.CachingOperationNameGenerator - [startingWith,41] - Generating unique operation named: removeUsingDELETE_45
16:08:15.676 [main] INFO  s.d.s.w.r.o.CachingOperationNameGenerator - [startingWith,41] - Generating unique operation named: listUsingGET_46
16:08:15.681 [main] INFO  s.d.s.w.r.o.CachingOperationNameGenerator - [startingWith,41] - Generating unique operation named: addUsingPOST_47
16:08:15.683 [main] INFO  s.d.s.w.r.o.CachingOperationNameGenerator - [startingWith,41] - Generating unique operation named: editUsingPUT_46
16:08:15.686 [main] INFO  s.d.s.w.r.o.CachingOperationNameGenerator - [startingWith,41] - Generating unique operation named: exportUsingGET_47
16:08:15.689 [main] INFO  s.d.s.w.r.o.CachingOperationNameGenerator - [startingWith,41] - Generating unique operation named: getInfoUsingGET_48
16:08:15.692 [main] INFO  s.d.s.w.r.o.CachingOperationNameGenerator - [startingWith,41] - Generating unique operation named: removeUsingDELETE_46
16:08:15.696 [main] INFO  s.d.s.w.r.o.CachingOperationNameGenerator - [startingWith,41] - Generating unique operation named: listUsingGET_47
16:08:15.701 [main] INFO  s.d.s.w.r.o.CachingOperationNameGenerator - [startingWith,41] - Generating unique operation named: addUsingPOST_48
16:08:15.704 [main] INFO  s.d.s.w.r.o.CachingOperationNameGenerator - [startingWith,41] - Generating unique operation named: auditUsingPUT_1
16:08:15.707 [main] INFO  s.d.s.w.r.o.CachingOperationNameGenerator - [startingWith,41] - Generating unique operation named: editUsingPUT_47
16:08:15.712 [main] INFO  s.d.s.w.r.o.CachingOperationNameGenerator - [startingWith,41] - Generating unique operation named: exportUsingGET_48
16:08:15.720 [main] INFO  s.d.s.w.r.o.CachingOperationNameGenerator - [startingWith,41] - Generating unique operation named: getInfoUsingGET_49
16:08:15.726 [main] INFO  s.d.s.w.r.o.CachingOperationNameGenerator - [startingWith,41] - Generating unique operation named: removeUsingDELETE_47
16:08:15.730 [main] INFO  s.d.s.w.r.o.CachingOperationNameGenerator - [startingWith,41] - Generating unique operation named: submitUsingPUT_1
16:08:15.734 [main] INFO  s.d.s.w.r.o.CachingOperationNameGenerator - [startingWith,41] - Generating unique operation named: listUsingGET_48
16:08:15.739 [main] INFO  s.d.s.w.r.o.CachingOperationNameGenerator - [startingWith,41] - Generating unique operation named: list4AuditUsingGET_1
16:08:15.745 [main] INFO  s.d.s.w.r.o.CachingOperationNameGenerator - [startingWith,41] - Generating unique operation named: addUsingPOST_49
16:08:15.750 [main] INFO  s.d.s.w.r.o.CachingOperationNameGenerator - [startingWith,41] - Generating unique operation named: editUsingPUT_48
16:08:15.754 [main] INFO  s.d.s.w.r.o.CachingOperationNameGenerator - [startingWith,41] - Generating unique operation named: exportUsingGET_49
16:08:15.758 [main] INFO  s.d.s.w.r.o.CachingOperationNameGenerator - [startingWith,41] - Generating unique operation named: getInfoUsingGET_50
16:08:15.762 [main] INFO  s.d.s.w.r.o.CachingOperationNameGenerator - [startingWith,41] - Generating unique operation named: removeUsingDELETE_48
16:08:15.765 [main] INFO  s.d.s.w.r.o.CachingOperationNameGenerator - [startingWith,41] - Generating unique operation named: listUsingGET_49
16:08:15.771 [main] INFO  s.d.s.w.r.o.CachingOperationNameGenerator - [startingWith,41] - Generating unique operation named: addUsingPOST_50
16:08:15.776 [main] INFO  s.d.s.w.r.o.CachingOperationNameGenerator - [startingWith,41] - Generating unique operation named: editUsingPUT_49
16:08:15.784 [main] INFO  s.d.s.w.r.o.CachingOperationNameGenerator - [startingWith,41] - Generating unique operation named: exportUsingGET_50
16:08:15.789 [main] INFO  s.d.s.w.r.o.CachingOperationNameGenerator - [startingWith,41] - Generating unique operation named: getInfoUsingGET_51
16:08:15.795 [main] INFO  s.d.s.w.r.o.CachingOperationNameGenerator - [startingWith,41] - Generating unique operation named: removeUsingDELETE_49
16:08:15.799 [main] INFO  s.d.s.w.r.o.CachingOperationNameGenerator - [startingWith,41] - Generating unique operation named: listUsingGET_50
16:08:15.803 [main] INFO  s.d.s.w.r.o.CachingOperationNameGenerator - [startingWith,41] - Generating unique operation named: addUsingPOST_51
16:08:15.806 [main] INFO  s.d.s.w.r.o.CachingOperationNameGenerator - [startingWith,41] - Generating unique operation named: editUsingPUT_50
16:08:15.810 [main] INFO  s.d.s.w.r.o.CachingOperationNameGenerator - [startingWith,41] - Generating unique operation named: exportUsingGET_51
16:08:15.814 [main] INFO  s.d.s.w.r.o.CachingOperationNameGenerator - [startingWith,41] - Generating unique operation named: getInfoUsingGET_52
16:08:15.818 [main] INFO  s.d.s.w.r.o.CachingOperationNameGenerator - [startingWith,41] - Generating unique operation named: removeUsingDELETE_50
16:08:15.822 [main] INFO  s.d.s.w.r.o.CachingOperationNameGenerator - [startingWith,41] - Generating unique operation named: listUsingGET_51
16:08:15.826 [main] INFO  s.d.s.w.r.o.CachingOperationNameGenerator - [startingWith,41] - Generating unique operation named: addUsingPOST_52
16:08:15.829 [main] INFO  s.d.s.w.r.o.CachingOperationNameGenerator - [startingWith,41] - Generating unique operation named: editUsingPUT_51
16:08:15.833 [main] INFO  s.d.s.w.r.o.CachingOperationNameGenerator - [startingWith,41] - Generating unique operation named: exportUsingGET_52
16:08:15.836 [main] INFO  s.d.s.w.r.o.CachingOperationNameGenerator - [startingWith,41] - Generating unique operation named: getInfoUsingGET_53
16:08:15.839 [main] INFO  s.d.s.w.r.o.CachingOperationNameGenerator - [startingWith,41] - Generating unique operation named: removeUsingDELETE_51
16:08:15.842 [main] INFO  s.d.s.w.r.o.CachingOperationNameGenerator - [startingWith,41] - Generating unique operation named: listUsingGET_52
16:08:15.855 [main] INFO  s.d.s.w.r.o.CachingOperationNameGenerator - [startingWith,41] - Generating unique operation named: addUsingPOST_53
16:08:15.858 [main] INFO  s.d.s.w.r.o.CachingOperationNameGenerator - [startingWith,41] - Generating unique operation named: editUsingPUT_52
16:08:15.862 [main] INFO  s.d.s.w.r.o.CachingOperationNameGenerator - [startingWith,41] - Generating unique operation named: exportUsingGET_53
16:08:15.866 [main] INFO  s.d.s.w.r.o.CachingOperationNameGenerator - [startingWith,41] - Generating unique operation named: getInfoUsingGET_54
16:08:15.868 [main] INFO  s.d.s.w.r.o.CachingOperationNameGenerator - [startingWith,41] - Generating unique operation named: removeUsingDELETE_52
16:08:15.871 [main] INFO  s.d.s.w.r.o.CachingOperationNameGenerator - [startingWith,41] - Generating unique operation named: listUsingGET_53
16:08:15.875 [main] INFO  s.d.s.w.r.o.CachingOperationNameGenerator - [startingWith,41] - Generating unique operation named: addUsingPOST_54
16:08:15.877 [main] INFO  s.d.s.w.r.o.CachingOperationNameGenerator - [startingWith,41] - Generating unique operation named: auditUsingPUT_2
16:08:15.880 [main] INFO  s.d.s.w.r.o.CachingOperationNameGenerator - [startingWith,41] - Generating unique operation named: editUsingPUT_53
16:08:15.885 [main] INFO  s.d.s.w.r.o.CachingOperationNameGenerator - [startingWith,41] - Generating unique operation named: exportUsingGET_54
16:08:15.890 [main] INFO  s.d.s.w.r.o.CachingOperationNameGenerator - [startingWith,41] - Generating unique operation named: getInfoUsingGET_55
16:08:15.892 [main] INFO  s.d.s.w.r.o.CachingOperationNameGenerator - [startingWith,41] - Generating unique operation named: removeUsingDELETE_53
16:08:15.895 [main] INFO  s.d.s.w.r.o.CachingOperationNameGenerator - [startingWith,41] - Generating unique operation named: submitUsingPUT_2
16:08:15.898 [main] INFO  s.d.s.w.r.o.CachingOperationNameGenerator - [startingWith,41] - Generating unique operation named: listUsingGET_54
16:08:15.902 [main] INFO  s.d.s.w.r.o.CachingOperationNameGenerator - [startingWith,41] - Generating unique operation named: list4AuditUsingGET_2
16:08:15.905 [main] INFO  s.d.s.w.r.o.CachingOperationNameGenerator - [startingWith,41] - Generating unique operation named: addUsingPOST_55
16:08:15.908 [main] INFO  s.d.s.w.r.o.CachingOperationNameGenerator - [startingWith,41] - Generating unique operation named: editUsingPUT_54
16:08:15.911 [main] INFO  s.d.s.w.r.o.CachingOperationNameGenerator - [startingWith,41] - Generating unique operation named: exportUsingGET_55
16:08:15.916 [main] INFO  s.d.s.w.r.o.CachingOperationNameGenerator - [startingWith,41] - Generating unique operation named: getInfoUsingGET_56
16:08:15.919 [main] INFO  s.d.s.w.r.o.CachingOperationNameGenerator - [startingWith,41] - Generating unique operation named: removeUsingDELETE_54
16:08:15.923 [main] INFO  s.d.s.w.r.o.CachingOperationNameGenerator - [startingWith,41] - Generating unique operation named: listUsingGET_55
16:08:15.930 [main] INFO  s.d.s.w.r.o.CachingOperationNameGenerator - [startingWith,41] - Generating unique operation named: addUsingPOST_56
16:08:15.933 [main] INFO  s.d.s.w.r.o.CachingOperationNameGenerator - [startingWith,41] - Generating unique operation named: editUsingPUT_55
16:08:15.938 [main] INFO  s.d.s.w.r.o.CachingOperationNameGenerator - [startingWith,41] - Generating unique operation named: exportUsingGET_56
16:08:15.944 [main] INFO  s.d.s.w.r.o.CachingOperationNameGenerator - [startingWith,41] - Generating unique operation named: getInfoUsingGET_57
16:08:15.949 [main] INFO  s.d.s.w.r.o.CachingOperationNameGenerator - [startingWith,41] - Generating unique operation named: removeUsingDELETE_55
16:08:15.954 [main] INFO  s.d.s.w.r.o.CachingOperationNameGenerator - [startingWith,41] - Generating unique operation named: listUsingGET_56
16:08:15.961 [main] INFO  s.d.s.w.r.o.CachingOperationNameGenerator - [startingWith,41] - Generating unique operation named: addUsingPOST_57
16:08:15.965 [main] INFO  s.d.s.w.r.o.CachingOperationNameGenerator - [startingWith,41] - Generating unique operation named: editUsingPUT_56
16:08:15.970 [main] INFO  s.d.s.w.r.o.CachingOperationNameGenerator - [startingWith,41] - Generating unique operation named: exportUsingGET_57
16:08:15.978 [main] INFO  s.d.s.w.r.o.CachingOperationNameGenerator - [startingWith,41] - Generating unique operation named: getInfoUsingGET_58
16:08:15.982 [main] INFO  s.d.s.w.r.o.CachingOperationNameGenerator - [startingWith,41] - Generating unique operation named: removeUsingDELETE_56
16:08:15.986 [main] INFO  s.d.s.w.r.o.CachingOperationNameGenerator - [startingWith,41] - Generating unique operation named: listUsingGET_57
16:08:15.999 [main] INFO  s.d.s.w.r.o.CachingOperationNameGenerator - [startingWith,41] - Generating unique operation named: addUsingPOST_58
16:08:16.004 [main] INFO  s.d.s.w.r.o.CachingOperationNameGenerator - [startingWith,41] - Generating unique operation named: auditUsingPUT_3
16:08:16.009 [main] INFO  s.d.s.w.r.o.CachingOperationNameGenerator - [startingWith,41] - Generating unique operation named: editUsingPUT_57
16:08:16.016 [main] INFO  s.d.s.w.r.o.CachingOperationNameGenerator - [startingWith,41] - Generating unique operation named: exportUsingGET_58
16:08:16.024 [main] INFO  s.d.s.w.r.o.CachingOperationNameGenerator - [startingWith,41] - Generating unique operation named: getInfoUsingGET_59
16:08:16.028 [main] INFO  s.d.s.w.r.o.CachingOperationNameGenerator - [startingWith,41] - Generating unique operation named: removeUsingDELETE_57
16:08:16.033 [main] INFO  s.d.s.w.r.o.CachingOperationNameGenerator - [startingWith,41] - Generating unique operation named: submitUsingPUT_3
16:08:16.045 [main] INFO  s.d.s.w.r.o.CachingOperationNameGenerator - [startingWith,41] - Generating unique operation named: listUsingGET_58
16:08:16.054 [main] INFO  s.d.s.w.r.o.CachingOperationNameGenerator - [startingWith,41] - Generating unique operation named: list4AuditUsingGET_3
16:08:16.066 [main] INFO  s.d.s.w.r.o.CachingOperationNameGenerator - [startingWith,41] - Generating unique operation named: addUsingPOST_59
16:08:16.071 [main] INFO  s.d.s.w.r.o.CachingOperationNameGenerator - [startingWith,41] - Generating unique operation named: editUsingPUT_58
16:08:16.077 [main] INFO  s.d.s.w.r.o.CachingOperationNameGenerator - [startingWith,41] - Generating unique operation named: exportUsingGET_59
16:08:16.084 [main] INFO  s.d.s.w.r.o.CachingOperationNameGenerator - [startingWith,41] - Generating unique operation named: getInfoUsingGET_60
16:08:16.090 [main] INFO  s.d.s.w.r.o.CachingOperationNameGenerator - [startingWith,41] - Generating unique operation named: removeUsingDELETE_58
16:08:16.096 [main] INFO  s.d.s.w.r.o.CachingOperationNameGenerator - [startingWith,41] - Generating unique operation named: listUsingGET_59
16:08:16.102 [main] INFO  s.d.s.w.r.o.CachingOperationNameGenerator - [startingWith,41] - Generating unique operation named: addUsingPOST_60
16:08:16.107 [main] INFO  s.d.s.w.r.o.CachingOperationNameGenerator - [startingWith,41] - Generating unique operation named: auditUsingPUT_4
16:08:16.111 [main] INFO  s.d.s.w.r.o.CachingOperationNameGenerator - [startingWith,41] - Generating unique operation named: editUsingPUT_59
16:08:16.121 [main] INFO  s.d.s.w.r.o.CachingOperationNameGenerator - [startingWith,41] - Generating unique operation named: exportUsingGET_60
16:08:16.125 [main] INFO  s.d.s.w.r.o.CachingOperationNameGenerator - [startingWith,41] - Generating unique operation named: getInfoUsingGET_61
16:08:16.130 [main] INFO  s.d.s.w.r.o.CachingOperationNameGenerator - [startingWith,41] - Generating unique operation named: removeUsingDELETE_59
16:08:16.134 [main] INFO  s.d.s.w.r.o.CachingOperationNameGenerator - [startingWith,41] - Generating unique operation named: submitUsingPUT_4
16:08:16.140 [main] INFO  s.d.s.w.r.o.CachingOperationNameGenerator - [startingWith,41] - Generating unique operation named: listUsingGET_60
16:08:16.162 [main] INFO  s.d.s.w.r.o.CachingOperationNameGenerator - [startingWith,41] - Generating unique operation named: list4AuditUsingGET_4
16:08:16.169 [main] INFO  s.d.s.w.r.o.CachingOperationNameGenerator - [startingWith,41] - Generating unique operation named: addUsingPOST_61
16:08:16.174 [main] INFO  s.d.s.w.r.o.CachingOperationNameGenerator - [startingWith,41] - Generating unique operation named: editUsingPUT_60
16:08:16.179 [main] INFO  s.d.s.w.r.o.CachingOperationNameGenerator - [startingWith,41] - Generating unique operation named: exportUsingGET_61
16:08:16.185 [main] INFO  s.d.s.w.r.o.CachingOperationNameGenerator - [startingWith,41] - Generating unique operation named: getInfoUsingGET_62
16:08:16.189 [main] INFO  s.d.s.w.r.o.CachingOperationNameGenerator - [startingWith,41] - Generating unique operation named: removeUsingDELETE_60
16:08:16.194 [main] INFO  s.d.s.w.r.o.CachingOperationNameGenerator - [startingWith,41] - Generating unique operation named: listUsingGET_61
16:08:16.204 [main] INFO  s.d.s.w.r.o.CachingOperationNameGenerator - [startingWith,41] - Generating unique operation named: exportUsingGET_62
16:08:16.210 [main] INFO  s.d.s.w.r.o.CachingOperationNameGenerator - [startingWith,41] - Generating unique operation named: exportUsingGET_63
16:08:16.217 [main] INFO  s.d.s.w.r.o.CachingOperationNameGenerator - [startingWith,41] - Generating unique operation named: listUsingGET_62
16:08:16.223 [main] INFO  s.d.s.w.r.o.CachingOperationNameGenerator - [startingWith,41] - Generating unique operation named: listUsingGET_63
16:08:16.244 [main] INFO  s.d.s.w.r.o.CachingOperationNameGenerator - [startingWith,41] - Generating unique operation named: addUsingPOST_62
16:08:16.249 [main] INFO  s.d.s.w.r.o.CachingOperationNameGenerator - [startingWith,41] - Generating unique operation named: editUsingPUT_61
16:08:16.258 [main] INFO  s.d.s.w.r.o.CachingOperationNameGenerator - [startingWith,41] - Generating unique operation named: exportUsingGET_64
16:08:16.264 [main] INFO  s.d.s.w.r.o.CachingOperationNameGenerator - [startingWith,41] - Generating unique operation named: getInfoUsingGET_63
16:08:16.268 [main] INFO  s.d.s.w.r.o.CachingOperationNameGenerator - [startingWith,41] - Generating unique operation named: removeUsingDELETE_61
16:08:16.274 [main] INFO  s.d.s.w.r.o.CachingOperationNameGenerator - [startingWith,41] - Generating unique operation named: listUsingGET_64
16:08:16.281 [main] INFO  s.d.s.w.r.o.CachingOperationNameGenerator - [startingWith,41] - Generating unique operation named: addUsingPOST_63
16:08:16.285 [main] INFO  s.d.s.w.r.o.CachingOperationNameGenerator - [startingWith,41] - Generating unique operation named: editUsingPUT_62
16:08:16.290 [main] INFO  s.d.s.w.r.o.CachingOperationNameGenerator - [startingWith,41] - Generating unique operation named: exportUsingGET_65
16:08:16.295 [main] INFO  s.d.s.w.r.o.CachingOperationNameGenerator - [startingWith,41] - Generating unique operation named: getInfoUsingGET_64
16:08:16.301 [main] INFO  s.d.s.w.r.o.CachingOperationNameGenerator - [startingWith,41] - Generating unique operation named: removeUsingDELETE_62
16:08:16.306 [main] INFO  s.d.s.w.r.o.CachingOperationNameGenerator - [startingWith,41] - Generating unique operation named: listUsingGET_65
16:08:16.315 [main] INFO  s.d.s.w.r.o.CachingOperationNameGenerator - [startingWith,41] - Generating unique operation named: addUsingPOST_64
16:08:16.320 [main] INFO  s.d.s.w.r.o.CachingOperationNameGenerator - [startingWith,41] - Generating unique operation named: auditUsingPUT_5
16:08:16.324 [main] INFO  s.d.s.w.r.o.CachingOperationNameGenerator - [startingWith,41] - Generating unique operation named: editUsingPUT_63
16:08:16.331 [main] INFO  s.d.s.w.r.o.CachingOperationNameGenerator - [startingWith,41] - Generating unique operation named: exportUsingGET_66
16:08:16.338 [main] INFO  s.d.s.w.r.o.CachingOperationNameGenerator - [startingWith,41] - Generating unique operation named: getInfoUsingGET_65
16:08:16.341 [main] INFO  s.d.s.w.r.o.CachingOperationNameGenerator - [startingWith,41] - Generating unique operation named: removeUsingDELETE_63
16:08:16.347 [main] INFO  s.d.s.w.r.o.CachingOperationNameGenerator - [startingWith,41] - Generating unique operation named: submitUsingPUT_5
16:08:16.352 [main] INFO  s.d.s.w.r.o.CachingOperationNameGenerator - [startingWith,41] - Generating unique operation named: listUsingGET_66
16:08:16.356 [main] INFO  s.d.s.w.r.o.CachingOperationNameGenerator - [startingWith,41] - Generating unique operation named: list4AuditUsingGET_5
16:08:16.363 [main] INFO  s.d.s.w.r.o.CachingOperationNameGenerator - [startingWith,41] - Generating unique operation named: addUsingPOST_65
16:08:16.366 [main] INFO  s.d.s.w.r.o.CachingOperationNameGenerator - [startingWith,41] - Generating unique operation named: auditUsingPUT_6
16:08:16.376 [main] INFO  s.d.s.w.r.o.CachingOperationNameGenerator - [startingWith,41] - Generating unique operation named: editUsingPUT_64
16:08:16.384 [main] INFO  s.d.s.w.r.o.CachingOperationNameGenerator - [startingWith,41] - Generating unique operation named: exportUsingGET_67
16:08:16.397 [main] INFO  s.d.s.w.r.o.CachingOperationNameGenerator - [startingWith,41] - Generating unique operation named: getInfoUsingGET_66
16:08:16.400 [main] INFO  s.d.s.w.r.o.CachingOperationNameGenerator - [startingWith,41] - Generating unique operation named: removeUsingDELETE_64
16:08:16.403 [main] INFO  s.d.s.w.r.o.CachingOperationNameGenerator - [startingWith,41] - Generating unique operation named: submitUsingPUT_6
16:08:16.407 [main] INFO  s.d.s.w.r.o.CachingOperationNameGenerator - [startingWith,41] - Generating unique operation named: listUsingGET_67
16:08:16.413 [main] INFO  s.d.s.w.r.o.CachingOperationNameGenerator - [startingWith,41] - Generating unique operation named: list4AuditUsingGET_6
16:08:16.422 [main] INFO  s.d.s.w.r.o.CachingOperationNameGenerator - [startingWith,41] - Generating unique operation named: addUsingPOST_66
16:08:16.425 [main] INFO  s.d.s.w.r.o.CachingOperationNameGenerator - [startingWith,41] - Generating unique operation named: editUsingPUT_65
16:08:16.430 [main] INFO  s.d.s.w.r.o.CachingOperationNameGenerator - [startingWith,41] - Generating unique operation named: exportUsingGET_68
16:08:16.435 [main] INFO  s.d.s.w.r.o.CachingOperationNameGenerator - [startingWith,41] - Generating unique operation named: getInfoUsingGET_67
16:08:16.439 [main] INFO  s.d.s.w.r.o.CachingOperationNameGenerator - [startingWith,41] - Generating unique operation named: removeUsingDELETE_65
16:08:16.442 [main] INFO  s.d.s.w.r.o.CachingOperationNameGenerator - [startingWith,41] - Generating unique operation named: listUsingGET_68
16:08:16.449 [main] INFO  s.d.s.w.r.o.CachingOperationNameGenerator - [startingWith,41] - Generating unique operation named: addUsingPOST_67
16:08:16.455 [main] INFO  s.d.s.w.r.o.CachingOperationNameGenerator - [startingWith,41] - Generating unique operation named: editUsingPUT_66
16:08:16.462 [main] INFO  s.d.s.w.r.o.CachingOperationNameGenerator - [startingWith,41] - Generating unique operation named: exportUsingGET_69
16:08:16.469 [main] INFO  s.d.s.w.r.o.CachingOperationNameGenerator - [startingWith,41] - Generating unique operation named: getInfoUsingGET_68
16:08:16.472 [main] INFO  s.d.s.w.r.o.CachingOperationNameGenerator - [startingWith,41] - Generating unique operation named: removeUsingDELETE_66
16:08:16.477 [main] INFO  s.d.s.w.r.o.CachingOperationNameGenerator - [startingWith,41] - Generating unique operation named: listUsingGET_69
16:08:16.482 [main] INFO  s.d.s.w.r.o.CachingOperationNameGenerator - [startingWith,41] - Generating unique operation named: addUsingPOST_68
16:08:16.485 [main] INFO  s.d.s.w.r.o.CachingOperationNameGenerator - [startingWith,41] - Generating unique operation named: editUsingPUT_67
16:08:16.491 [main] INFO  s.d.s.w.r.o.CachingOperationNameGenerator - [startingWith,41] - Generating unique operation named: exportUsingGET_70
16:08:16.497 [main] INFO  s.d.s.w.r.o.CachingOperationNameGenerator - [startingWith,41] - Generating unique operation named: getInfoUsingGET_69
16:08:16.501 [main] INFO  s.d.s.w.r.o.CachingOperationNameGenerator - [startingWith,41] - Generating unique operation named: removeUsingDELETE_67
16:08:16.505 [main] INFO  s.d.s.w.r.o.CachingOperationNameGenerator - [startingWith,41] - Generating unique operation named: listUsingGET_70
16:08:16.511 [main] INFO  s.d.s.w.r.o.CachingOperationNameGenerator - [startingWith,41] - Generating unique operation named: addUsingPOST_69
16:08:16.516 [main] INFO  s.d.s.w.r.o.CachingOperationNameGenerator - [startingWith,41] - Generating unique operation named: editUsingPUT_68
16:08:16.521 [main] INFO  s.d.s.w.r.o.CachingOperationNameGenerator - [startingWith,41] - Generating unique operation named: exportUsingGET_71
16:08:16.526 [main] INFO  s.d.s.w.r.o.CachingOperationNameGenerator - [startingWith,41] - Generating unique operation named: getInfoUsingGET_70
16:08:16.532 [main] INFO  s.d.s.w.r.o.CachingOperationNameGenerator - [startingWith,41] - Generating unique operation named: removeUsingDELETE_68
16:08:16.538 [main] INFO  s.d.s.w.r.o.CachingOperationNameGenerator - [startingWith,41] - Generating unique operation named: listUsingGET_71
16:08:16.546 [main] INFO  s.d.s.w.r.o.CachingOperationNameGenerator - [startingWith,41] - Generating unique operation named: addUsingPOST_70
16:08:16.551 [main] INFO  s.d.s.w.r.o.CachingOperationNameGenerator - [startingWith,41] - Generating unique operation named: auditUsingPUT_7
16:08:16.557 [main] INFO  s.d.s.w.r.o.CachingOperationNameGenerator - [startingWith,41] - Generating unique operation named: editUsingPUT_69
16:08:16.566 [main] INFO  s.d.s.w.r.o.CachingOperationNameGenerator - [startingWith,41] - Generating unique operation named: exportUsingGET_72
16:08:16.574 [main] INFO  s.d.s.w.r.o.CachingOperationNameGenerator - [startingWith,41] - Generating unique operation named: getInfoUsingGET_71
16:08:16.579 [main] INFO  s.d.s.w.r.o.CachingOperationNameGenerator - [startingWith,41] - Generating unique operation named: removeUsingDELETE_69
16:08:16.584 [main] INFO  s.d.s.w.r.o.CachingOperationNameGenerator - [startingWith,41] - Generating unique operation named: submitUsingPUT_7
16:08:16.590 [main] INFO  s.d.s.w.r.o.CachingOperationNameGenerator - [startingWith,41] - Generating unique operation named: listUsingGET_72
16:08:16.598 [main] INFO  s.d.s.w.r.o.CachingOperationNameGenerator - [startingWith,41] - Generating unique operation named: list4AuditUsingGET_7
16:08:16.606 [main] INFO  s.d.s.w.r.o.CachingOperationNameGenerator - [startingWith,41] - Generating unique operation named: addUsingPOST_71
16:08:16.610 [main] INFO  s.d.s.w.r.o.CachingOperationNameGenerator - [startingWith,41] - Generating unique operation named: editUsingPUT_70
16:08:16.614 [main] INFO  s.d.s.w.r.o.CachingOperationNameGenerator - [startingWith,41] - Generating unique operation named: exportUsingGET_73
16:08:16.619 [main] INFO  s.d.s.w.r.o.CachingOperationNameGenerator - [startingWith,41] - Generating unique operation named: getInfoUsingGET_72
16:08:16.622 [main] INFO  s.d.s.w.r.o.CachingOperationNameGenerator - [startingWith,41] - Generating unique operation named: removeUsingDELETE_70
16:08:16.626 [main] INFO  s.d.s.w.r.o.CachingOperationNameGenerator - [startingWith,41] - Generating unique operation named: listUsingGET_73
16:08:16.631 [main] INFO  s.d.s.w.r.o.CachingOperationNameGenerator - [startingWith,41] - Generating unique operation named: addUsingPOST_72
16:08:16.636 [main] INFO  s.d.s.w.r.o.CachingOperationNameGenerator - [startingWith,41] - Generating unique operation named: editUsingPUT_71
16:08:16.644 [main] INFO  s.d.s.w.r.o.CachingOperationNameGenerator - [startingWith,41] - Generating unique operation named: exportUsingGET_74
16:08:16.651 [main] INFO  s.d.s.w.r.o.CachingOperationNameGenerator - [startingWith,41] - Generating unique operation named: getInfoUsingGET_73
16:08:16.656 [main] INFO  s.d.s.w.r.o.CachingOperationNameGenerator - [startingWith,41] - Generating unique operation named: removeUsingDELETE_71
16:08:16.661 [main] INFO  s.d.s.w.r.o.CachingOperationNameGenerator - [startingWith,41] - Generating unique operation named: listUsingGET_74
16:08:16.667 [main] INFO  s.d.s.w.r.o.CachingOperationNameGenerator - [startingWith,41] - Generating unique operation named: addUsingPOST_73
16:08:16.671 [main] INFO  s.d.s.w.r.o.CachingOperationNameGenerator - [startingWith,41] - Generating unique operation named: editUsingPUT_72
16:08:16.681 [main] INFO  s.d.s.w.r.o.CachingOperationNameGenerator - [startingWith,41] - Generating unique operation named: exportUsingGET_75
16:08:16.689 [main] INFO  s.d.s.w.r.o.CachingOperationNameGenerator - [startingWith,41] - Generating unique operation named: getInfoUsingGET_74
16:08:16.693 [main] INFO  s.d.s.w.r.o.CachingOperationNameGenerator - [startingWith,41] - Generating unique operation named: removeUsingDELETE_72
16:08:16.698 [main] INFO  s.d.s.w.r.o.CachingOperationNameGenerator - [startingWith,41] - Generating unique operation named: listUsingGET_75
16:08:16.704 [main] INFO  s.d.s.w.r.o.CachingOperationNameGenerator - [startingWith,41] - Generating unique operation named: exportUsingGET_76
16:08:16.709 [main] INFO  s.d.s.w.r.o.CachingOperationNameGenerator - [startingWith,41] - Generating unique operation named: exportUsingGET_77
16:08:16.719 [main] INFO  s.d.s.w.r.o.CachingOperationNameGenerator - [startingWith,41] - Generating unique operation named: listUsingGET_76
16:08:16.730 [main] INFO  s.d.s.w.r.o.CachingOperationNameGenerator - [startingWith,41] - Generating unique operation named: selectContractDeliveryReturnMonthReportUsingGET_1
16:08:16.737 [main] INFO  s.d.s.w.r.o.CachingOperationNameGenerator - [startingWith,41] - Generating unique operation named: selectContractDeliveryReturnQuarterReportUsingGET_1
16:08:16.749 [main] INFO  s.d.s.w.r.o.CachingOperationNameGenerator - [startingWith,41] - Generating unique operation named: addUsingPOST_74
16:08:16.757 [main] INFO  s.d.s.w.r.o.CachingOperationNameGenerator - [startingWith,41] - Generating unique operation named: editUsingPUT_73
16:08:16.764 [main] INFO  s.d.s.w.r.o.CachingOperationNameGenerator - [startingWith,41] - Generating unique operation named: exportUsingGET_78
16:08:16.769 [main] INFO  s.d.s.w.r.o.CachingOperationNameGenerator - [startingWith,41] - Generating unique operation named: getInfoUsingGET_75
16:08:16.772 [main] INFO  s.d.s.w.r.o.CachingOperationNameGenerator - [startingWith,41] - Generating unique operation named: removeUsingDELETE_73
16:08:16.778 [main] INFO  s.d.s.w.r.o.CachingOperationNameGenerator - [startingWith,41] - Generating unique operation named: listUsingGET_77
16:08:16.781 [main] INFO  s.d.s.w.r.o.CachingOperationNameGenerator - [startingWith,41] - Generating unique operation named: addUsingPOST_75
16:08:16.785 [main] INFO  s.d.s.w.r.o.CachingOperationNameGenerator - [startingWith,41] - Generating unique operation named: editUsingPUT_74
16:08:16.788 [main] INFO  s.d.s.w.r.o.CachingOperationNameGenerator - [startingWith,41] - Generating unique operation named: exportUsingGET_79
16:08:16.790 [main] INFO  s.d.s.w.r.o.CachingOperationNameGenerator - [startingWith,41] - Generating unique operation named: getInfoUsingGET_76
16:08:16.793 [main] INFO  s.d.s.w.r.o.CachingOperationNameGenerator - [startingWith,41] - Generating unique operation named: removeUsingDELETE_74
16:08:16.796 [main] INFO  s.d.s.w.r.o.CachingOperationNameGenerator - [startingWith,41] - Generating unique operation named: listUsingGET_78
16:08:16.820 [main] INFO  s.d.s.w.r.o.CachingOperationNameGenerator - [startingWith,41] - Generating unique operation named: editUsingPUT_75
16:08:16.835 [main] INFO  s.d.s.w.r.o.CachingOperationNameGenerator - [startingWith,41] - Generating unique operation named: exportUsingGET_80
16:08:16.841 [main] INFO  s.d.s.w.r.o.CachingOperationNameGenerator - [startingWith,41] - Generating unique operation named: getInfoUsingGET_77
16:08:16.846 [main] INFO  s.d.s.w.r.o.CachingOperationNameGenerator - [startingWith,41] - Generating unique operation named: listUsingGET_79
16:08:16.864 [main] INFO  s.d.s.w.r.o.CachingOperationNameGenerator - [startingWith,41] - Generating unique operation named: exportUsingGET_81
16:08:16.871 [main] INFO  s.d.s.w.r.o.CachingOperationNameGenerator - [startingWith,41] - Generating unique operation named: getInfoUsingGET_78
16:08:16.877 [main] INFO  s.d.s.w.r.o.CachingOperationNameGenerator - [startingWith,41] - Generating unique operation named: listUsingGET_80
16:08:16.883 [main] INFO  s.d.s.w.r.o.CachingOperationNameGenerator - [startingWith,41] - Generating unique operation named: reportByDayUsingGET_1
16:08:16.903 [main] INFO  s.d.s.w.r.o.CachingOperationNameGenerator - [startingWith,41] - Generating unique operation named: exportUsingGET_82
16:08:16.912 [main] INFO  s.d.s.w.r.o.CachingOperationNameGenerator - [startingWith,41] - Generating unique operation named: listUsingGET_81
16:08:16.921 [main] INFO  s.d.s.w.r.o.CachingOperationNameGenerator - [startingWith,41] - Generating unique operation named: exportUsingGET_83
16:08:16.928 [main] INFO  s.d.s.w.r.o.CachingOperationNameGenerator - [startingWith,41] - Generating unique operation named: listUsingGET_82
16:08:16.994 [main] INFO  s.d.s.w.r.o.CachingOperationNameGenerator - [startingWith,41] - Generating unique operation named: addUsingPOST_76
16:08:16.998 [main] INFO  s.d.s.w.r.o.CachingOperationNameGenerator - [startingWith,41] - Generating unique operation named: editUsingPUT_76
16:08:17.005 [main] INFO  s.d.s.w.r.o.CachingOperationNameGenerator - [startingWith,41] - Generating unique operation named: exportUsingGET_84
16:08:17.010 [main] INFO  s.d.s.w.r.o.CachingOperationNameGenerator - [startingWith,41] - Generating unique operation named: getInfoUsingGET_79
16:08:17.014 [main] INFO  s.d.s.w.r.o.CachingOperationNameGenerator - [startingWith,41] - Generating unique operation named: removeUsingDELETE_75
16:08:17.020 [main] INFO  s.d.s.w.r.o.CachingOperationNameGenerator - [startingWith,41] - Generating unique operation named: listUsingGET_83
16:08:17.027 [main] INFO  s.d.s.w.r.o.CachingOperationNameGenerator - [startingWith,41] - Generating unique operation named: exportUsingGET_85
16:08:17.034 [main] INFO  s.d.s.w.r.o.CachingOperationNameGenerator - [startingWith,41] - Generating unique operation named: listUsingGET_84
16:08:17.043 [main] INFO  s.d.s.w.r.o.CachingOperationNameGenerator - [startingWith,41] - Generating unique operation named: exportUsingGET_86
16:08:17.050 [main] INFO  s.d.s.w.r.o.CachingOperationNameGenerator - [startingWith,41] - Generating unique operation named: getInfoUsingGET_80
16:08:17.055 [main] INFO  s.d.s.w.r.o.CachingOperationNameGenerator - [startingWith,41] - Generating unique operation named: listUsingGET_85
16:08:17.062 [main] INFO  s.d.s.w.r.o.CachingOperationNameGenerator - [startingWith,41] - Generating unique operation named: exportUsingGET_87
16:08:17.069 [main] INFO  s.d.s.w.r.o.CachingOperationNameGenerator - [startingWith,41] - Generating unique operation named: getInfoUsingGET_81
16:08:17.073 [main] INFO  s.d.s.w.r.o.CachingOperationNameGenerator - [startingWith,41] - Generating unique operation named: listUsingGET_86
16:08:17.079 [main] INFO  s.d.s.w.r.o.CachingOperationNameGenerator - [startingWith,41] - Generating unique operation named: exportUsingGET_88
16:08:17.084 [main] INFO  s.d.s.w.r.o.CachingOperationNameGenerator - [startingWith,41] - Generating unique operation named: getInfoUsingGET_82
16:08:17.088 [main] INFO  s.d.s.w.r.o.CachingOperationNameGenerator - [startingWith,41] - Generating unique operation named: listUsingGET_87
16:08:17.096 [main] INFO  s.d.s.w.r.o.CachingOperationNameGenerator - [startingWith,41] - Generating unique operation named: addUsingPOST_77
16:08:17.100 [main] INFO  s.d.s.w.r.o.CachingOperationNameGenerator - [startingWith,41] - Generating unique operation named: auditUsingPUT_8
16:08:17.103 [main] INFO  s.d.s.w.r.o.CachingOperationNameGenerator - [startingWith,41] - Generating unique operation named: editUsingPUT_77
16:08:17.110 [main] INFO  s.d.s.w.r.o.CachingOperationNameGenerator - [startingWith,41] - Generating unique operation named: exportUsingGET_89
16:08:17.115 [main] INFO  s.d.s.w.r.o.CachingOperationNameGenerator - [startingWith,41] - Generating unique operation named: getInfoUsingGET_83
16:08:17.119 [main] INFO  s.d.s.w.r.o.CachingOperationNameGenerator - [startingWith,41] - Generating unique operation named: removeUsingDELETE_76
16:08:17.121 [main] INFO  s.d.s.w.r.o.CachingOperationNameGenerator - [startingWith,41] - Generating unique operation named: submitUsingPUT_8
16:08:17.125 [main] INFO  s.d.s.w.r.o.CachingOperationNameGenerator - [startingWith,41] - Generating unique operation named: listUsingGET_88
16:08:17.132 [main] INFO  s.d.s.w.r.o.CachingOperationNameGenerator - [startingWith,41] - Generating unique operation named: list4AuditUsingGET_8
16:08:17.139 [main] INFO  s.d.s.w.r.o.CachingOperationNameGenerator - [startingWith,41] - Generating unique operation named: addUsingPOST_78
16:08:17.142 [main] INFO  s.d.s.w.r.o.CachingOperationNameGenerator - [startingWith,41] - Generating unique operation named: editUsingPUT_78
16:08:17.147 [main] INFO  s.d.s.w.r.o.CachingOperationNameGenerator - [startingWith,41] - Generating unique operation named: exportUsingGET_90
16:08:17.151 [main] INFO  s.d.s.w.r.o.CachingOperationNameGenerator - [startingWith,41] - Generating unique operation named: getInfoUsingGET_84
16:08:17.155 [main] INFO  s.d.s.w.r.o.CachingOperationNameGenerator - [startingWith,41] - Generating unique operation named: removeUsingDELETE_77
16:08:17.159 [main] INFO  s.d.s.w.r.o.CachingOperationNameGenerator - [startingWith,41] - Generating unique operation named: listUsingGET_89
16:08:17.166 [main] INFO  s.d.s.w.r.o.CachingOperationNameGenerator - [startingWith,41] - Generating unique operation named: addUsingPOST_79
16:08:17.170 [main] INFO  s.d.s.w.r.o.CachingOperationNameGenerator - [startingWith,41] - Generating unique operation named: editUsingPUT_79
16:08:17.177 [main] INFO  s.d.s.w.r.o.CachingOperationNameGenerator - [startingWith,41] - Generating unique operation named: exportUsingGET_91
16:08:17.182 [main] INFO  s.d.s.w.r.o.CachingOperationNameGenerator - [startingWith,41] - Generating unique operation named: getInfoUsingGET_85
16:08:17.185 [main] INFO  s.d.s.w.r.o.CachingOperationNameGenerator - [startingWith,41] - Generating unique operation named: removeUsingDELETE_78
16:08:17.193 [main] INFO  s.d.s.w.r.o.CachingOperationNameGenerator - [startingWith,41] - Generating unique operation named: listUsingGET_90
16:08:17.199 [main] INFO  s.d.s.w.r.o.CachingOperationNameGenerator - [startingWith,41] - Generating unique operation named: addUsingPOST_80
16:08:17.203 [main] INFO  s.d.s.w.r.o.CachingOperationNameGenerator - [startingWith,41] - Generating unique operation named: editUsingPUT_80
16:08:17.207 [main] INFO  s.d.s.w.r.o.CachingOperationNameGenerator - [startingWith,41] - Generating unique operation named: exportUsingGET_92
16:08:17.212 [main] INFO  s.d.s.w.r.o.CachingOperationNameGenerator - [startingWith,41] - Generating unique operation named: getInfoUsingGET_86
16:08:17.215 [main] INFO  s.d.s.w.r.o.CachingOperationNameGenerator - [startingWith,41] - Generating unique operation named: removeUsingDELETE_79
16:08:17.219 [main] INFO  s.d.s.w.r.o.CachingOperationNameGenerator - [startingWith,41] - Generating unique operation named: listUsingGET_91
16:08:17.224 [main] INFO  s.d.s.w.r.o.CachingOperationNameGenerator - [startingWith,41] - Generating unique operation named: addUsingPOST_81
16:08:17.226 [main] INFO  s.d.s.w.r.o.CachingOperationNameGenerator - [startingWith,41] - Generating unique operation named: editUsingPUT_81
16:08:17.232 [main] INFO  s.d.s.w.r.o.CachingOperationNameGenerator - [startingWith,41] - Generating unique operation named: exportUsingGET_93
16:08:17.237 [main] INFO  s.d.s.w.r.o.CachingOperationNameGenerator - [startingWith,41] - Generating unique operation named: getInfoUsingGET_87
16:08:17.239 [main] INFO  s.d.s.w.r.o.CachingOperationNameGenerator - [startingWith,41] - Generating unique operation named: removeUsingDELETE_80
16:08:17.242 [main] INFO  s.d.s.w.r.o.CachingOperationNameGenerator - [startingWith,41] - Generating unique operation named: listUsingGET_92
16:08:17.246 [main] INFO  s.d.s.w.r.o.CachingOperationNameGenerator - [startingWith,41] - Generating unique operation named: addUsingPOST_82
16:08:17.249 [main] INFO  s.d.s.w.r.o.CachingOperationNameGenerator - [startingWith,41] - Generating unique operation named: editUsingPUT_82
16:08:17.253 [main] INFO  s.d.s.w.r.o.CachingOperationNameGenerator - [startingWith,41] - Generating unique operation named: exportUsingGET_94
16:08:17.256 [main] INFO  s.d.s.w.r.o.CachingOperationNameGenerator - [startingWith,41] - Generating unique operation named: getInfoUsingGET_88
16:08:17.258 [main] INFO  s.d.s.w.r.o.CachingOperationNameGenerator - [startingWith,41] - Generating unique operation named: removeUsingDELETE_81
16:08:17.260 [main] INFO  s.d.s.w.r.o.CachingOperationNameGenerator - [startingWith,41] - Generating unique operation named: listUsingGET_93
16:08:17.265 [main] INFO  s.d.s.w.r.o.CachingOperationNameGenerator - [startingWith,41] - Generating unique operation named: addUsingPOST_83
16:08:17.268 [main] INFO  s.d.s.w.r.o.CachingOperationNameGenerator - [startingWith,41] - Generating unique operation named: auditUsingPUT_9
16:08:17.272 [main] INFO  s.d.s.w.r.o.CachingOperationNameGenerator - [startingWith,41] - Generating unique operation named: editUsingPUT_83
16:08:17.277 [main] INFO  s.d.s.w.r.o.CachingOperationNameGenerator - [startingWith,41] - Generating unique operation named: exportUsingGET_95
16:08:17.282 [main] INFO  s.d.s.w.r.o.CachingOperationNameGenerator - [startingWith,41] - Generating unique operation named: getInfoUsingGET_89
16:08:17.288 [main] INFO  s.d.s.w.r.o.CachingOperationNameGenerator - [startingWith,41] - Generating unique operation named: removeUsingDELETE_82
16:08:17.290 [main] INFO  s.d.s.w.r.o.CachingOperationNameGenerator - [startingWith,41] - Generating unique operation named: submitUsingPUT_9
16:08:17.295 [main] INFO  s.d.s.w.r.o.CachingOperationNameGenerator - [startingWith,41] - Generating unique operation named: listUsingGET_94
16:08:17.300 [main] INFO  s.d.s.w.r.o.CachingOperationNameGenerator - [startingWith,41] - Generating unique operation named: list4AuditUsingGET_9
16:08:17.306 [main] INFO  s.d.s.w.r.o.CachingOperationNameGenerator - [startingWith,41] - Generating unique operation named: addUsingPOST_84
16:08:17.309 [main] INFO  s.d.s.w.r.o.CachingOperationNameGenerator - [startingWith,41] - Generating unique operation named: editUsingPUT_84
16:08:17.312 [main] INFO  s.d.s.w.r.o.CachingOperationNameGenerator - [startingWith,41] - Generating unique operation named: exportUsingGET_96
16:08:17.315 [main] INFO  s.d.s.w.r.o.CachingOperationNameGenerator - [startingWith,41] - Generating unique operation named: getInfoUsingGET_90
16:08:17.318 [main] INFO  s.d.s.w.r.o.CachingOperationNameGenerator - [startingWith,41] - Generating unique operation named: removeUsingDELETE_83
16:08:17.321 [main] INFO  s.d.s.w.r.o.CachingOperationNameGenerator - [startingWith,41] - Generating unique operation named: listUsingGET_95
16:08:17.327 [main] INFO  s.d.s.w.r.o.CachingOperationNameGenerator - [startingWith,41] - Generating unique operation named: addUsingPOST_85
16:08:17.330 [main] INFO  s.d.s.w.r.o.CachingOperationNameGenerator - [startingWith,41] - Generating unique operation named: editUsingPUT_85
16:08:17.336 [main] INFO  s.d.s.w.r.o.CachingOperationNameGenerator - [startingWith,41] - Generating unique operation named: exportUsingGET_97
16:08:17.343 [main] INFO  s.d.s.w.r.o.CachingOperationNameGenerator - [startingWith,41] - Generating unique operation named: getInfoUsingGET_91
16:08:17.348 [main] INFO  s.d.s.w.r.o.CachingOperationNameGenerator - [startingWith,41] - Generating unique operation named: listUsingGET_96
16:08:17.352 [main] INFO  s.d.s.w.r.o.CachingOperationNameGenerator - [startingWith,41] - Generating unique operation named: removeUsingDELETE_84
16:08:17.362 [main] INFO  s.d.s.w.r.o.CachingOperationNameGenerator - [startingWith,41] - Generating unique operation named: addUsingPOST_86
16:08:17.369 [main] INFO  s.d.s.w.r.o.CachingOperationNameGenerator - [startingWith,41] - Generating unique operation named: editUsingPUT_86
16:08:17.374 [main] INFO  s.d.s.w.r.o.CachingOperationNameGenerator - [startingWith,41] - Generating unique operation named: exportUsingGET_98
16:08:17.383 [main] INFO  s.d.s.w.r.o.CachingOperationNameGenerator - [startingWith,41] - Generating unique operation named: getInfoUsingGET_92
16:08:17.387 [main] INFO  s.d.s.w.r.o.CachingOperationNameGenerator - [startingWith,41] - Generating unique operation named: removeUsingDELETE_85
16:08:17.393 [main] INFO  s.d.s.w.r.o.CachingOperationNameGenerator - [startingWith,41] - Generating unique operation named: listUsingGET_97
16:08:17.399 [main] INFO  s.d.s.w.r.o.CachingOperationNameGenerator - [startingWith,41] - Generating unique operation named: addUsingPOST_87
16:08:17.404 [main] INFO  s.d.s.w.r.o.CachingOperationNameGenerator - [startingWith,41] - Generating unique operation named: editUsingPUT_87
16:08:17.410 [main] INFO  s.d.s.w.r.o.CachingOperationNameGenerator - [startingWith,41] - Generating unique operation named: exportUsingGET_99
16:08:17.415 [main] INFO  s.d.s.w.r.o.CachingOperationNameGenerator - [startingWith,41] - Generating unique operation named: getInfoUsingGET_93
16:08:17.419 [main] INFO  s.d.s.w.r.o.CachingOperationNameGenerator - [startingWith,41] - Generating unique operation named: removeUsingDELETE_86
16:08:17.424 [main] INFO  s.d.s.w.r.o.CachingOperationNameGenerator - [startingWith,41] - Generating unique operation named: listUsingGET_98
16:08:17.432 [main] INFO  s.d.s.w.r.o.CachingOperationNameGenerator - [startingWith,41] - Generating unique operation named: addUsingPOST_88
16:08:17.438 [main] INFO  s.d.s.w.r.o.CachingOperationNameGenerator - [startingWith,41] - Generating unique operation named: auditUsingPUT_10
16:08:17.449 [main] INFO  s.d.s.w.r.o.CachingOperationNameGenerator - [startingWith,41] - Generating unique operation named: editUsingPUT_88
16:08:17.460 [main] INFO  s.d.s.w.r.o.CachingOperationNameGenerator - [startingWith,41] - Generating unique operation named: exportUsingGET_100
16:08:17.467 [main] INFO  s.d.s.w.r.o.CachingOperationNameGenerator - [startingWith,41] - Generating unique operation named: getInfoUsingGET_94
16:08:17.477 [main] INFO  s.d.s.w.r.o.CachingOperationNameGenerator - [startingWith,41] - Generating unique operation named: removeUsingDELETE_87
16:08:17.484 [main] INFO  s.d.s.w.r.o.CachingOperationNameGenerator - [startingWith,41] - Generating unique operation named: submitUsingPUT_10
16:08:17.490 [main] INFO  s.d.s.w.r.o.CachingOperationNameGenerator - [startingWith,41] - Generating unique operation named: listUsingGET_99
16:08:17.496 [main] INFO  s.d.s.w.r.o.CachingOperationNameGenerator - [startingWith,41] - Generating unique operation named: list4AuditUsingGET_10
16:08:17.503 [main] INFO  s.d.s.w.r.o.CachingOperationNameGenerator - [startingWith,41] - Generating unique operation named: addUsingPOST_89
16:08:17.507 [main] INFO  s.d.s.w.r.o.CachingOperationNameGenerator - [startingWith,41] - Generating unique operation named: editUsingPUT_89
16:08:17.512 [main] INFO  s.d.s.w.r.o.CachingOperationNameGenerator - [startingWith,41] - Generating unique operation named: exportUsingGET_101
16:08:17.518 [main] INFO  s.d.s.w.r.o.CachingOperationNameGenerator - [startingWith,41] - Generating unique operation named: getInfoUsingGET_95
16:08:17.524 [main] INFO  s.d.s.w.r.o.CachingOperationNameGenerator - [startingWith,41] - Generating unique operation named: removeUsingDELETE_88
16:08:17.530 [main] INFO  s.d.s.w.r.o.CachingOperationNameGenerator - [startingWith,41] - Generating unique operation named: listUsingGET_100
16:08:17.541 [main] INFO  s.d.s.w.r.o.CachingOperationNameGenerator - [startingWith,41] - Generating unique operation named: addUsingPOST_90
16:08:17.547 [main] INFO  s.d.s.w.r.o.CachingOperationNameGenerator - [startingWith,41] - Generating unique operation named: editUsingPUT_90
16:08:17.554 [main] INFO  s.d.s.w.r.o.CachingOperationNameGenerator - [startingWith,41] - Generating unique operation named: exportUsingGET_102
16:08:17.562 [main] INFO  s.d.s.w.r.o.CachingOperationNameGenerator - [startingWith,41] - Generating unique operation named: getInfoUsingGET_96
16:08:17.568 [main] INFO  s.d.s.w.r.o.CachingOperationNameGenerator - [startingWith,41] - Generating unique operation named: removeUsingDELETE_89
16:08:17.576 [main] INFO  s.d.s.w.r.o.CachingOperationNameGenerator - [startingWith,41] - Generating unique operation named: listUsingGET_101
16:08:17.586 [main] INFO  s.d.s.w.r.o.CachingOperationNameGenerator - [startingWith,41] - Generating unique operation named: addUsingPOST_91
16:08:17.592 [main] INFO  s.d.s.w.r.o.CachingOperationNameGenerator - [startingWith,41] - Generating unique operation named: auditUsingPUT_11
16:08:17.598 [main] INFO  s.d.s.w.r.o.CachingOperationNameGenerator - [startingWith,41] - Generating unique operation named: editUsingPUT_91
16:08:17.607 [main] INFO  s.d.s.w.r.o.CachingOperationNameGenerator - [startingWith,41] - Generating unique operation named: exportUsingGET_103
16:08:17.620 [main] INFO  s.d.s.w.r.o.CachingOperationNameGenerator - [startingWith,41] - Generating unique operation named: getInfoUsingGET_97
16:08:17.626 [main] INFO  s.d.s.w.r.o.CachingOperationNameGenerator - [startingWith,41] - Generating unique operation named: removeUsingDELETE_90
16:08:17.633 [main] INFO  s.d.s.w.r.o.CachingOperationNameGenerator - [startingWith,41] - Generating unique operation named: submitUsingPUT_11
16:08:17.640 [main] INFO  s.d.s.w.r.o.CachingOperationNameGenerator - [startingWith,41] - Generating unique operation named: listUsingGET_102
16:08:17.648 [main] INFO  s.d.s.w.r.o.CachingOperationNameGenerator - [startingWith,41] - Generating unique operation named: list4AuditUsingGET_11
16:08:17.657 [main] INFO  s.d.s.w.r.o.CachingOperationNameGenerator - [startingWith,41] - Generating unique operation named: addUsingPOST_92
16:08:17.663 [main] INFO  s.d.s.w.r.o.CachingOperationNameGenerator - [startingWith,41] - Generating unique operation named: editUsingPUT_92
16:08:17.697 [main] INFO  s.d.s.w.r.o.CachingOperationNameGenerator - [startingWith,41] - Generating unique operation named: exportUsingGET_104
16:08:17.703 [main] INFO  s.d.s.w.r.o.CachingOperationNameGenerator - [startingWith,41] - Generating unique operation named: getInfoUsingGET_98
16:08:17.706 [main] INFO  s.d.s.w.r.o.CachingOperationNameGenerator - [startingWith,41] - Generating unique operation named: removeUsingDELETE_91
16:08:17.710 [main] INFO  s.d.s.w.r.o.CachingOperationNameGenerator - [startingWith,41] - Generating unique operation named: listUsingGET_103
16:08:17.718 [main] INFO  s.d.s.w.r.o.CachingOperationNameGenerator - [startingWith,41] - Generating unique operation named: addUsingPOST_93
16:08:17.723 [main] INFO  s.d.s.w.r.o.CachingOperationNameGenerator - [startingWith,41] - Generating unique operation named: editUsingPUT_93
16:08:17.729 [main] INFO  s.d.s.w.r.o.CachingOperationNameGenerator - [startingWith,41] - Generating unique operation named: exportUsingGET_105
16:08:17.736 [main] INFO  s.d.s.w.r.o.CachingOperationNameGenerator - [startingWith,41] - Generating unique operation named: getInfoUsingGET_99
16:08:17.740 [main] INFO  s.d.s.w.r.o.CachingOperationNameGenerator - [startingWith,41] - Generating unique operation named: removeUsingDELETE_92
16:08:17.746 [main] INFO  s.d.s.w.r.o.CachingOperationNameGenerator - [startingWith,41] - Generating unique operation named: listUsingGET_104
16:08:17.752 [main] INFO  s.d.s.w.r.o.CachingOperationNameGenerator - [startingWith,41] - Generating unique operation named: addUsingPOST_94
16:08:17.756 [main] INFO  s.d.s.w.r.o.CachingOperationNameGenerator - [startingWith,41] - Generating unique operation named: editUsingPUT_94
16:08:17.760 [main] INFO  s.d.s.w.r.o.CachingOperationNameGenerator - [startingWith,41] - Generating unique operation named: exportUsingGET_106
16:08:17.765 [main] INFO  s.d.s.w.r.o.CachingOperationNameGenerator - [startingWith,41] - Generating unique operation named: getInfoUsingGET_100
16:08:17.768 [main] INFO  s.d.s.w.r.o.CachingOperationNameGenerator - [startingWith,41] - Generating unique operation named: removeUsingDELETE_93
16:08:17.772 [main] INFO  s.d.s.w.r.o.CachingOperationNameGenerator - [startingWith,41] - Generating unique operation named: listUsingGET_105
16:08:17.776 [main] INFO  s.d.s.w.r.o.CachingOperationNameGenerator - [startingWith,41] - Generating unique operation named: addUsingPOST_95
16:08:17.780 [main] INFO  s.d.s.w.r.o.CachingOperationNameGenerator - [startingWith,41] - Generating unique operation named: editUsingPUT_95
16:08:17.783 [main] INFO  s.d.s.w.r.o.CachingOperationNameGenerator - [startingWith,41] - Generating unique operation named: exportUsingGET_107
16:08:17.786 [main] INFO  s.d.s.w.r.o.CachingOperationNameGenerator - [startingWith,41] - Generating unique operation named: getInfoUsingGET_101
16:08:17.788 [main] INFO  s.d.s.w.r.o.CachingOperationNameGenerator - [startingWith,41] - Generating unique operation named: removeUsingDELETE_94
16:08:17.791 [main] INFO  s.d.s.w.r.o.CachingOperationNameGenerator - [startingWith,41] - Generating unique operation named: listUsingGET_106
16:08:17.795 [main] INFO  s.d.s.w.r.o.CachingOperationNameGenerator - [startingWith,41] - Generating unique operation named: addUsingPOST_96
16:08:17.798 [main] INFO  s.d.s.w.r.o.CachingOperationNameGenerator - [startingWith,41] - Generating unique operation named: editUsingPUT_96
16:08:17.805 [main] INFO  s.d.s.w.r.o.CachingOperationNameGenerator - [startingWith,41] - Generating unique operation named: exportUsingGET_108
16:08:17.811 [main] INFO  s.d.s.w.r.o.CachingOperationNameGenerator - [startingWith,41] - Generating unique operation named: getInfoUsingGET_102
16:08:17.815 [main] INFO  s.d.s.w.r.o.CachingOperationNameGenerator - [startingWith,41] - Generating unique operation named: removeUsingDELETE_95
16:08:17.820 [main] INFO  s.d.s.w.r.o.CachingOperationNameGenerator - [startingWith,41] - Generating unique operation named: listUsingGET_107
16:08:17.825 [main] INFO  s.d.s.w.r.o.CachingOperationNameGenerator - [startingWith,41] - Generating unique operation named: addUsingPOST_97
16:08:17.828 [main] INFO  s.d.s.w.r.o.CachingOperationNameGenerator - [startingWith,41] - Generating unique operation named: editUsingPUT_97
16:08:17.831 [main] INFO  s.d.s.w.r.o.CachingOperationNameGenerator - [startingWith,41] - Generating unique operation named: exportUsingGET_109
16:08:17.836 [main] INFO  s.d.s.w.r.o.CachingOperationNameGenerator - [startingWith,41] - Generating unique operation named: getInfoUsingGET_103
16:08:17.841 [main] INFO  s.d.s.w.r.o.CachingOperationNameGenerator - [startingWith,41] - Generating unique operation named: removeUsingDELETE_96
16:08:17.845 [main] INFO  s.d.s.w.r.o.CachingOperationNameGenerator - [startingWith,41] - Generating unique operation named: listUsingGET_108
16:08:17.852 [main] INFO  s.d.s.w.r.o.CachingOperationNameGenerator - [startingWith,41] - Generating unique operation named: addUsingPOST_98
16:08:17.857 [main] INFO  s.d.s.w.r.o.CachingOperationNameGenerator - [startingWith,41] - Generating unique operation named: editUsingPUT_98
16:08:17.863 [main] INFO  s.d.s.w.r.o.CachingOperationNameGenerator - [startingWith,41] - Generating unique operation named: exportUsingGET_110
16:08:17.868 [main] INFO  s.d.s.w.r.o.CachingOperationNameGenerator - [startingWith,41] - Generating unique operation named: getInfoUsingGET_104
16:08:17.877 [main] INFO  s.d.s.w.r.o.CachingOperationNameGenerator - [startingWith,41] - Generating unique operation named: removeUsingDELETE_97
16:08:17.885 [main] INFO  s.d.s.w.r.o.CachingOperationNameGenerator - [startingWith,41] - Generating unique operation named: listUsingGET_109
16:08:17.889 [main] INFO  s.d.s.w.r.o.CachingOperationNameGenerator - [startingWith,41] - Generating unique operation named: addUsingPOST_99
16:08:17.893 [main] INFO  s.d.s.w.r.o.CachingOperationNameGenerator - [startingWith,41] - Generating unique operation named: editUsingPUT_99
16:08:17.898 [main] INFO  s.d.s.w.r.o.CachingOperationNameGenerator - [startingWith,41] - Generating unique operation named: exportUsingGET_111
16:08:17.902 [main] INFO  s.d.s.w.r.o.CachingOperationNameGenerator - [startingWith,41] - Generating unique operation named: getInfoUsingGET_105
16:08:17.906 [main] INFO  s.d.s.w.r.o.CachingOperationNameGenerator - [startingWith,41] - Generating unique operation named: removeUsingDELETE_98
16:08:17.910 [main] INFO  s.d.s.w.r.o.CachingOperationNameGenerator - [startingWith,41] - Generating unique operation named: listUsingGET_110
16:08:17.926 [main] INFO  o.a.c.h.Http11NioProtocol - [log,173] - Starting ProtocolHandler ["http-nio-9090"]
16:08:17.930 [main] INFO  o.a.c.h.Http11NioProtocol - [log,173] - Pausing ProtocolHandler ["http-nio-9090"]
16:08:17.931 [main] INFO  o.a.c.c.StandardService - [log,173] - Stopping service [Tomcat]
16:08:17.934 [main] INFO  o.a.c.h.Http11NioProtocol - [log,173] - Stopping ProtocolHandler ["http-nio-9090"]
16:08:17.934 [main] INFO  o.a.c.h.Http11NioProtocol - [log,173] - Destroying ProtocolHandler ["http-nio-9090"]
16:08:17.948 [main] INFO  o.q.c.QuartzScheduler - [shutdown,666] - Scheduler RuoyiScheduler_$_LAPTOP-802K4BVQ1778746089855 shutting down.
16:08:17.948 [main] INFO  o.q.c.QuartzScheduler - [standby,585] - Scheduler RuoyiScheduler_$_LAPTOP-802K4BVQ1778746089855 paused.
16:08:17.950 [main] INFO  o.q.c.QuartzScheduler - [shutdown,740] - Scheduler RuoyiScheduler_$_LAPTOP-802K4BVQ1778746089855 shutdown complete.
16:08:17.950 [main] INFO  sys-user - [shutdownAsyncManager,31] - ====关闭后台任务任务线程池====
16:08:17.962 [main] INFO  c.a.d.p.DruidDataSource - [close,2032] - {dataSource-1} closing ...
16:08:17.969 [main] INFO  c.a.d.p.DruidDataSource - [close,2104] - {dataSource-1} closed
16:09:41.417 [schedule-pool-1] INFO  sys-user - [run,56] - [127.0.0.1]鍐呯綉IP[admin][Error][楠岃瘉鐮佸凡澶辨晥]
16:10:46.973 [schedule-pool-3] INFO  sys-user - [run,56] - [127.0.0.1]鍐呯綉IP[admin][Error][楠岃瘉鐮侀敊璇痌
16:10:50.802 [schedule-pool-2] INFO  sys-user - [run,56] - [127.0.0.1]鍐呯綉IP[admin][Success][鐧诲綍鎴愬姛]
16:10:58.273 [schedule-pool-4] INFO  sys-user - [run,56] - [127.0.0.1]鍐呯綉IP[admin][Success][鐧诲綍鎴愬姛]
16:11:18.002 [schedule-pool-1] INFO  sys-user - [run,56] - [127.0.0.1]鍐呯綉IP[admin][Success][鐧诲綍鎴愬姛]
16:13:20.028 [background-preinit] INFO  o.h.v.i.util.Version - [<clinit>,21] - HV000001: Hibernate Validator 6.0.21.Final
16:13:20.048 [main] INFO  c.neu.NeuApplication - [logStarting,55] - Starting NeuApplication on LAPTOP-802K4BVQ with PID 27804 (D:\Users\002\Desktop\后端\neu-admin\target\carbon.jar started by 002 in C:\Users\002\.openclaw\workspace)
16:13:20.048 [main] INFO  c.neu.NeuApplication - [logStartupProfileInfo,655] - The following profiles are active: druid
16:13:23.627 [main] INFO  o.a.c.h.Http11NioProtocol - [log,173] - Initializing ProtocolHandler ["http-nio-9090"]
16:13:23.628 [main] INFO  o.a.c.c.StandardService - [log,173] - Starting service [Tomcat]
16:13:23.628 [main] INFO  o.a.c.c.StandardEngine - [log,173] - Starting Servlet engine: [Apache Tomcat/9.0.41]
16:13:23.740 [main] INFO  o.a.c.c.C.[.[.[/] - [log,173] - Initializing Spring embedded WebApplicationContext
16:13:27.749 [main] INFO  c.a.d.p.DruidDataSource - [init,985] - {dataSource-1} inited
16:13:28.119 [main] INFO  i.l.c.EpollProvider - [<clinit>,68] - Starting without optional epoll library
16:13:28.120 [main] INFO  i.l.c.KqueueProvider - [<clinit>,70] - Starting without optional kqueue library
16:13:30.713 [main] INFO  o.q.i.StdSchedulerFactory - [instantiate,1220] - Using default implementation for ThreadExecutor
16:13:30.734 [main] INFO  o.q.c.SchedulerSignalerImpl - [<init>,61] - Initialized Scheduler Signaller of type: class org.quartz.core.SchedulerSignalerImpl
16:13:30.734 [main] INFO  o.q.c.QuartzScheduler - [<init>,229] - Quartz Scheduler v.2.3.2 created.
16:13:30.743 [main] INFO  o.q.c.QuartzScheduler - [initialize,294] - Scheduler meta-data: Quartz Scheduler (v2.3.2) 'RuoyiScheduler' with instanceId 'LAPTOP-802K4BVQ1778746410715'
  Scheduler class: 'org.quartz.core.QuartzScheduler' - running locally.
  NOT STARTED.
  Currently in standby mode.
  Number of jobs executed: 0
  Using thread pool 'org.quartz.simpl.SimpleThreadPool' - with 20 threads.
  Using job-store 'org.springframework.scheduling.quartz.LocalDataSourceJobStore' - which supports persistence. and is clustered.

16:13:30.744 [main] INFO  o.q.i.StdSchedulerFactory - [instantiate,1374] - Quartz scheduler 'RuoyiScheduler' initialized from an externally provided properties instance.
16:13:30.744 [main] INFO  o.q.i.StdSchedulerFactory - [instantiate,1378] - Quartz scheduler version: 2.3.2
16:13:30.747 [main] INFO  o.q.c.QuartzScheduler - [setJobFactory,2293] - JobFactory set to: org.springframework.scheduling.quartz.AdaptableJobFactory@36b6964d
16:13:33.454 [main] INFO  s.d.s.w.WebMvcPropertySourcedRequestMappingHandlerMapping - [initHandlerMethods,69] - Mapped URL path [/v2/api-docs] onto method [springfox.documentation.swagger2.web.Swagger2ControllerWebMvc#getDocumentation(String, HttpServletRequest)]
16:13:34.590 [main] INFO  s.d.s.w.p.DocumentationPluginsBootstrapper - [start,93] - Documentation plugins bootstrapped
16:13:34.596 [main] INFO  s.d.s.w.p.DocumentationPluginsBootstrapper - [bootstrapDocumentationPlugins,79] - Found 1 custom documentation plugin(s)
16:13:34.931 [main] INFO  s.d.s.w.s.ApiListingReferenceScanner - [scan,44] - Scanning for api listing references
16:13:35.297 [main] INFO  s.d.s.w.r.o.CachingOperationNameGenerator - [startingWith,41] - Generating unique operation named: getInfoUsingGET_1
16:13:35.346 [main] INFO  s.d.s.w.r.o.CachingOperationNameGenerator - [startingWith,41] - Generating unique operation named: addUsingPOST_1
16:13:35.352 [main] INFO  s.d.s.w.r.o.CachingOperationNameGenerator - [startingWith,41] - Generating unique operation named: editUsingPUT_1
16:13:35.383 [main] INFO  s.d.s.w.r.o.CachingOperationNameGenerator - [startingWith,41] - Generating unique operation named: exportUsingGET_1
16:13:35.413 [main] INFO  s.d.s.w.r.o.CachingOperationNameGenerator - [startingWith,41] - Generating unique operation named: getInfoUsingGET_2
16:13:35.421 [main] INFO  s.d.s.w.r.o.CachingOperationNameGenerator - [startingWith,41] - Generating unique operation named: removeUsingDELETE_1
16:13:35.453 [main] INFO  s.d.s.w.r.o.CachingOperationNameGenerator - [startingWith,41] - Generating unique operation named: listUsingGET_1
16:13:35.462 [main] INFO  s.d.s.w.r.o.CachingOperationNameGenerator - [startingWith,41] - Generating unique operation named: addUsingPOST_2
16:13:35.466 [main] INFO  s.d.s.w.r.o.CachingOperationNameGenerator - [startingWith,41] - Generating unique operation named: editUsingPUT_2
16:13:35.471 [main] INFO  s.d.s.w.r.o.CachingOperationNameGenerator - [startingWith,41] - Generating unique operation named: exportUsingGET_2
16:13:35.475 [main] INFO  s.d.s.w.r.o.CachingOperationNameGenerator - [startingWith,41] - Generating unique operation named: getInfoUsingGET_3
16:13:35.479 [main] INFO  s.d.s.w.r.o.CachingOperationNameGenerator - [startingWith,41] - Generating unique operation named: removeUsingDELETE_2
16:13:35.483 [main] INFO  s.d.s.w.r.o.CachingOperationNameGenerator - [startingWith,41] - Generating unique operation named: listUsingGET_2
16:13:35.500 [main] INFO  s.d.s.w.r.o.CachingOperationNameGenerator - [startingWith,41] - Generating unique operation named: addUsingPOST_3
16:13:35.504 [main] INFO  s.d.s.w.r.o.CachingOperationNameGenerator - [startingWith,41] - Generating unique operation named: editUsingPUT_3
16:13:35.511 [main] INFO  s.d.s.w.r.o.CachingOperationNameGenerator - [startingWith,41] - Generating unique operation named: exportUsingGET_3
16:13:35.527 [main] INFO  s.d.s.w.r.o.CachingOperationNameGenerator - [startingWith,41] - Generating unique operation named: frontGetInfoUsingGET_1
16:13:35.532 [main] INFO  s.d.s.w.r.o.CachingOperationNameGenerator - [startingWith,41] - Generating unique operation named: getInfoUsingGET_4
16:13:35.535 [main] INFO  s.d.s.w.r.o.CachingOperationNameGenerator - [startingWith,41] - Generating unique operation named: removeUsingDELETE_3
16:13:35.540 [main] INFO  s.d.s.w.r.o.CachingOperationNameGenerator - [startingWith,41] - Generating unique operation named: frontListUsingGET_1
16:13:35.547 [main] INFO  s.d.s.w.r.o.CachingOperationNameGenerator - [startingWith,41] - Generating unique operation named: listUsingGET_3
16:13:35.554 [main] INFO  s.d.s.w.r.o.CachingOperationNameGenerator - [startingWith,41] - Generating unique operation named: addUsingPOST_4
16:13:35.557 [main] INFO  s.d.s.w.r.o.CachingOperationNameGenerator - [startingWith,41] - Generating unique operation named: editUsingPUT_4
16:13:35.563 [main] INFO  s.d.s.w.r.o.CachingOperationNameGenerator - [startingWith,41] - Generating unique operation named: exportUsingGET_4
16:13:35.569 [main] INFO  s.d.s.w.r.o.CachingOperationNameGenerator - [startingWith,41] - Generating unique operation named: getInfoUsingGET_5
16:13:35.572 [main] INFO  s.d.s.w.r.o.CachingOperationNameGenerator - [startingWith,41] - Generating unique operation named: removeUsingDELETE_4
16:13:35.577 [main] INFO  s.d.s.w.r.o.CachingOperationNameGenerator - [startingWith,41] - Generating unique operation named: listUsingGET_4
16:13:35.582 [main] INFO  s.d.s.w.r.o.CachingOperationNameGenerator - [startingWith,41] - Generating unique operation named: addUsingPOST_5
16:13:35.586 [main] INFO  s.d.s.w.r.o.CachingOperationNameGenerator - [startingWith,41] - Generating unique operation named: editUsingPUT_5
16:13:35.595 [main] INFO  s.d.s.w.r.o.CachingOperationNameGenerator - [startingWith,41] - Generating unique operation named: exportUsingGET_5
16:13:35.602 [main] INFO  s.d.s.w.r.o.CachingOperationNameGenerator - [startingWith,41] - Generating unique operation named: frontGetInfoUsingGET_2
16:13:35.607 [main] INFO  s.d.s.w.r.o.CachingOperationNameGenerator - [startingWith,41] - Generating unique operation named: getInfoUsingGET_6
16:13:35.613 [main] INFO  s.d.s.w.r.o.CachingOperationNameGenerator - [startingWith,41] - Generating unique operation named: removeUsingDELETE_5
16:13:35.623 [main] INFO  s.d.s.w.r.o.CachingOperationNameGenerator - [startingWith,41] - Generating unique operation named: frontListUsingGET_2
16:13:35.633 [main] INFO  s.d.s.w.r.o.CachingOperationNameGenerator - [startingWith,41] - Generating unique operation named: listUsingGET_5
16:13:35.639 [main] INFO  s.d.s.w.r.o.CachingOperationNameGenerator - [startingWith,41] - Generating unique operation named: addUsingPOST_6
16:13:35.642 [main] INFO  s.d.s.w.r.o.CachingOperationNameGenerator - [startingWith,41] - Generating unique operation named: editUsingPUT_6
16:13:35.646 [main] INFO  s.d.s.w.r.o.CachingOperationNameGenerator - [startingWith,41] - Generating unique operation named: exportUsingGET_6
16:13:35.650 [main] INFO  s.d.s.w.r.o.CachingOperationNameGenerator - [startingWith,41] - Generating unique operation named: getInfoUsingGET_7
16:13:35.654 [main] INFO  s.d.s.w.r.o.CachingOperationNameGenerator - [startingWith,41] - Generating unique operation named: removeUsingDELETE_6
16:13:35.658 [main] INFO  s.d.s.w.r.o.CachingOperationNameGenerator - [startingWith,41] - Generating unique operation named: listUsingGET_6
16:13:35.664 [main] INFO  s.d.s.w.r.o.CachingOperationNameGenerator - [startingWith,41] - Generating unique operation named: addUsingPOST_7
16:13:35.667 [main] INFO  s.d.s.w.r.o.CachingOperationNameGenerator - [startingWith,41] - Generating unique operation named: editUsingPUT_7
16:13:35.671 [main] INFO  s.d.s.w.r.o.CachingOperationNameGenerator - [startingWith,41] - Generating unique operation named: exportUsingGET_7
16:13:35.677 [main] INFO  s.d.s.w.r.o.CachingOperationNameGenerator - [startingWith,41] - Generating unique operation named: frontAddUsingPOST_1
16:13:35.684 [main] INFO  s.d.s.w.r.o.CachingOperationNameGenerator - [startingWith,41] - Generating unique operation named: frontGetInfoUsingGET_3
16:13:35.687 [main] INFO  s.d.s.w.r.o.CachingOperationNameGenerator - [startingWith,41] - Generating unique operation named: getInfoUsingGET_8
16:13:35.690 [main] INFO  s.d.s.w.r.o.CachingOperationNameGenerator - [startingWith,41] - Generating unique operation named: removeUsingDELETE_7
16:13:35.693 [main] INFO  s.d.s.w.r.o.CachingOperationNameGenerator - [startingWith,41] - Generating unique operation named: frontListUsingGET_3
16:13:35.697 [main] INFO  s.d.s.w.r.o.CachingOperationNameGenerator - [startingWith,41] - Generating unique operation named: listUsingGET_7
16:13:35.706 [main] INFO  s.d.s.w.r.o.CachingOperationNameGenerator - [startingWith,41] - Generating unique operation named: addUsingPOST_8
16:13:35.711 [main] INFO  s.d.s.w.r.o.CachingOperationNameGenerator - [startingWith,41] - Generating unique operation named: editUsingPUT_8
16:13:35.718 [main] INFO  s.d.s.w.r.o.CachingOperationNameGenerator - [startingWith,41] - Generating unique operation named: exportUsingGET_8
16:13:35.725 [main] INFO  s.d.s.w.r.o.CachingOperationNameGenerator - [startingWith,41] - Generating unique operation named: frontGetInfoUsingGET_4
16:13:35.729 [main] INFO  s.d.s.w.r.o.CachingOperationNameGenerator - [startingWith,41] - Generating unique operation named: getInfoUsingGET_9
16:13:35.732 [main] INFO  s.d.s.w.r.o.CachingOperationNameGenerator - [startingWith,41] - Generating unique operation named: removeUsingDELETE_8
16:13:35.737 [main] INFO  s.d.s.w.r.o.CachingOperationNameGenerator - [startingWith,41] - Generating unique operation named: frontListUsingGET_4
16:13:35.744 [main] INFO  s.d.s.w.r.o.CachingOperationNameGenerator - [startingWith,41] - Generating unique operation named: listUsingGET_8
16:13:35.754 [main] INFO  s.d.s.w.r.o.CachingOperationNameGenerator - [startingWith,41] - Generating unique operation named: addUsingPOST_9
16:13:35.758 [main] INFO  s.d.s.w.r.o.CachingOperationNameGenerator - [startingWith,41] - Generating unique operation named: editUsingPUT_9
16:13:35.765 [main] INFO  s.d.s.w.r.o.CachingOperationNameGenerator - [startingWith,41] - Generating unique operation named: exportUsingGET_9
16:13:35.771 [main] INFO  s.d.s.w.r.o.CachingOperationNameGenerator - [startingWith,41] - Generating unique operation named: frontGetInfoUsingGET_5
16:13:35.776 [main] INFO  s.d.s.w.r.o.CachingOperationNameGenerator - [startingWith,41] - Generating unique operation named: getInfoUsingGET_10
16:13:35.786 [main] INFO  s.d.s.w.r.o.CachingOperationNameGenerator - [startingWith,41] - Generating unique operation named: removeUsingDELETE_9
16:13:35.794 [main] INFO  s.d.s.w.r.o.CachingOperationNameGenerator - [startingWith,41] - Generating unique operation named: frontListUsingGET_5
16:13:35.799 [main] INFO  s.d.s.w.r.o.CachingOperationNameGenerator - [startingWith,41] - Generating unique operation named: listUsingGET_9
16:13:35.811 [main] INFO  s.d.s.w.r.o.CachingOperationNameGenerator - [startingWith,41] - Generating unique operation named: addUsingPOST_10
16:13:35.814 [main] INFO  s.d.s.w.r.o.CachingOperationNameGenerator - [startingWith,41] - Generating unique operation named: editUsingPUT_10
16:13:35.820 [main] INFO  s.d.s.w.r.o.CachingOperationNameGenerator - [startingWith,41] - Generating unique operation named: exportUsingGET_10
16:13:35.835 [main] INFO  s.d.s.w.r.o.CachingOperationNameGenerator - [startingWith,41] - Generating unique operation named: getInfoUsingGET_11
16:13:35.844 [main] INFO  s.d.s.w.r.o.CachingOperationNameGenerator - [startingWith,41] - Generating unique operation named: removeUsingDELETE_10
16:13:35.848 [main] INFO  s.d.s.w.r.o.CachingOperationNameGenerator - [startingWith,41] - Generating unique operation named: listUsingGET_10
16:13:35.854 [main] INFO  s.d.s.w.r.o.CachingOperationNameGenerator - [startingWith,41] - Generating unique operation named: addUsingPOST_11
16:13:35.857 [main] INFO  s.d.s.w.r.o.CachingOperationNameGenerator - [startingWith,41] - Generating unique operation named: editUsingPUT_11
16:13:35.862 [main] INFO  s.d.s.w.r.o.CachingOperationNameGenerator - [startingWith,41] - Generating unique operation named: exportUsingGET_11
16:13:35.869 [main] INFO  s.d.s.w.r.o.CachingOperationNameGenerator - [startingWith,41] - Generating unique operation named: getInfoUsingGET_12
16:13:35.873 [main] INFO  s.d.s.w.r.o.CachingOperationNameGenerator - [startingWith,41] - Generating unique operation named: removeUsingDELETE_11
16:13:35.879 [main] INFO  s.d.s.w.r.o.CachingOperationNameGenerator - [startingWith,41] - Generating unique operation named: listUsingGET_11
16:13:35.884 [main] INFO  s.d.s.w.r.o.CachingOperationNameGenerator - [startingWith,41] - Generating unique operation named: addUsingPOST_12
16:13:35.888 [main] INFO  s.d.s.w.r.o.CachingOperationNameGenerator - [startingWith,41] - Generating unique operation named: editUsingPUT_12
16:13:35.894 [main] INFO  s.d.s.w.r.o.CachingOperationNameGenerator - [startingWith,41] - Generating unique operation named: exportUsingGET_12
16:13:35.900 [main] INFO  s.d.s.w.r.o.CachingOperationNameGenerator - [startingWith,41] - Generating unique operation named: frontGetInfoUsingGET_6
16:13:35.905 [main] INFO  s.d.s.w.r.o.CachingOperationNameGenerator - [startingWith,41] - Generating unique operation named: getInfoUsingGET_13
16:13:35.911 [main] INFO  s.d.s.w.r.o.CachingOperationNameGenerator - [startingWith,41] - Generating unique operation named: removeUsingDELETE_12
16:13:35.916 [main] INFO  s.d.s.w.r.o.CachingOperationNameGenerator - [startingWith,41] - Generating unique operation named: frontListUsingGET_6
16:13:35.921 [main] INFO  s.d.s.w.r.o.CachingOperationNameGenerator - [startingWith,41] - Generating unique operation named: listUsingGET_12
16:13:35.930 [main] INFO  s.d.s.w.r.o.CachingOperationNameGenerator - [startingWith,41] - Generating unique operation named: addUsingPOST_13
16:13:35.933 [main] INFO  s.d.s.w.r.o.CachingOperationNameGenerator - [startingWith,41] - Generating unique operation named: editUsingPUT_13
16:13:35.939 [main] INFO  s.d.s.w.r.o.CachingOperationNameGenerator - [startingWith,41] - Generating unique operation named: exportUsingGET_13
16:13:35.945 [main] INFO  s.d.s.w.r.o.CachingOperationNameGenerator - [startingWith,41] - Generating unique operation named: frontGetInfoUsingGET_7
16:13:35.949 [main] INFO  s.d.s.w.r.o.CachingOperationNameGenerator - [startingWith,41] - Generating unique operation named: getInfoUsingGET_14
16:13:35.952 [main] INFO  s.d.s.w.r.o.CachingOperationNameGenerator - [startingWith,41] - Generating unique operation named: removeUsingDELETE_13
16:13:35.956 [main] INFO  s.d.s.w.r.o.CachingOperationNameGenerator - [startingWith,41] - Generating unique operation named: frontListUsingGET_7
16:13:35.961 [main] INFO  s.d.s.w.r.o.CachingOperationNameGenerator - [startingWith,41] - Generating unique operation named: listUsingGET_13
16:13:35.965 [main] INFO  s.d.s.w.r.o.CachingOperationNameGenerator - [startingWith,41] - Generating unique operation named: addUsingPOST_14
16:13:35.968 [main] INFO  s.d.s.w.r.o.CachingOperationNameGenerator - [startingWith,41] - Generating unique operation named: editUsingPUT_14
16:13:35.971 [main] INFO  s.d.s.w.r.o.CachingOperationNameGenerator - [startingWith,41] - Generating unique operation named: exportUsingGET_14
16:13:35.975 [main] INFO  s.d.s.w.r.o.CachingOperationNameGenerator - [startingWith,41] - Generating unique operation named: getInfoUsingGET_15
16:13:35.979 [main] INFO  s.d.s.w.r.o.CachingOperationNameGenerator - [startingWith,41] - Generating unique operation named: removeUsingDELETE_14
16:13:35.984 [main] INFO  s.d.s.w.r.o.CachingOperationNameGenerator - [startingWith,41] - Generating unique operation named: listUsingGET_14
16:13:36.001 [main] INFO  s.d.s.w.r.o.CachingOperationNameGenerator - [startingWith,41] - Generating unique operation named: addUsingPOST_15
16:13:36.006 [main] INFO  s.d.s.w.r.o.CachingOperationNameGenerator - [startingWith,41] - Generating unique operation named: editUsingPUT_15
16:13:36.014 [main] INFO  s.d.s.w.r.o.CachingOperationNameGenerator - [startingWith,41] - Generating unique operation named: exportUsingGET_15
16:13:36.022 [main] INFO  s.d.s.w.r.o.CachingOperationNameGenerator - [startingWith,41] - Generating unique operation named: getInfoUsingGET_16
16:13:36.029 [main] INFO  s.d.s.w.r.o.CachingOperationNameGenerator - [startingWith,41] - Generating unique operation named: removeUsingDELETE_15
16:13:36.033 [main] INFO  s.d.s.w.r.o.CachingOperationNameGenerator - [startingWith,41] - Generating unique operation named: listUsingGET_15
16:13:36.045 [main] INFO  s.d.s.w.r.o.CachingOperationNameGenerator - [startingWith,41] - Generating unique operation named: addUsingPOST_16
16:13:36.050 [main] INFO  s.d.s.w.r.o.CachingOperationNameGenerator - [startingWith,41] - Generating unique operation named: editUsingPUT_16
16:13:36.056 [main] INFO  s.d.s.w.r.o.CachingOperationNameGenerator - [startingWith,41] - Generating unique operation named: exportUsingGET_16
16:13:36.062 [main] INFO  s.d.s.w.r.o.CachingOperationNameGenerator - [startingWith,41] - Generating unique operation named: getInfoUsingGET_17
16:13:36.066 [main] INFO  s.d.s.w.r.o.CachingOperationNameGenerator - [startingWith,41] - Generating unique operation named: removeUsingDELETE_16
16:13:36.094 [main] INFO  s.d.s.w.r.o.CachingOperationNameGenerator - [startingWith,41] - Generating unique operation named: listUsingGET_16
16:13:36.101 [main] INFO  s.d.s.w.r.o.CachingOperationNameGenerator - [startingWith,41] - Generating unique operation named: addUsingPOST_17
16:13:36.106 [main] INFO  s.d.s.w.r.o.CachingOperationNameGenerator - [startingWith,41] - Generating unique operation named: editUsingPUT_17
16:13:36.112 [main] INFO  s.d.s.w.r.o.CachingOperationNameGenerator - [startingWith,41] - Generating unique operation named: exportUsingGET_17
16:13:36.119 [main] INFO  s.d.s.w.r.o.CachingOperationNameGenerator - [startingWith,41] - Generating unique operation named: getInfoUsingGET_18
16:13:36.123 [main] INFO  s.d.s.w.r.o.CachingOperationNameGenerator - [startingWith,41] - Generating unique operation named: removeUsingDELETE_17
16:13:36.128 [main] INFO  s.d.s.w.r.o.CachingOperationNameGenerator - [startingWith,41] - Generating unique operation named: listUsingGET_17
16:13:36.134 [main] INFO  s.d.s.w.r.o.CachingOperationNameGenerator - [startingWith,41] - Generating unique operation named: addUsingPOST_18
16:13:36.138 [main] INFO  s.d.s.w.r.o.CachingOperationNameGenerator - [startingWith,41] - Generating unique operation named: editUsingPUT_18
16:13:36.143 [main] INFO  s.d.s.w.r.o.CachingOperationNameGenerator - [startingWith,41] - Generating unique operation named: exportUsingGET_18
16:13:36.149 [main] INFO  s.d.s.w.r.o.CachingOperationNameGenerator - [startingWith,41] - Generating unique operation named: getInfoUsingGET_19
16:13:36.152 [main] INFO  s.d.s.w.r.o.CachingOperationNameGenerator - [startingWith,41] - Generating unique operation named: removeUsingDELETE_18
16:13:36.161 [main] INFO  s.d.s.w.r.o.CachingOperationNameGenerator - [startingWith,41] - Generating unique operation named: listUsingGET_18
16:13:36.171 [main] INFO  s.d.s.w.r.o.CachingOperationNameGenerator - [startingWith,41] - Generating unique operation named: addUsingPOST_19
16:13:36.177 [main] INFO  s.d.s.w.r.o.CachingOperationNameGenerator - [startingWith,41] - Generating unique operation named: editUsingPUT_19
16:13:36.183 [main] INFO  s.d.s.w.r.o.CachingOperationNameGenerator - [startingWith,41] - Generating unique operation named: exportUsingGET_19
16:13:36.188 [main] INFO  s.d.s.w.r.o.CachingOperationNameGenerator - [startingWith,41] - Generating unique operation named: removeUsingDELETE_19
16:13:36.196 [main] INFO  s.d.s.w.r.o.CachingOperationNameGenerator - [startingWith,41] - Generating unique operation named: getInfoUsingGET_20
16:13:36.202 [main] INFO  s.d.s.w.r.o.CachingOperationNameGenerator - [startingWith,41] - Generating unique operation named: listUsingGET_19
16:13:36.207 [main] INFO  s.d.s.w.r.o.CachingOperationNameGenerator - [startingWith,41] - Generating unique operation named: addUsingPOST_20
16:13:36.212 [main] INFO  s.d.s.w.r.o.CachingOperationNameGenerator - [startingWith,41] - Generating unique operation named: editUsingPUT_20
16:13:36.217 [main] INFO  s.d.s.w.r.o.CachingOperationNameGenerator - [startingWith,41] - Generating unique operation named: exportUsingGET_20
16:13:36.222 [main] INFO  s.d.s.w.r.o.CachingOperationNameGenerator - [startingWith,41] - Generating unique operation named: getInfoUsingGET_21
16:13:36.226 [main] INFO  s.d.s.w.r.o.CachingOperationNameGenerator - [startingWith,41] - Generating unique operation named: removeUsingDELETE_20
16:13:36.230 [main] INFO  s.d.s.w.r.o.CachingOperationNameGenerator - [startingWith,41] - Generating unique operation named: listUsingGET_20
16:13:36.240 [main] INFO  s.d.s.w.r.o.CachingOperationNameGenerator - [startingWith,41] - Generating unique operation named: addUsingPOST_21
16:13:36.244 [main] INFO  s.d.s.w.r.o.CachingOperationNameGenerator - [startingWith,41] - Generating unique operation named: getInfoUsingGET_22
16:13:36.283 [main] INFO  s.d.s.w.r.o.CachingOperationNameGenerator - [startingWith,41] - Generating unique operation named: frontListUsingGET_8
16:13:36.324 [main] INFO  s.d.s.w.r.o.CachingOperationNameGenerator - [startingWith,41] - Generating unique operation named: addUsingPOST_22
16:13:36.328 [main] INFO  s.d.s.w.r.o.CachingOperationNameGenerator - [startingWith,41] - Generating unique operation named: editUsingPUT_21
16:13:36.333 [main] INFO  s.d.s.w.r.o.CachingOperationNameGenerator - [startingWith,41] - Generating unique operation named: exportUsingGET_21
16:13:36.338 [main] INFO  s.d.s.w.r.o.CachingOperationNameGenerator - [startingWith,41] - Generating unique operation named: getInfoUsingGET_23
16:13:36.342 [main] INFO  s.d.s.w.r.o.CachingOperationNameGenerator - [startingWith,41] - Generating unique operation named: removeUsingDELETE_21
16:13:36.348 [main] INFO  s.d.s.w.r.o.CachingOperationNameGenerator - [startingWith,41] - Generating unique operation named: listUsingGET_21
16:13:36.354 [main] INFO  s.d.s.w.r.o.CachingOperationNameGenerator - [startingWith,41] - Generating unique operation named: addUsingPOST_23
16:13:36.358 [main] INFO  s.d.s.w.r.o.CachingOperationNameGenerator - [startingWith,41] - Generating unique operation named: editUsingPUT_22
16:13:36.362 [main] INFO  s.d.s.w.r.o.CachingOperationNameGenerator - [startingWith,41] - Generating unique operation named: exportUsingGET_22
16:13:36.367 [main] INFO  s.d.s.w.r.o.CachingOperationNameGenerator - [startingWith,41] - Generating unique operation named: getInfoUsingGET_24
16:13:36.370 [main] INFO  s.d.s.w.r.o.CachingOperationNameGenerator - [startingWith,41] - Generating unique operation named: removeUsingDELETE_22
16:13:36.375 [main] INFO  s.d.s.w.r.o.CachingOperationNameGenerator - [startingWith,41] - Generating unique operation named: listUsingGET_22
16:13:36.383 [main] INFO  s.d.s.w.r.o.CachingOperationNameGenerator - [startingWith,41] - Generating unique operation named: addUsingPOST_24
16:13:36.388 [main] INFO  s.d.s.w.r.o.CachingOperationNameGenerator - [startingWith,41] - Generating unique operation named: editUsingPUT_23
16:13:36.394 [main] INFO  s.d.s.w.r.o.CachingOperationNameGenerator - [startingWith,41] - Generating unique operation named: exportUsingGET_23
16:13:36.400 [main] INFO  s.d.s.w.r.o.CachingOperationNameGenerator - [startingWith,41] - Generating unique operation named: getInfoUsingGET_25
16:13:36.405 [main] INFO  s.d.s.w.r.o.CachingOperationNameGenerator - [startingWith,41] - Generating unique operation named: removeUsingDELETE_23
16:13:36.412 [main] INFO  s.d.s.w.r.o.CachingOperationNameGenerator - [startingWith,41] - Generating unique operation named: listUsingGET_23
16:13:36.418 [main] INFO  s.d.s.w.r.o.CachingOperationNameGenerator - [startingWith,41] - Generating unique operation named: addUsingPOST_25
16:13:36.423 [main] INFO  s.d.s.w.r.o.CachingOperationNameGenerator - [startingWith,41] - Generating unique operation named: editUsingPUT_24
16:13:36.431 [main] INFO  s.d.s.w.r.o.CachingOperationNameGenerator - [startingWith,41] - Generating unique operation named: exportUsingGET_24
16:13:36.437 [main] INFO  s.d.s.w.r.o.CachingOperationNameGenerator - [startingWith,41] - Generating unique operation named: getInfoUsingGET_26
16:13:36.441 [main] INFO  s.d.s.w.r.o.CachingOperationNameGenerator - [startingWith,41] - Generating unique operation named: removeUsingDELETE_24
16:13:36.447 [main] INFO  s.d.s.w.r.o.CachingOperationNameGenerator - [startingWith,41] - Generating unique operation named: listUsingGET_24
16:13:36.452 [main] INFO  s.d.s.w.r.o.CachingOperationNameGenerator - [startingWith,41] - Generating unique operation named: addUsingPOST_26
16:13:36.456 [main] INFO  s.d.s.w.r.o.CachingOperationNameGenerator - [startingWith,41] - Generating unique operation named: editUsingPUT_25
16:13:36.461 [main] INFO  s.d.s.w.r.o.CachingOperationNameGenerator - [startingWith,41] - Generating unique operation named: exportUsingGET_25
16:13:36.466 [main] INFO  s.d.s.w.r.o.CachingOperationNameGenerator - [startingWith,41] - Generating unique operation named: getInfoUsingGET_27
16:13:36.470 [main] INFO  s.d.s.w.r.o.CachingOperationNameGenerator - [startingWith,41] - Generating unique operation named: removeUsingDELETE_25
16:13:36.473 [main] INFO  s.d.s.w.r.o.CachingOperationNameGenerator - [startingWith,41] - Generating unique operation named: listUsingGET_25
16:13:36.478 [main] INFO  s.d.s.w.r.o.CachingOperationNameGenerator - [startingWith,41] - Generating unique operation named: addUsingPOST_27
16:13:36.480 [main] INFO  s.d.s.w.r.o.CachingOperationNameGenerator - [startingWith,41] - Generating unique operation named: editUsingPUT_26
16:13:36.485 [main] INFO  s.d.s.w.r.o.CachingOperationNameGenerator - [startingWith,41] - Generating unique operation named: exportUsingGET_26
16:13:36.490 [main] INFO  s.d.s.w.r.o.CachingOperationNameGenerator - [startingWith,41] - Generating unique operation named: getInfoUsingGET_28
16:13:36.493 [main] INFO  s.d.s.w.r.o.CachingOperationNameGenerator - [startingWith,41] - Generating unique operation named: removeUsingDELETE_26
16:13:36.498 [main] INFO  s.d.s.w.r.o.CachingOperationNameGenerator - [startingWith,41] - Generating unique operation named: listUsingGET_26
16:13:36.504 [main] INFO  s.d.s.w.r.o.CachingOperationNameGenerator - [startingWith,41] - Generating unique operation named: addUsingPOST_28
16:13:36.509 [main] INFO  s.d.s.w.r.o.CachingOperationNameGenerator - [startingWith,41] - Generating unique operation named: editUsingPUT_27
16:13:36.515 [main] INFO  s.d.s.w.r.o.CachingOperationNameGenerator - [startingWith,41] - Generating unique operation named: exportUsingGET_27
16:13:36.518 [main] INFO  s.d.s.w.r.o.CachingOperationNameGenerator - [startingWith,41] - Generating unique operation named: getInfoUsingGET_29
16:13:36.521 [main] INFO  s.d.s.w.r.o.CachingOperationNameGenerator - [startingWith,41] - Generating unique operation named: removeUsingDELETE_27
16:13:36.524 [main] INFO  s.d.s.w.r.o.CachingOperationNameGenerator - [startingWith,41] - Generating unique operation named: listUsingGET_27
16:13:36.530 [main] INFO  s.d.s.w.r.o.CachingOperationNameGenerator - [startingWith,41] - Generating unique operation named: addUsingPOST_29
16:13:36.534 [main] INFO  s.d.s.w.r.o.CachingOperationNameGenerator - [startingWith,41] - Generating unique operation named: editUsingPUT_28
16:13:36.538 [main] INFO  s.d.s.w.r.o.CachingOperationNameGenerator - [startingWith,41] - Generating unique operation named: exportUsingGET_28
16:13:36.543 [main] INFO  s.d.s.w.r.o.CachingOperationNameGenerator - [startingWith,41] - Generating unique operation named: getInfoUsingGET_30
16:13:36.547 [main] INFO  s.d.s.w.r.o.CachingOperationNameGenerator - [startingWith,41] - Generating unique operation named: removeUsingDELETE_28
16:13:36.552 [main] INFO  s.d.s.w.r.o.CachingOperationNameGenerator - [startingWith,41] - Generating unique operation named: listUsingGET_28
16:13:36.603 [main] INFO  s.d.s.w.r.o.CachingOperationNameGenerator - [startingWith,41] - Generating unique operation named: exportUsingGET_29
16:13:36.614 [main] INFO  s.d.s.w.r.o.CachingOperationNameGenerator - [startingWith,41] - Generating unique operation named: listUsingGET_29
16:13:36.622 [main] INFO  s.d.s.w.r.o.CachingOperationNameGenerator - [startingWith,41] - Generating unique operation named: addUsingPOST_30
16:13:36.628 [main] INFO  s.d.s.w.r.o.CachingOperationNameGenerator - [startingWith,41] - Generating unique operation named: editUsingPUT_29
16:13:36.637 [main] INFO  s.d.s.w.r.o.CachingOperationNameGenerator - [startingWith,41] - Generating unique operation named: exportUsingGET_30
16:13:36.645 [main] INFO  s.d.s.w.r.o.CachingOperationNameGenerator - [startingWith,41] - Generating unique operation named: getInfoUsingGET_31
16:13:36.649 [main] INFO  s.d.s.w.r.o.CachingOperationNameGenerator - [startingWith,41] - Generating unique operation named: removeUsingDELETE_29
16:13:36.655 [main] INFO  s.d.s.w.r.o.CachingOperationNameGenerator - [startingWith,41] - Generating unique operation named: listUsingGET_30
16:13:36.663 [main] INFO  s.d.s.w.r.o.CachingOperationNameGenerator - [startingWith,41] - Generating unique operation named: addUsingPOST_31
16:13:36.667 [main] INFO  s.d.s.w.r.o.CachingOperationNameGenerator - [startingWith,41] - Generating unique operation named: editUsingPUT_30
16:13:36.673 [main] INFO  s.d.s.w.r.o.CachingOperationNameGenerator - [startingWith,41] - Generating unique operation named: exportUsingGET_31
16:13:36.680 [main] INFO  s.d.s.w.r.o.CachingOperationNameGenerator - [startingWith,41] - Generating unique operation named: getInfoUsingGET_32
16:13:36.685 [main] INFO  s.d.s.w.r.o.CachingOperationNameGenerator - [startingWith,41] - Generating unique operation named: removeUsingDELETE_30
16:13:36.690 [main] INFO  s.d.s.w.r.o.CachingOperationNameGenerator - [startingWith,41] - Generating unique operation named: listUsingGET_31
16:13:36.698 [main] INFO  s.d.s.w.r.o.CachingOperationNameGenerator - [startingWith,41] - Generating unique operation named: addUsingPOST_32
16:13:36.703 [main] INFO  s.d.s.w.r.o.CachingOperationNameGenerator - [startingWith,41] - Generating unique operation named: editUsingPUT_31
16:13:36.712 [main] INFO  s.d.s.w.r.o.CachingOperationNameGenerator - [startingWith,41] - Generating unique operation named: exportUsingGET_32
16:13:36.718 [main] INFO  s.d.s.w.r.o.CachingOperationNameGenerator - [startingWith,41] - Generating unique operation named: getInfoUsingGET_33
16:13:36.724 [main] INFO  s.d.s.w.r.o.CachingOperationNameGenerator - [startingWith,41] - Generating unique operation named: removeUsingDELETE_31
16:13:36.730 [main] INFO  s.d.s.w.r.o.CachingOperationNameGenerator - [startingWith,41] - Generating unique operation named: listUsingGET_32
16:13:36.738 [main] INFO  s.d.s.w.r.o.CachingOperationNameGenerator - [startingWith,41] - Generating unique operation named: addUsingPOST_33
16:13:36.747 [main] INFO  s.d.s.w.r.o.CachingOperationNameGenerator - [startingWith,41] - Generating unique operation named: editUsingPUT_32
16:13:36.751 [main] INFO  s.d.s.w.r.o.CachingOperationNameGenerator - [startingWith,41] - Generating unique operation named: exportUsingGET_33
16:13:36.757 [main] INFO  s.d.s.w.r.o.CachingOperationNameGenerator - [startingWith,41] - Generating unique operation named: getInfoUsingGET_34
16:13:36.763 [main] INFO  s.d.s.w.r.o.CachingOperationNameGenerator - [startingWith,41] - Generating unique operation named: removeUsingDELETE_32
16:13:36.769 [main] INFO  s.d.s.w.r.o.CachingOperationNameGenerator - [startingWith,41] - Generating unique operation named: listUsingGET_33
16:13:36.780 [main] INFO  s.d.s.w.r.o.CachingOperationNameGenerator - [startingWith,41] - Generating unique operation named: addUsingPOST_34
16:13:36.784 [main] INFO  s.d.s.w.r.o.CachingOperationNameGenerator - [startingWith,41] - Generating unique operation named: editUsingPUT_33
16:13:36.792 [main] INFO  s.d.s.w.r.o.CachingOperationNameGenerator - [startingWith,41] - Generating unique operation named: exportUsingGET_34
16:13:36.799 [main] INFO  s.d.s.w.r.o.CachingOperationNameGenerator - [startingWith,41] - Generating unique operation named: getInfoUsingGET_35
16:13:36.804 [main] INFO  s.d.s.w.r.o.CachingOperationNameGenerator - [startingWith,41] - Generating unique operation named: removeUsingDELETE_33
16:13:36.811 [main] INFO  s.d.s.w.r.o.CachingOperationNameGenerator - [startingWith,41] - Generating unique operation named: listUsingGET_34
16:13:36.821 [main] INFO  s.d.s.w.r.o.CachingOperationNameGenerator - [startingWith,41] - Generating unique operation named: addUsingPOST_35
16:13:36.830 [main] INFO  s.d.s.w.r.o.CachingOperationNameGenerator - [startingWith,41] - Generating unique operation named: editUsingPUT_34
16:13:36.843 [main] INFO  s.d.s.w.r.o.CachingOperationNameGenerator - [startingWith,41] - Generating unique operation named: exportUsingGET_35
16:13:36.852 [main] INFO  s.d.s.w.r.o.CachingOperationNameGenerator - [startingWith,41] - Generating unique operation named: getInfoUsingGET_36
16:13:36.856 [main] INFO  s.d.s.w.r.o.CachingOperationNameGenerator - [startingWith,41] - Generating unique operation named: removeUsingDELETE_34
16:13:36.871 [main] INFO  s.d.s.w.r.o.CachingOperationNameGenerator - [startingWith,41] - Generating unique operation named: listUsingGET_35
16:13:36.885 [main] INFO  s.d.s.w.r.o.CachingOperationNameGenerator - [startingWith,41] - Generating unique operation named: addUsingPOST_36
16:13:36.889 [main] INFO  s.d.s.w.r.o.CachingOperationNameGenerator - [startingWith,41] - Generating unique operation named: editUsingPUT_35
16:13:36.894 [main] INFO  s.d.s.w.r.o.CachingOperationNameGenerator - [startingWith,41] - Generating unique operation named: exportUsingGET_36
16:13:36.900 [main] INFO  s.d.s.w.r.o.CachingOperationNameGenerator - [startingWith,41] - Generating unique operation named: getInfoUsingGET_37
16:13:36.905 [main] INFO  s.d.s.w.r.o.CachingOperationNameGenerator - [startingWith,41] - Generating unique operation named: removeUsingDELETE_35
16:13:36.910 [main] INFO  s.d.s.w.r.o.CachingOperationNameGenerator - [startingWith,41] - Generating unique operation named: listUsingGET_36
16:13:36.916 [main] INFO  s.d.s.w.r.o.CachingOperationNameGenerator - [startingWith,41] - Generating unique operation named: addUsingPOST_37
16:13:36.920 [main] INFO  s.d.s.w.r.o.CachingOperationNameGenerator - [startingWith,41] - Generating unique operation named: editUsingPUT_36
16:13:36.925 [main] INFO  s.d.s.w.r.o.CachingOperationNameGenerator - [startingWith,41] - Generating unique operation named: exportUsingGET_37
16:13:36.931 [main] INFO  s.d.s.w.r.o.CachingOperationNameGenerator - [startingWith,41] - Generating unique operation named: getInfoUsingGET_38
16:13:36.934 [main] INFO  s.d.s.w.r.o.CachingOperationNameGenerator - [startingWith,41] - Generating unique operation named: removeUsingDELETE_36
16:13:36.938 [main] INFO  s.d.s.w.r.o.CachingOperationNameGenerator - [startingWith,41] - Generating unique operation named: listUsingGET_37
16:13:36.946 [main] INFO  s.d.s.w.r.o.CachingOperationNameGenerator - [startingWith,41] - Generating unique operation named: addUsingPOST_38
16:13:36.951 [main] INFO  s.d.s.w.r.o.CachingOperationNameGenerator - [startingWith,41] - Generating unique operation named: editUsingPUT_37
16:13:36.957 [main] INFO  s.d.s.w.r.o.CachingOperationNameGenerator - [startingWith,41] - Generating unique operation named: exportUsingGET_38
16:13:36.964 [main] INFO  s.d.s.w.r.o.CachingOperationNameGenerator - [startingWith,41] - Generating unique operation named: getInfoUsingGET_39
16:13:36.969 [main] INFO  s.d.s.w.r.o.CachingOperationNameGenerator - [startingWith,41] - Generating unique operation named: removeUsingDELETE_37
16:13:36.973 [main] INFO  s.d.s.w.r.o.CachingOperationNameGenerator - [startingWith,41] - Generating unique operation named: listUsingGET_38
16:13:36.981 [main] INFO  s.d.s.w.r.o.CachingOperationNameGenerator - [startingWith,41] - Generating unique operation named: addUsingPOST_39
16:13:36.985 [main] INFO  s.d.s.w.r.o.CachingOperationNameGenerator - [startingWith,41] - Generating unique operation named: editUsingPUT_38
16:13:36.993 [main] INFO  s.d.s.w.r.o.CachingOperationNameGenerator - [startingWith,41] - Generating unique operation named: exportUsingGET_39
16:13:37.000 [main] INFO  s.d.s.w.r.o.CachingOperationNameGenerator - [startingWith,41] - Generating unique operation named: getInfoUsingGET_40
16:13:37.004 [main] INFO  s.d.s.w.r.o.CachingOperationNameGenerator - [startingWith,41] - Generating unique operation named: removeUsingDELETE_38
16:13:37.007 [main] INFO  s.d.s.w.r.o.CachingOperationNameGenerator - [startingWith,41] - Generating unique operation named: listUsingGET_39
16:13:37.013 [main] INFO  s.d.s.w.r.o.CachingOperationNameGenerator - [startingWith,41] - Generating unique operation named: addUsingPOST_40
16:13:37.016 [main] INFO  s.d.s.w.r.o.CachingOperationNameGenerator - [startingWith,41] - Generating unique operation named: editUsingPUT_39
16:13:37.023 [main] INFO  s.d.s.w.r.o.CachingOperationNameGenerator - [startingWith,41] - Generating unique operation named: exportUsingGET_40
16:13:37.028 [main] INFO  s.d.s.w.r.o.CachingOperationNameGenerator - [startingWith,41] - Generating unique operation named: getInfoUsingGET_41
16:13:37.031 [main] INFO  s.d.s.w.r.o.CachingOperationNameGenerator - [startingWith,41] - Generating unique operation named: removeUsingDELETE_39
16:13:37.036 [main] INFO  s.d.s.w.r.o.CachingOperationNameGenerator - [startingWith,41] - Generating unique operation named: listUsingGET_40
16:13:37.044 [main] INFO  s.d.s.w.r.o.CachingOperationNameGenerator - [startingWith,41] - Generating unique operation named: addUsingPOST_41
16:13:37.048 [main] INFO  s.d.s.w.r.o.CachingOperationNameGenerator - [startingWith,41] - Generating unique operation named: editUsingPUT_40
16:13:37.052 [main] INFO  s.d.s.w.r.o.CachingOperationNameGenerator - [startingWith,41] - Generating unique operation named: exportUsingGET_41
16:13:37.060 [main] INFO  s.d.s.w.r.o.CachingOperationNameGenerator - [startingWith,41] - Generating unique operation named: getInfoUsingGET_42
16:13:37.064 [main] INFO  s.d.s.w.r.o.CachingOperationNameGenerator - [startingWith,41] - Generating unique operation named: removeUsingDELETE_40
16:13:37.069 [main] INFO  s.d.s.w.r.o.CachingOperationNameGenerator - [startingWith,41] - Generating unique operation named: listUsingGET_41
16:13:37.081 [main] INFO  s.d.s.w.r.o.CachingOperationNameGenerator - [startingWith,41] - Generating unique operation named: addUsingPOST_42
16:13:37.086 [main] INFO  s.d.s.w.r.o.CachingOperationNameGenerator - [startingWith,41] - Generating unique operation named: editUsingPUT_41
16:13:37.091 [main] INFO  s.d.s.w.r.o.CachingOperationNameGenerator - [startingWith,41] - Generating unique operation named: exportUsingGET_42
16:13:37.097 [main] INFO  s.d.s.w.r.o.CachingOperationNameGenerator - [startingWith,41] - Generating unique operation named: getInfoUsingGET_43
16:13:37.101 [main] INFO  s.d.s.w.r.o.CachingOperationNameGenerator - [startingWith,41] - Generating unique operation named: removeUsingDELETE_41
16:13:37.107 [main] INFO  s.d.s.w.r.o.CachingOperationNameGenerator - [startingWith,41] - Generating unique operation named: listUsingGET_42
16:13:37.116 [main] INFO  s.d.s.w.r.o.CachingOperationNameGenerator - [startingWith,41] - Generating unique operation named: addUsingPOST_43
16:13:37.120 [main] INFO  s.d.s.w.r.o.CachingOperationNameGenerator - [startingWith,41] - Generating unique operation named: editUsingPUT_42
16:13:37.127 [main] INFO  s.d.s.w.r.o.CachingOperationNameGenerator - [startingWith,41] - Generating unique operation named: exportUsingGET_43
16:13:37.133 [main] INFO  s.d.s.w.r.o.CachingOperationNameGenerator - [startingWith,41] - Generating unique operation named: getInfoUsingGET_44
16:13:37.139 [main] INFO  s.d.s.w.r.o.CachingOperationNameGenerator - [startingWith,41] - Generating unique operation named: removeUsingDELETE_42
16:13:37.149 [main] INFO  s.d.s.w.r.o.CachingOperationNameGenerator - [startingWith,41] - Generating unique operation named: listUsingGET_43
16:13:37.156 [main] INFO  s.d.s.w.r.o.CachingOperationNameGenerator - [startingWith,41] - Generating unique operation named: addUsingPOST_44
16:13:37.167 [main] INFO  s.d.s.w.r.o.CachingOperationNameGenerator - [startingWith,41] - Generating unique operation named: editUsingPUT_43
16:13:37.178 [main] INFO  s.d.s.w.r.o.CachingOperationNameGenerator - [startingWith,41] - Generating unique operation named: exportUsingGET_44
16:13:37.188 [main] INFO  s.d.s.w.r.o.CachingOperationNameGenerator - [startingWith,41] - Generating unique operation named: getInfoUsingGET_45
16:13:37.192 [main] INFO  s.d.s.w.r.o.CachingOperationNameGenerator - [startingWith,41] - Generating unique operation named: removeUsingDELETE_43
16:13:37.198 [main] INFO  s.d.s.w.r.o.CachingOperationNameGenerator - [startingWith,41] - Generating unique operation named: listUsingGET_44
16:13:37.206 [main] INFO  s.d.s.w.r.o.CachingOperationNameGenerator - [startingWith,41] - Generating unique operation named: addUsingPOST_45
16:13:37.211 [main] INFO  s.d.s.w.r.o.CachingOperationNameGenerator - [startingWith,41] - Generating unique operation named: editUsingPUT_44
16:13:37.216 [main] INFO  s.d.s.w.r.o.CachingOperationNameGenerator - [startingWith,41] - Generating unique operation named: exportUsingGET_45
16:13:37.222 [main] INFO  s.d.s.w.r.o.CachingOperationNameGenerator - [startingWith,41] - Generating unique operation named: getInfoUsingGET_46
16:13:37.227 [main] INFO  s.d.s.w.r.o.CachingOperationNameGenerator - [startingWith,41] - Generating unique operation named: removeUsingDELETE_44
16:13:37.232 [main] INFO  s.d.s.w.r.o.CachingOperationNameGenerator - [startingWith,41] - Generating unique operation named: listUsingGET_45
16:13:37.240 [main] INFO  s.d.s.w.r.o.CachingOperationNameGenerator - [startingWith,41] - Generating unique operation named: addUsingPOST_46
16:13:37.245 [main] INFO  s.d.s.w.r.o.CachingOperationNameGenerator - [startingWith,41] - Generating unique operation named: editUsingPUT_45
16:13:37.252 [main] INFO  s.d.s.w.r.o.CachingOperationNameGenerator - [startingWith,41] - Generating unique operation named: exportUsingGET_46
16:13:37.258 [main] INFO  s.d.s.w.r.o.CachingOperationNameGenerator - [startingWith,41] - Generating unique operation named: getInfoUsingGET_47
16:13:37.261 [main] INFO  s.d.s.w.r.o.CachingOperationNameGenerator - [startingWith,41] - Generating unique operation named: removeUsingDELETE_45
16:13:37.265 [main] INFO  s.d.s.w.r.o.CachingOperationNameGenerator - [startingWith,41] - Generating unique operation named: listUsingGET_46
16:13:37.271 [main] INFO  s.d.s.w.r.o.CachingOperationNameGenerator - [startingWith,41] - Generating unique operation named: addUsingPOST_47
16:13:37.273 [main] INFO  s.d.s.w.r.o.CachingOperationNameGenerator - [startingWith,41] - Generating unique operation named: editUsingPUT_46
16:13:37.278 [main] INFO  s.d.s.w.r.o.CachingOperationNameGenerator - [startingWith,41] - Generating unique operation named: exportUsingGET_47
16:13:37.283 [main] INFO  s.d.s.w.r.o.CachingOperationNameGenerator - [startingWith,41] - Generating unique operation named: getInfoUsingGET_48
16:13:37.286 [main] INFO  s.d.s.w.r.o.CachingOperationNameGenerator - [startingWith,41] - Generating unique operation named: removeUsingDELETE_46
16:13:37.290 [main] INFO  s.d.s.w.r.o.CachingOperationNameGenerator - [startingWith,41] - Generating unique operation named: listUsingGET_47
16:13:37.297 [main] INFO  s.d.s.w.r.o.CachingOperationNameGenerator - [startingWith,41] - Generating unique operation named: addUsingPOST_48
16:13:37.301 [main] INFO  s.d.s.w.r.o.CachingOperationNameGenerator - [startingWith,41] - Generating unique operation named: auditUsingPUT_1
16:13:37.304 [main] INFO  s.d.s.w.r.o.CachingOperationNameGenerator - [startingWith,41] - Generating unique operation named: editUsingPUT_47
16:13:37.312 [main] INFO  s.d.s.w.r.o.CachingOperationNameGenerator - [startingWith,41] - Generating unique operation named: exportUsingGET_48
16:13:37.318 [main] INFO  s.d.s.w.r.o.CachingOperationNameGenerator - [startingWith,41] - Generating unique operation named: getInfoUsingGET_49
16:13:37.322 [main] INFO  s.d.s.w.r.o.CachingOperationNameGenerator - [startingWith,41] - Generating unique operation named: removeUsingDELETE_47
16:13:37.327 [main] INFO  s.d.s.w.r.o.CachingOperationNameGenerator - [startingWith,41] - Generating unique operation named: submitUsingPUT_1
16:13:37.332 [main] INFO  s.d.s.w.r.o.CachingOperationNameGenerator - [startingWith,41] - Generating unique operation named: listUsingGET_48
16:13:37.337 [main] INFO  s.d.s.w.r.o.CachingOperationNameGenerator - [startingWith,41] - Generating unique operation named: list4AuditUsingGET_1
16:13:37.344 [main] INFO  s.d.s.w.r.o.CachingOperationNameGenerator - [startingWith,41] - Generating unique operation named: addUsingPOST_49
16:13:37.348 [main] INFO  s.d.s.w.r.o.CachingOperationNameGenerator - [startingWith,41] - Generating unique operation named: editUsingPUT_48
16:13:37.350 [main] INFO  s.d.s.w.r.o.CachingOperationNameGenerator - [startingWith,41] - Generating unique operation named: exportUsingGET_49
16:13:37.356 [main] INFO  s.d.s.w.r.o.CachingOperationNameGenerator - [startingWith,41] - Generating unique operation named: getInfoUsingGET_50
16:13:37.360 [main] INFO  s.d.s.w.r.o.CachingOperationNameGenerator - [startingWith,41] - Generating unique operation named: removeUsingDELETE_48
16:13:37.367 [main] INFO  s.d.s.w.r.o.CachingOperationNameGenerator - [startingWith,41] - Generating unique operation named: listUsingGET_49
16:13:37.374 [main] INFO  s.d.s.w.r.o.CachingOperationNameGenerator - [startingWith,41] - Generating unique operation named: addUsingPOST_50
16:13:37.378 [main] INFO  s.d.s.w.r.o.CachingOperationNameGenerator - [startingWith,41] - Generating unique operation named: editUsingPUT_49
16:13:37.386 [main] INFO  s.d.s.w.r.o.CachingOperationNameGenerator - [startingWith,41] - Generating unique operation named: exportUsingGET_50
16:13:37.396 [main] INFO  s.d.s.w.r.o.CachingOperationNameGenerator - [startingWith,41] - Generating unique operation named: getInfoUsingGET_51
16:13:37.403 [main] INFO  s.d.s.w.r.o.CachingOperationNameGenerator - [startingWith,41] - Generating unique operation named: removeUsingDELETE_49
16:13:37.409 [main] INFO  s.d.s.w.r.o.CachingOperationNameGenerator - [startingWith,41] - Generating unique operation named: listUsingGET_50
16:13:37.415 [main] INFO  s.d.s.w.r.o.CachingOperationNameGenerator - [startingWith,41] - Generating unique operation named: addUsingPOST_51
16:13:37.419 [main] INFO  s.d.s.w.r.o.CachingOperationNameGenerator - [startingWith,41] - Generating unique operation named: editUsingPUT_50
16:13:37.422 [main] INFO  s.d.s.w.r.o.CachingOperationNameGenerator - [startingWith,41] - Generating unique operation named: exportUsingGET_51
16:13:37.427 [main] INFO  s.d.s.w.r.o.CachingOperationNameGenerator - [startingWith,41] - Generating unique operation named: getInfoUsingGET_52
16:13:37.431 [main] INFO  s.d.s.w.r.o.CachingOperationNameGenerator - [startingWith,41] - Generating unique operation named: removeUsingDELETE_50
16:13:37.434 [main] INFO  s.d.s.w.r.o.CachingOperationNameGenerator - [startingWith,41] - Generating unique operation named: listUsingGET_51
16:13:37.440 [main] INFO  s.d.s.w.r.o.CachingOperationNameGenerator - [startingWith,41] - Generating unique operation named: addUsingPOST_52
16:13:37.444 [main] INFO  s.d.s.w.r.o.CachingOperationNameGenerator - [startingWith,41] - Generating unique operation named: editUsingPUT_51
16:13:37.449 [main] INFO  s.d.s.w.r.o.CachingOperationNameGenerator - [startingWith,41] - Generating unique operation named: exportUsingGET_52
16:13:37.454 [main] INFO  s.d.s.w.r.o.CachingOperationNameGenerator - [startingWith,41] - Generating unique operation named: getInfoUsingGET_53
16:13:37.459 [main] INFO  s.d.s.w.r.o.CachingOperationNameGenerator - [startingWith,41] - Generating unique operation named: removeUsingDELETE_51
16:13:37.466 [main] INFO  s.d.s.w.r.o.CachingOperationNameGenerator - [startingWith,41] - Generating unique operation named: listUsingGET_52
16:13:37.486 [main] INFO  s.d.s.w.r.o.CachingOperationNameGenerator - [startingWith,41] - Generating unique operation named: addUsingPOST_53
16:13:37.490 [main] INFO  s.d.s.w.r.o.CachingOperationNameGenerator - [startingWith,41] - Generating unique operation named: editUsingPUT_52
16:13:37.495 [main] INFO  s.d.s.w.r.o.CachingOperationNameGenerator - [startingWith,41] - Generating unique operation named: exportUsingGET_53
16:13:37.501 [main] INFO  s.d.s.w.r.o.CachingOperationNameGenerator - [startingWith,41] - Generating unique operation named: getInfoUsingGET_54
16:13:37.505 [main] INFO  s.d.s.w.r.o.CachingOperationNameGenerator - [startingWith,41] - Generating unique operation named: removeUsingDELETE_52
16:13:37.509 [main] INFO  s.d.s.w.r.o.CachingOperationNameGenerator - [startingWith,41] - Generating unique operation named: listUsingGET_53
16:13:37.518 [main] INFO  s.d.s.w.r.o.CachingOperationNameGenerator - [startingWith,41] - Generating unique operation named: addUsingPOST_54
16:13:37.522 [main] INFO  s.d.s.w.r.o.CachingOperationNameGenerator - [startingWith,41] - Generating unique operation named: auditUsingPUT_2
16:13:37.527 [main] INFO  s.d.s.w.r.o.CachingOperationNameGenerator - [startingWith,41] - Generating unique operation named: editUsingPUT_53
16:13:37.536 [main] INFO  s.d.s.w.r.o.CachingOperationNameGenerator - [startingWith,41] - Generating unique operation named: exportUsingGET_54
16:13:37.546 [main] INFO  s.d.s.w.r.o.CachingOperationNameGenerator - [startingWith,41] - Generating unique operation named: getInfoUsingGET_55
16:13:37.550 [main] INFO  s.d.s.w.r.o.CachingOperationNameGenerator - [startingWith,41] - Generating unique operation named: removeUsingDELETE_53
16:13:37.554 [main] INFO  s.d.s.w.r.o.CachingOperationNameGenerator - [startingWith,41] - Generating unique operation named: submitUsingPUT_2
16:13:37.558 [main] INFO  s.d.s.w.r.o.CachingOperationNameGenerator - [startingWith,41] - Generating unique operation named: listUsingGET_54
16:13:37.565 [main] INFO  s.d.s.w.r.o.CachingOperationNameGenerator - [startingWith,41] - Generating unique operation named: list4AuditUsingGET_2
16:13:37.571 [main] INFO  s.d.s.w.r.o.CachingOperationNameGenerator - [startingWith,41] - Generating unique operation named: addUsingPOST_55
16:13:37.576 [main] INFO  s.d.s.w.r.o.CachingOperationNameGenerator - [startingWith,41] - Generating unique operation named: editUsingPUT_54
16:13:37.581 [main] INFO  s.d.s.w.r.o.CachingOperationNameGenerator - [startingWith,41] - Generating unique operation named: exportUsingGET_55
16:13:37.587 [main] INFO  s.d.s.w.r.o.CachingOperationNameGenerator - [startingWith,41] - Generating unique operation named: getInfoUsingGET_56
16:13:37.590 [main] INFO  s.d.s.w.r.o.CachingOperationNameGenerator - [startingWith,41] - Generating unique operation named: removeUsingDELETE_54
16:13:37.594 [main] INFO  s.d.s.w.r.o.CachingOperationNameGenerator - [startingWith,41] - Generating unique operation named: listUsingGET_55
16:13:37.601 [main] INFO  s.d.s.w.r.o.CachingOperationNameGenerator - [startingWith,41] - Generating unique operation named: addUsingPOST_56
16:13:37.604 [main] INFO  s.d.s.w.r.o.CachingOperationNameGenerator - [startingWith,41] - Generating unique operation named: editUsingPUT_55
16:13:37.612 [main] INFO  s.d.s.w.r.o.CachingOperationNameGenerator - [startingWith,41] - Generating unique operation named: exportUsingGET_56
16:13:37.619 [main] INFO  s.d.s.w.r.o.CachingOperationNameGenerator - [startingWith,41] - Generating unique operation named: getInfoUsingGET_57
16:13:37.624 [main] INFO  s.d.s.w.r.o.CachingOperationNameGenerator - [startingWith,41] - Generating unique operation named: removeUsingDELETE_55
16:13:37.630 [main] INFO  s.d.s.w.r.o.CachingOperationNameGenerator - [startingWith,41] - Generating unique operation named: listUsingGET_56
16:13:37.639 [main] INFO  s.d.s.w.r.o.CachingOperationNameGenerator - [startingWith,41] - Generating unique operation named: addUsingPOST_57
16:13:37.645 [main] INFO  s.d.s.w.r.o.CachingOperationNameGenerator - [startingWith,41] - Generating unique operation named: editUsingPUT_56
16:13:37.649 [main] INFO  s.d.s.w.r.o.CachingOperationNameGenerator - [startingWith,41] - Generating unique operation named: exportUsingGET_57
16:13:37.656 [main] INFO  s.d.s.w.r.o.CachingOperationNameGenerator - [startingWith,41] - Generating unique operation named: getInfoUsingGET_58
16:13:37.661 [main] INFO  s.d.s.w.r.o.CachingOperationNameGenerator - [startingWith,41] - Generating unique operation named: removeUsingDELETE_56
16:13:37.666 [main] INFO  s.d.s.w.r.o.CachingOperationNameGenerator - [startingWith,41] - Generating unique operation named: listUsingGET_57
16:13:37.674 [main] INFO  s.d.s.w.r.o.CachingOperationNameGenerator - [startingWith,41] - Generating unique operation named: addUsingPOST_58
16:13:37.680 [main] INFO  s.d.s.w.r.o.CachingOperationNameGenerator - [startingWith,41] - Generating unique operation named: auditUsingPUT_3
16:13:37.684 [main] INFO  s.d.s.w.r.o.CachingOperationNameGenerator - [startingWith,41] - Generating unique operation named: editUsingPUT_57
16:13:37.694 [main] INFO  s.d.s.w.r.o.CachingOperationNameGenerator - [startingWith,41] - Generating unique operation named: exportUsingGET_58
16:13:37.700 [main] INFO  s.d.s.w.r.o.CachingOperationNameGenerator - [startingWith,41] - Generating unique operation named: getInfoUsingGET_59
16:13:37.704 [main] INFO  s.d.s.w.r.o.CachingOperationNameGenerator - [startingWith,41] - Generating unique operation named: removeUsingDELETE_57
16:13:37.708 [main] INFO  s.d.s.w.r.o.CachingOperationNameGenerator - [startingWith,41] - Generating unique operation named: submitUsingPUT_3
16:13:37.714 [main] INFO  s.d.s.w.r.o.CachingOperationNameGenerator - [startingWith,41] - Generating unique operation named: listUsingGET_58
16:13:37.721 [main] INFO  s.d.s.w.r.o.CachingOperationNameGenerator - [startingWith,41] - Generating unique operation named: list4AuditUsingGET_3
16:13:37.729 [main] INFO  s.d.s.w.r.o.CachingOperationNameGenerator - [startingWith,41] - Generating unique operation named: addUsingPOST_59
16:13:37.732 [main] INFO  s.d.s.w.r.o.CachingOperationNameGenerator - [startingWith,41] - Generating unique operation named: editUsingPUT_58
16:13:37.735 [main] INFO  s.d.s.w.r.o.CachingOperationNameGenerator - [startingWith,41] - Generating unique operation named: exportUsingGET_59
16:13:37.741 [main] INFO  s.d.s.w.r.o.CachingOperationNameGenerator - [startingWith,41] - Generating unique operation named: getInfoUsingGET_60
16:13:37.746 [main] INFO  s.d.s.w.r.o.CachingOperationNameGenerator - [startingWith,41] - Generating unique operation named: removeUsingDELETE_58
16:13:37.753 [main] INFO  s.d.s.w.r.o.CachingOperationNameGenerator - [startingWith,41] - Generating unique operation named: listUsingGET_59
16:13:37.762 [main] INFO  s.d.s.w.r.o.CachingOperationNameGenerator - [startingWith,41] - Generating unique operation named: addUsingPOST_60
16:13:37.767 [main] INFO  s.d.s.w.r.o.CachingOperationNameGenerator - [startingWith,41] - Generating unique operation named: auditUsingPUT_4
16:13:37.771 [main] INFO  s.d.s.w.r.o.CachingOperationNameGenerator - [startingWith,41] - Generating unique operation named: editUsingPUT_59
16:13:37.780 [main] INFO  s.d.s.w.r.o.CachingOperationNameGenerator - [startingWith,41] - Generating unique operation named: exportUsingGET_60
16:13:37.787 [main] INFO  s.d.s.w.r.o.CachingOperationNameGenerator - [startingWith,41] - Generating unique operation named: getInfoUsingGET_61
16:13:37.791 [main] INFO  s.d.s.w.r.o.CachingOperationNameGenerator - [startingWith,41] - Generating unique operation named: removeUsingDELETE_59
16:13:37.796 [main] INFO  s.d.s.w.r.o.CachingOperationNameGenerator - [startingWith,41] - Generating unique operation named: submitUsingPUT_4
16:13:37.801 [main] INFO  s.d.s.w.r.o.CachingOperationNameGenerator - [startingWith,41] - Generating unique operation named: listUsingGET_60
16:13:37.805 [main] INFO  s.d.s.w.r.o.CachingOperationNameGenerator - [startingWith,41] - Generating unique operation named: list4AuditUsingGET_4
16:13:37.813 [main] INFO  s.d.s.w.r.o.CachingOperationNameGenerator - [startingWith,41] - Generating unique operation named: addUsingPOST_61
16:13:37.844 [main] INFO  s.d.s.w.r.o.CachingOperationNameGenerator - [startingWith,41] - Generating unique operation named: editUsingPUT_60
16:13:37.849 [main] INFO  s.d.s.w.r.o.CachingOperationNameGenerator - [startingWith,41] - Generating unique operation named: exportUsingGET_61
16:13:37.856 [main] INFO  s.d.s.w.r.o.CachingOperationNameGenerator - [startingWith,41] - Generating unique operation named: getInfoUsingGET_62
16:13:37.861 [main] INFO  s.d.s.w.r.o.CachingOperationNameGenerator - [startingWith,41] - Generating unique operation named: removeUsingDELETE_60
16:13:37.865 [main] INFO  s.d.s.w.r.o.CachingOperationNameGenerator - [startingWith,41] - Generating unique operation named: listUsingGET_61
16:13:37.873 [main] INFO  s.d.s.w.r.o.CachingOperationNameGenerator - [startingWith,41] - Generating unique operation named: exportUsingGET_62
16:13:37.878 [main] INFO  s.d.s.w.r.o.CachingOperationNameGenerator - [startingWith,41] - Generating unique operation named: exportUsingGET_63
16:13:37.884 [main] INFO  s.d.s.w.r.o.CachingOperationNameGenerator - [startingWith,41] - Generating unique operation named: listUsingGET_62
16:13:37.890 [main] INFO  s.d.s.w.r.o.CachingOperationNameGenerator - [startingWith,41] - Generating unique operation named: listUsingGET_63
16:13:37.910 [main] INFO  s.d.s.w.r.o.CachingOperationNameGenerator - [startingWith,41] - Generating unique operation named: addUsingPOST_62
16:13:37.915 [main] INFO  s.d.s.w.r.o.CachingOperationNameGenerator - [startingWith,41] - Generating unique operation named: editUsingPUT_61
16:13:37.922 [main] INFO  s.d.s.w.r.o.CachingOperationNameGenerator - [startingWith,41] - Generating unique operation named: exportUsingGET_64
16:13:37.929 [main] INFO  s.d.s.w.r.o.CachingOperationNameGenerator - [startingWith,41] - Generating unique operation named: getInfoUsingGET_63
16:13:37.934 [main] INFO  s.d.s.w.r.o.CachingOperationNameGenerator - [startingWith,41] - Generating unique operation named: removeUsingDELETE_61
16:13:37.938 [main] INFO  s.d.s.w.r.o.CachingOperationNameGenerator - [startingWith,41] - Generating unique operation named: listUsingGET_64
16:13:37.944 [main] INFO  s.d.s.w.r.o.CachingOperationNameGenerator - [startingWith,41] - Generating unique operation named: addUsingPOST_63
16:13:37.947 [main] INFO  s.d.s.w.r.o.CachingOperationNameGenerator - [startingWith,41] - Generating unique operation named: editUsingPUT_62
16:13:37.951 [main] INFO  s.d.s.w.r.o.CachingOperationNameGenerator - [startingWith,41] - Generating unique operation named: exportUsingGET_65
16:13:37.957 [main] INFO  s.d.s.w.r.o.CachingOperationNameGenerator - [startingWith,41] - Generating unique operation named: getInfoUsingGET_64
16:13:37.962 [main] INFO  s.d.s.w.r.o.CachingOperationNameGenerator - [startingWith,41] - Generating unique operation named: removeUsingDELETE_62
16:13:37.968 [main] INFO  s.d.s.w.r.o.CachingOperationNameGenerator - [startingWith,41] - Generating unique operation named: listUsingGET_65
16:13:37.975 [main] INFO  s.d.s.w.r.o.CachingOperationNameGenerator - [startingWith,41] - Generating unique operation named: addUsingPOST_64
16:13:37.980 [main] INFO  s.d.s.w.r.o.CachingOperationNameGenerator - [startingWith,41] - Generating unique operation named: auditUsingPUT_5
16:13:37.985 [main] INFO  s.d.s.w.r.o.CachingOperationNameGenerator - [startingWith,41] - Generating unique operation named: editUsingPUT_63
16:13:37.991 [main] INFO  s.d.s.w.r.o.CachingOperationNameGenerator - [startingWith,41] - Generating unique operation named: exportUsingGET_66
16:13:37.999 [main] INFO  s.d.s.w.r.o.CachingOperationNameGenerator - [startingWith,41] - Generating unique operation named: getInfoUsingGET_65
16:13:38.002 [main] INFO  s.d.s.w.r.o.CachingOperationNameGenerator - [startingWith,41] - Generating unique operation named: removeUsingDELETE_63
16:13:38.008 [main] INFO  s.d.s.w.r.o.CachingOperationNameGenerator - [startingWith,41] - Generating unique operation named: submitUsingPUT_5
16:13:38.014 [main] INFO  s.d.s.w.r.o.CachingOperationNameGenerator - [startingWith,41] - Generating unique operation named: listUsingGET_66
16:13:38.018 [main] INFO  s.d.s.w.r.o.CachingOperationNameGenerator - [startingWith,41] - Generating unique operation named: list4AuditUsingGET_5
16:13:38.027 [main] INFO  s.d.s.w.r.o.CachingOperationNameGenerator - [startingWith,41] - Generating unique operation named: addUsingPOST_65
16:13:38.032 [main] INFO  s.d.s.w.r.o.CachingOperationNameGenerator - [startingWith,41] - Generating unique operation named: auditUsingPUT_6
16:13:38.037 [main] INFO  s.d.s.w.r.o.CachingOperationNameGenerator - [startingWith,41] - Generating unique operation named: editUsingPUT_64
16:13:38.050 [main] INFO  s.d.s.w.r.o.CachingOperationNameGenerator - [startingWith,41] - Generating unique operation named: exportUsingGET_67
16:13:38.069 [main] INFO  s.d.s.w.r.o.CachingOperationNameGenerator - [startingWith,41] - Generating unique operation named: getInfoUsingGET_66
16:13:38.080 [main] INFO  s.d.s.w.r.o.CachingOperationNameGenerator - [startingWith,41] - Generating unique operation named: removeUsingDELETE_64
16:13:38.084 [main] INFO  s.d.s.w.r.o.CachingOperationNameGenerator - [startingWith,41] - Generating unique operation named: submitUsingPUT_6
16:13:38.090 [main] INFO  s.d.s.w.r.o.CachingOperationNameGenerator - [startingWith,41] - Generating unique operation named: listUsingGET_67
16:13:38.096 [main] INFO  s.d.s.w.r.o.CachingOperationNameGenerator - [startingWith,41] - Generating unique operation named: list4AuditUsingGET_6
16:13:38.102 [main] INFO  s.d.s.w.r.o.CachingOperationNameGenerator - [startingWith,41] - Generating unique operation named: addUsingPOST_66
16:13:38.107 [main] INFO  s.d.s.w.r.o.CachingOperationNameGenerator - [startingWith,41] - Generating unique operation named: editUsingPUT_65
16:13:38.112 [main] INFO  s.d.s.w.r.o.CachingOperationNameGenerator - [startingWith,41] - Generating unique operation named: exportUsingGET_68
16:13:38.118 [main] INFO  s.d.s.w.r.o.CachingOperationNameGenerator - [startingWith,41] - Generating unique operation named: getInfoUsingGET_67
16:13:38.124 [main] INFO  s.d.s.w.r.o.CachingOperationNameGenerator - [startingWith,41] - Generating unique operation named: removeUsingDELETE_65
16:13:38.129 [main] INFO  s.d.s.w.r.o.CachingOperationNameGenerator - [startingWith,41] - Generating unique operation named: listUsingGET_68
16:13:38.139 [main] INFO  s.d.s.w.r.o.CachingOperationNameGenerator - [startingWith,41] - Generating unique operation named: addUsingPOST_67
16:13:38.145 [main] INFO  s.d.s.w.r.o.CachingOperationNameGenerator - [startingWith,41] - Generating unique operation named: editUsingPUT_66
16:13:38.152 [main] INFO  s.d.s.w.r.o.CachingOperationNameGenerator - [startingWith,41] - Generating unique operation named: exportUsingGET_69
16:13:38.162 [main] INFO  s.d.s.w.r.o.CachingOperationNameGenerator - [startingWith,41] - Generating unique operation named: getInfoUsingGET_68
16:13:38.166 [main] INFO  s.d.s.w.r.o.CachingOperationNameGenerator - [startingWith,41] - Generating unique operation named: removeUsingDELETE_66
16:13:38.171 [main] INFO  s.d.s.w.r.o.CachingOperationNameGenerator - [startingWith,41] - Generating unique operation named: listUsingGET_69
16:13:38.179 [main] INFO  s.d.s.w.r.o.CachingOperationNameGenerator - [startingWith,41] - Generating unique operation named: addUsingPOST_68
16:13:38.183 [main] INFO  s.d.s.w.r.o.CachingOperationNameGenerator - [startingWith,41] - Generating unique operation named: editUsingPUT_67
16:13:38.189 [main] INFO  s.d.s.w.r.o.CachingOperationNameGenerator - [startingWith,41] - Generating unique operation named: exportUsingGET_70
16:13:38.194 [main] INFO  s.d.s.w.r.o.CachingOperationNameGenerator - [startingWith,41] - Generating unique operation named: getInfoUsingGET_69
16:13:38.199 [main] INFO  s.d.s.w.r.o.CachingOperationNameGenerator - [startingWith,41] - Generating unique operation named: removeUsingDELETE_67
16:13:38.205 [main] INFO  s.d.s.w.r.o.CachingOperationNameGenerator - [startingWith,41] - Generating unique operation named: listUsingGET_70
16:13:38.214 [main] INFO  s.d.s.w.r.o.CachingOperationNameGenerator - [startingWith,41] - Generating unique operation named: addUsingPOST_69
16:13:38.219 [main] INFO  s.d.s.w.r.o.CachingOperationNameGenerator - [startingWith,41] - Generating unique operation named: editUsingPUT_68
16:13:38.223 [main] INFO  s.d.s.w.r.o.CachingOperationNameGenerator - [startingWith,41] - Generating unique operation named: exportUsingGET_71
16:13:38.230 [main] INFO  s.d.s.w.r.o.CachingOperationNameGenerator - [startingWith,41] - Generating unique operation named: getInfoUsingGET_70
16:13:38.237 [main] INFO  s.d.s.w.r.o.CachingOperationNameGenerator - [startingWith,41] - Generating unique operation named: removeUsingDELETE_68
16:13:38.245 [main] INFO  s.d.s.w.r.o.CachingOperationNameGenerator - [startingWith,41] - Generating unique operation named: listUsingGET_71
16:13:38.254 [main] INFO  s.d.s.w.r.o.CachingOperationNameGenerator - [startingWith,41] - Generating unique operation named: addUsingPOST_70
16:13:38.258 [main] INFO  s.d.s.w.r.o.CachingOperationNameGenerator - [startingWith,41] - Generating unique operation named: auditUsingPUT_7
16:13:38.264 [main] INFO  s.d.s.w.r.o.CachingOperationNameGenerator - [startingWith,41] - Generating unique operation named: editUsingPUT_69
16:13:38.272 [main] INFO  s.d.s.w.r.o.CachingOperationNameGenerator - [startingWith,41] - Generating unique operation named: exportUsingGET_72
16:13:38.278 [main] INFO  s.d.s.w.r.o.CachingOperationNameGenerator - [startingWith,41] - Generating unique operation named: getInfoUsingGET_71
16:13:38.283 [main] INFO  s.d.s.w.r.o.CachingOperationNameGenerator - [startingWith,41] - Generating unique operation named: removeUsingDELETE_69
16:13:38.286 [main] INFO  s.d.s.w.r.o.CachingOperationNameGenerator - [startingWith,41] - Generating unique operation named: submitUsingPUT_7
16:13:38.290 [main] INFO  s.d.s.w.r.o.CachingOperationNameGenerator - [startingWith,41] - Generating unique operation named: listUsingGET_72
16:13:38.295 [main] INFO  s.d.s.w.r.o.CachingOperationNameGenerator - [startingWith,41] - Generating unique operation named: list4AuditUsingGET_7
16:13:38.302 [main] INFO  s.d.s.w.r.o.CachingOperationNameGenerator - [startingWith,41] - Generating unique operation named: addUsingPOST_71
16:13:38.308 [main] INFO  s.d.s.w.r.o.CachingOperationNameGenerator - [startingWith,41] - Generating unique operation named: editUsingPUT_70
16:13:38.312 [main] INFO  s.d.s.w.r.o.CachingOperationNameGenerator - [startingWith,41] - Generating unique operation named: exportUsingGET_73
16:13:38.319 [main] INFO  s.d.s.w.r.o.CachingOperationNameGenerator - [startingWith,41] - Generating unique operation named: getInfoUsingGET_72
16:13:38.325 [main] INFO  s.d.s.w.r.o.CachingOperationNameGenerator - [startingWith,41] - Generating unique operation named: removeUsingDELETE_70
16:13:38.331 [main] INFO  s.d.s.w.r.o.CachingOperationNameGenerator - [startingWith,41] - Generating unique operation named: listUsingGET_73
16:13:38.337 [main] INFO  s.d.s.w.r.o.CachingOperationNameGenerator - [startingWith,41] - Generating unique operation named: addUsingPOST_72
16:13:38.340 [main] INFO  s.d.s.w.r.o.CachingOperationNameGenerator - [startingWith,41] - Generating unique operation named: editUsingPUT_71
16:13:38.347 [main] INFO  s.d.s.w.r.o.CachingOperationNameGenerator - [startingWith,41] - Generating unique operation named: exportUsingGET_74
16:13:38.353 [main] INFO  s.d.s.w.r.o.CachingOperationNameGenerator - [startingWith,41] - Generating unique operation named: getInfoUsingGET_73
16:13:38.356 [main] INFO  s.d.s.w.r.o.CachingOperationNameGenerator - [startingWith,41] - Generating unique operation named: removeUsingDELETE_71
16:13:38.362 [main] INFO  s.d.s.w.r.o.CachingOperationNameGenerator - [startingWith,41] - Generating unique operation named: listUsingGET_74
16:13:38.368 [main] INFO  s.d.s.w.r.o.CachingOperationNameGenerator - [startingWith,41] - Generating unique operation named: addUsingPOST_73
16:13:38.371 [main] INFO  s.d.s.w.r.o.CachingOperationNameGenerator - [startingWith,41] - Generating unique operation named: editUsingPUT_72
16:13:38.375 [main] INFO  s.d.s.w.r.o.CachingOperationNameGenerator - [startingWith,41] - Generating unique operation named: exportUsingGET_75
16:13:38.380 [main] INFO  s.d.s.w.r.o.CachingOperationNameGenerator - [startingWith,41] - Generating unique operation named: getInfoUsingGET_74
16:13:38.384 [main] INFO  s.d.s.w.r.o.CachingOperationNameGenerator - [startingWith,41] - Generating unique operation named: removeUsingDELETE_72
16:13:38.387 [main] INFO  s.d.s.w.r.o.CachingOperationNameGenerator - [startingWith,41] - Generating unique operation named: listUsingGET_75
16:13:38.394 [main] INFO  s.d.s.w.r.o.CachingOperationNameGenerator - [startingWith,41] - Generating unique operation named: exportUsingGET_76
16:13:38.400 [main] INFO  s.d.s.w.r.o.CachingOperationNameGenerator - [startingWith,41] - Generating unique operation named: exportUsingGET_77
16:13:38.413 [main] INFO  s.d.s.w.r.o.CachingOperationNameGenerator - [startingWith,41] - Generating unique operation named: listUsingGET_76
16:13:38.424 [main] INFO  s.d.s.w.r.o.CachingOperationNameGenerator - [startingWith,41] - Generating unique operation named: selectContractDeliveryReturnMonthReportUsingGET_1
16:13:38.430 [main] INFO  s.d.s.w.r.o.CachingOperationNameGenerator - [startingWith,41] - Generating unique operation named: selectContractDeliveryReturnQuarterReportUsingGET_1
16:13:38.440 [main] INFO  s.d.s.w.r.o.CachingOperationNameGenerator - [startingWith,41] - Generating unique operation named: addUsingPOST_74
16:13:38.450 [main] INFO  s.d.s.w.r.o.CachingOperationNameGenerator - [startingWith,41] - Generating unique operation named: editUsingPUT_73
16:13:38.459 [main] INFO  s.d.s.w.r.o.CachingOperationNameGenerator - [startingWith,41] - Generating unique operation named: exportUsingGET_78
16:13:38.468 [main] INFO  s.d.s.w.r.o.CachingOperationNameGenerator - [startingWith,41] - Generating unique operation named: getInfoUsingGET_75
16:13:38.472 [main] INFO  s.d.s.w.r.o.CachingOperationNameGenerator - [startingWith,41] - Generating unique operation named: removeUsingDELETE_73
16:13:38.479 [main] INFO  s.d.s.w.r.o.CachingOperationNameGenerator - [startingWith,41] - Generating unique operation named: listUsingGET_77
16:13:38.486 [main] INFO  s.d.s.w.r.o.CachingOperationNameGenerator - [startingWith,41] - Generating unique operation named: addUsingPOST_75
16:13:38.491 [main] INFO  s.d.s.w.r.o.CachingOperationNameGenerator - [startingWith,41] - Generating unique operation named: editUsingPUT_74
16:13:38.496 [main] INFO  s.d.s.w.r.o.CachingOperationNameGenerator - [startingWith,41] - Generating unique operation named: exportUsingGET_79
16:13:38.500 [main] INFO  s.d.s.w.r.o.CachingOperationNameGenerator - [startingWith,41] - Generating unique operation named: getInfoUsingGET_76
16:13:38.505 [main] INFO  s.d.s.w.r.o.CachingOperationNameGenerator - [startingWith,41] - Generating unique operation named: removeUsingDELETE_74
16:13:38.512 [main] INFO  s.d.s.w.r.o.CachingOperationNameGenerator - [startingWith,41] - Generating unique operation named: listUsingGET_78
16:13:38.556 [main] INFO  s.d.s.w.r.o.CachingOperationNameGenerator - [startingWith,41] - Generating unique operation named: editUsingPUT_75
16:13:38.579 [main] INFO  s.d.s.w.r.o.CachingOperationNameGenerator - [startingWith,41] - Generating unique operation named: exportUsingGET_80
16:13:38.586 [main] INFO  s.d.s.w.r.o.CachingOperationNameGenerator - [startingWith,41] - Generating unique operation named: getInfoUsingGET_77
16:13:38.592 [main] INFO  s.d.s.w.r.o.CachingOperationNameGenerator - [startingWith,41] - Generating unique operation named: listUsingGET_79
16:13:38.614 [main] INFO  s.d.s.w.r.o.CachingOperationNameGenerator - [startingWith,41] - Generating unique operation named: exportUsingGET_81
16:13:38.620 [main] INFO  s.d.s.w.r.o.CachingOperationNameGenerator - [startingWith,41] - Generating unique operation named: getInfoUsingGET_78
16:13:38.626 [main] INFO  s.d.s.w.r.o.CachingOperationNameGenerator - [startingWith,41] - Generating unique operation named: listUsingGET_80
16:13:38.631 [main] INFO  s.d.s.w.r.o.CachingOperationNameGenerator - [startingWith,41] - Generating unique operation named: reportByDayUsingGET_1
16:13:38.650 [main] INFO  s.d.s.w.r.o.CachingOperationNameGenerator - [startingWith,41] - Generating unique operation named: exportUsingGET_82
16:13:38.660 [main] INFO  s.d.s.w.r.o.CachingOperationNameGenerator - [startingWith,41] - Generating unique operation named: listUsingGET_81
16:13:38.668 [main] INFO  s.d.s.w.r.o.CachingOperationNameGenerator - [startingWith,41] - Generating unique operation named: exportUsingGET_83
16:13:38.676 [main] INFO  s.d.s.w.r.o.CachingOperationNameGenerator - [startingWith,41] - Generating unique operation named: listUsingGET_82
16:13:38.750 [main] INFO  s.d.s.w.r.o.CachingOperationNameGenerator - [startingWith,41] - Generating unique operation named: addUsingPOST_76
16:13:38.755 [main] INFO  s.d.s.w.r.o.CachingOperationNameGenerator - [startingWith,41] - Generating unique operation named: editUsingPUT_76
16:13:38.761 [main] INFO  s.d.s.w.r.o.CachingOperationNameGenerator - [startingWith,41] - Generating unique operation named: exportUsingGET_84
16:13:38.768 [main] INFO  s.d.s.w.r.o.CachingOperationNameGenerator - [startingWith,41] - Generating unique operation named: getInfoUsingGET_79
16:13:38.773 [main] INFO  s.d.s.w.r.o.CachingOperationNameGenerator - [startingWith,41] - Generating unique operation named: removeUsingDELETE_75
16:13:38.778 [main] INFO  s.d.s.w.r.o.CachingOperationNameGenerator - [startingWith,41] - Generating unique operation named: listUsingGET_83
16:13:38.786 [main] INFO  s.d.s.w.r.o.CachingOperationNameGenerator - [startingWith,41] - Generating unique operation named: exportUsingGET_85
16:13:38.794 [main] INFO  s.d.s.w.r.o.CachingOperationNameGenerator - [startingWith,41] - Generating unique operation named: listUsingGET_84
16:13:38.801 [main] INFO  s.d.s.w.r.o.CachingOperationNameGenerator - [startingWith,41] - Generating unique operation named: exportUsingGET_86
16:13:38.806 [main] INFO  s.d.s.w.r.o.CachingOperationNameGenerator - [startingWith,41] - Generating unique operation named: getInfoUsingGET_80
16:13:38.812 [main] INFO  s.d.s.w.r.o.CachingOperationNameGenerator - [startingWith,41] - Generating unique operation named: listUsingGET_85
16:13:38.820 [main] INFO  s.d.s.w.r.o.CachingOperationNameGenerator - [startingWith,41] - Generating unique operation named: exportUsingGET_87
16:13:38.827 [main] INFO  s.d.s.w.r.o.CachingOperationNameGenerator - [startingWith,41] - Generating unique operation named: getInfoUsingGET_81
16:13:38.833 [main] INFO  s.d.s.w.r.o.CachingOperationNameGenerator - [startingWith,41] - Generating unique operation named: listUsingGET_86
16:13:38.839 [main] INFO  s.d.s.w.r.o.CachingOperationNameGenerator - [startingWith,41] - Generating unique operation named: exportUsingGET_88
16:13:38.844 [main] INFO  s.d.s.w.r.o.CachingOperationNameGenerator - [startingWith,41] - Generating unique operation named: getInfoUsingGET_82
16:13:38.849 [main] INFO  s.d.s.w.r.o.CachingOperationNameGenerator - [startingWith,41] - Generating unique operation named: listUsingGET_87
16:13:38.856 [main] INFO  s.d.s.w.r.o.CachingOperationNameGenerator - [startingWith,41] - Generating unique operation named: addUsingPOST_77
16:13:38.860 [main] INFO  s.d.s.w.r.o.CachingOperationNameGenerator - [startingWith,41] - Generating unique operation named: auditUsingPUT_8
16:13:38.863 [main] INFO  s.d.s.w.r.o.CachingOperationNameGenerator - [startingWith,41] - Generating unique operation named: editUsingPUT_77
16:13:38.871 [main] INFO  s.d.s.w.r.o.CachingOperationNameGenerator - [startingWith,41] - Generating unique operation named: exportUsingGET_89
16:13:38.877 [main] INFO  s.d.s.w.r.o.CachingOperationNameGenerator - [startingWith,41] - Generating unique operation named: getInfoUsingGET_83
16:13:38.881 [main] INFO  s.d.s.w.r.o.CachingOperationNameGenerator - [startingWith,41] - Generating unique operation named: removeUsingDELETE_76
16:13:38.883 [main] INFO  s.d.s.w.r.o.CachingOperationNameGenerator - [startingWith,41] - Generating unique operation named: submitUsingPUT_8
16:13:38.889 [main] INFO  s.d.s.w.r.o.CachingOperationNameGenerator - [startingWith,41] - Generating unique operation named: listUsingGET_88
16:13:38.896 [main] INFO  s.d.s.w.r.o.CachingOperationNameGenerator - [startingWith,41] - Generating unique operation named: list4AuditUsingGET_8
16:13:38.903 [main] INFO  s.d.s.w.r.o.CachingOperationNameGenerator - [startingWith,41] - Generating unique operation named: addUsingPOST_78
16:13:38.910 [main] INFO  s.d.s.w.r.o.CachingOperationNameGenerator - [startingWith,41] - Generating unique operation named: editUsingPUT_78
16:13:38.916 [main] INFO  s.d.s.w.r.o.CachingOperationNameGenerator - [startingWith,41] - Generating unique operation named: exportUsingGET_90
16:13:38.924 [main] INFO  s.d.s.w.r.o.CachingOperationNameGenerator - [startingWith,41] - Generating unique operation named: getInfoUsingGET_84
16:13:38.930 [main] INFO  s.d.s.w.r.o.CachingOperationNameGenerator - [startingWith,41] - Generating unique operation named: removeUsingDELETE_77
16:13:38.935 [main] INFO  s.d.s.w.r.o.CachingOperationNameGenerator - [startingWith,41] - Generating unique operation named: listUsingGET_89
16:13:38.944 [main] INFO  s.d.s.w.r.o.CachingOperationNameGenerator - [startingWith,41] - Generating unique operation named: addUsingPOST_79
16:13:38.951 [main] INFO  s.d.s.w.r.o.CachingOperationNameGenerator - [startingWith,41] - Generating unique operation named: editUsingPUT_79
16:13:38.962 [main] INFO  s.d.s.w.r.o.CachingOperationNameGenerator - [startingWith,41] - Generating unique operation named: exportUsingGET_91
16:13:38.969 [main] INFO  s.d.s.w.r.o.CachingOperationNameGenerator - [startingWith,41] - Generating unique operation named: getInfoUsingGET_85
16:13:38.975 [main] INFO  s.d.s.w.r.o.CachingOperationNameGenerator - [startingWith,41] - Generating unique operation named: removeUsingDELETE_78
16:13:38.986 [main] INFO  s.d.s.w.r.o.CachingOperationNameGenerator - [startingWith,41] - Generating unique operation named: listUsingGET_90
16:13:38.998 [main] INFO  s.d.s.w.r.o.CachingOperationNameGenerator - [startingWith,41] - Generating unique operation named: addUsingPOST_80
16:13:39.004 [main] INFO  s.d.s.w.r.o.CachingOperationNameGenerator - [startingWith,41] - Generating unique operation named: editUsingPUT_80
16:13:39.009 [main] INFO  s.d.s.w.r.o.CachingOperationNameGenerator - [startingWith,41] - Generating unique operation named: exportUsingGET_92
16:13:39.015 [main] INFO  s.d.s.w.r.o.CachingOperationNameGenerator - [startingWith,41] - Generating unique operation named: getInfoUsingGET_86
16:13:39.019 [main] INFO  s.d.s.w.r.o.CachingOperationNameGenerator - [startingWith,41] - Generating unique operation named: removeUsingDELETE_79
16:13:39.024 [main] INFO  s.d.s.w.r.o.CachingOperationNameGenerator - [startingWith,41] - Generating unique operation named: listUsingGET_91
16:13:39.032 [main] INFO  s.d.s.w.r.o.CachingOperationNameGenerator - [startingWith,41] - Generating unique operation named: addUsingPOST_81
16:13:39.037 [main] INFO  s.d.s.w.r.o.CachingOperationNameGenerator - [startingWith,41] - Generating unique operation named: editUsingPUT_81
16:13:39.045 [main] INFO  s.d.s.w.r.o.CachingOperationNameGenerator - [startingWith,41] - Generating unique operation named: exportUsingGET_93
16:13:39.053 [main] INFO  s.d.s.w.r.o.CachingOperationNameGenerator - [startingWith,41] - Generating unique operation named: getInfoUsingGET_87
16:13:39.060 [main] INFO  s.d.s.w.r.o.CachingOperationNameGenerator - [startingWith,41] - Generating unique operation named: removeUsingDELETE_80
16:13:39.066 [main] INFO  s.d.s.w.r.o.CachingOperationNameGenerator - [startingWith,41] - Generating unique operation named: listUsingGET_92
16:13:39.072 [main] INFO  s.d.s.w.r.o.CachingOperationNameGenerator - [startingWith,41] - Generating unique operation named: addUsingPOST_82
16:13:39.079 [main] INFO  s.d.s.w.r.o.CachingOperationNameGenerator - [startingWith,41] - Generating unique operation named: editUsingPUT_82
16:13:39.084 [main] INFO  s.d.s.w.r.o.CachingOperationNameGenerator - [startingWith,41] - Generating unique operation named: exportUsingGET_94
16:13:39.091 [main] INFO  s.d.s.w.r.o.CachingOperationNameGenerator - [startingWith,41] - Generating unique operation named: getInfoUsingGET_88
16:13:39.097 [main] INFO  s.d.s.w.r.o.CachingOperationNameGenerator - [startingWith,41] - Generating unique operation named: removeUsingDELETE_81
16:13:39.102 [main] INFO  s.d.s.w.r.o.CachingOperationNameGenerator - [startingWith,41] - Generating unique operation named: listUsingGET_93
16:13:39.111 [main] INFO  s.d.s.w.r.o.CachingOperationNameGenerator - [startingWith,41] - Generating unique operation named: addUsingPOST_83
16:13:39.116 [main] INFO  s.d.s.w.r.o.CachingOperationNameGenerator - [startingWith,41] - Generating unique operation named: auditUsingPUT_9
16:13:39.120 [main] INFO  s.d.s.w.r.o.CachingOperationNameGenerator - [startingWith,41] - Generating unique operation named: editUsingPUT_83
16:13:39.129 [main] INFO  s.d.s.w.r.o.CachingOperationNameGenerator - [startingWith,41] - Generating unique operation named: exportUsingGET_95
16:13:39.138 [main] INFO  s.d.s.w.r.o.CachingOperationNameGenerator - [startingWith,41] - Generating unique operation named: getInfoUsingGET_89
16:13:39.147 [main] INFO  s.d.s.w.r.o.CachingOperationNameGenerator - [startingWith,41] - Generating unique operation named: removeUsingDELETE_82
16:13:39.152 [main] INFO  s.d.s.w.r.o.CachingOperationNameGenerator - [startingWith,41] - Generating unique operation named: submitUsingPUT_9
16:13:39.158 [main] INFO  s.d.s.w.r.o.CachingOperationNameGenerator - [startingWith,41] - Generating unique operation named: listUsingGET_94
16:13:39.165 [main] INFO  s.d.s.w.r.o.CachingOperationNameGenerator - [startingWith,41] - Generating unique operation named: list4AuditUsingGET_9
16:13:39.175 [main] INFO  s.d.s.w.r.o.CachingOperationNameGenerator - [startingWith,41] - Generating unique operation named: addUsingPOST_84
16:13:39.181 [main] INFO  s.d.s.w.r.o.CachingOperationNameGenerator - [startingWith,41] - Generating unique operation named: editUsingPUT_84
16:13:39.185 [main] INFO  s.d.s.w.r.o.CachingOperationNameGenerator - [startingWith,41] - Generating unique operation named: exportUsingGET_96
16:13:39.191 [main] INFO  s.d.s.w.r.o.CachingOperationNameGenerator - [startingWith,41] - Generating unique operation named: getInfoUsingGET_90
16:13:39.195 [main] INFO  s.d.s.w.r.o.CachingOperationNameGenerator - [startingWith,41] - Generating unique operation named: removeUsingDELETE_83
16:13:39.201 [main] INFO  s.d.s.w.r.o.CachingOperationNameGenerator - [startingWith,41] - Generating unique operation named: listUsingGET_95
16:13:39.208 [main] INFO  s.d.s.w.r.o.CachingOperationNameGenerator - [startingWith,41] - Generating unique operation named: addUsingPOST_85
16:13:39.214 [main] INFO  s.d.s.w.r.o.CachingOperationNameGenerator - [startingWith,41] - Generating unique operation named: editUsingPUT_85
16:13:39.223 [main] INFO  s.d.s.w.r.o.CachingOperationNameGenerator - [startingWith,41] - Generating unique operation named: exportUsingGET_97
16:13:39.230 [main] INFO  s.d.s.w.r.o.CachingOperationNameGenerator - [startingWith,41] - Generating unique operation named: getInfoUsingGET_91
16:13:39.235 [main] INFO  s.d.s.w.r.o.CachingOperationNameGenerator - [startingWith,41] - Generating unique operation named: listUsingGET_96
16:13:39.240 [main] INFO  s.d.s.w.r.o.CachingOperationNameGenerator - [startingWith,41] - Generating unique operation named: removeUsingDELETE_84
16:13:39.249 [main] INFO  s.d.s.w.r.o.CachingOperationNameGenerator - [startingWith,41] - Generating unique operation named: addUsingPOST_86
16:13:39.255 [main] INFO  s.d.s.w.r.o.CachingOperationNameGenerator - [startingWith,41] - Generating unique operation named: editUsingPUT_86
16:13:39.261 [main] INFO  s.d.s.w.r.o.CachingOperationNameGenerator - [startingWith,41] - Generating unique operation named: exportUsingGET_98
16:13:39.270 [main] INFO  s.d.s.w.r.o.CachingOperationNameGenerator - [startingWith,41] - Generating unique operation named: getInfoUsingGET_92
16:13:39.277 [main] INFO  s.d.s.w.r.o.CachingOperationNameGenerator - [startingWith,41] - Generating unique operation named: removeUsingDELETE_85
16:13:39.283 [main] INFO  s.d.s.w.r.o.CachingOperationNameGenerator - [startingWith,41] - Generating unique operation named: listUsingGET_97
16:13:39.290 [main] INFO  s.d.s.w.r.o.CachingOperationNameGenerator - [startingWith,41] - Generating unique operation named: addUsingPOST_87
16:13:39.297 [main] INFO  s.d.s.w.r.o.CachingOperationNameGenerator - [startingWith,41] - Generating unique operation named: editUsingPUT_87
16:13:39.304 [main] INFO  s.d.s.w.r.o.CachingOperationNameGenerator - [startingWith,41] - Generating unique operation named: exportUsingGET_99
16:13:39.312 [main] INFO  s.d.s.w.r.o.CachingOperationNameGenerator - [startingWith,41] - Generating unique operation named: getInfoUsingGET_93
16:13:39.316 [main] INFO  s.d.s.w.r.o.CachingOperationNameGenerator - [startingWith,41] - Generating unique operation named: removeUsingDELETE_86
16:13:39.323 [main] INFO  s.d.s.w.r.o.CachingOperationNameGenerator - [startingWith,41] - Generating unique operation named: listUsingGET_98
16:13:39.334 [main] INFO  s.d.s.w.r.o.CachingOperationNameGenerator - [startingWith,41] - Generating unique operation named: addUsingPOST_88
16:13:39.340 [main] INFO  s.d.s.w.r.o.CachingOperationNameGenerator - [startingWith,41] - Generating unique operation named: auditUsingPUT_10
16:13:39.355 [main] INFO  s.d.s.w.r.o.CachingOperationNameGenerator - [startingWith,41] - Generating unique operation named: editUsingPUT_88
16:13:39.369 [main] INFO  s.d.s.w.r.o.CachingOperationNameGenerator - [startingWith,41] - Generating unique operation named: exportUsingGET_100
16:13:39.377 [main] INFO  s.d.s.w.r.o.CachingOperationNameGenerator - [startingWith,41] - Generating unique operation named: getInfoUsingGET_94
16:13:39.390 [main] INFO  s.d.s.w.r.o.CachingOperationNameGenerator - [startingWith,41] - Generating unique operation named: removeUsingDELETE_87
16:13:39.395 [main] INFO  s.d.s.w.r.o.CachingOperationNameGenerator - [startingWith,41] - Generating unique operation named: submitUsingPUT_10
16:13:39.401 [main] INFO  s.d.s.w.r.o.CachingOperationNameGenerator - [startingWith,41] - Generating unique operation named: listUsingGET_99
16:13:39.408 [main] INFO  s.d.s.w.r.o.CachingOperationNameGenerator - [startingWith,41] - Generating unique operation named: list4AuditUsingGET_10
16:13:39.418 [main] INFO  s.d.s.w.r.o.CachingOperationNameGenerator - [startingWith,41] - Generating unique operation named: addUsingPOST_89
16:13:39.425 [main] INFO  s.d.s.w.r.o.CachingOperationNameGenerator - [startingWith,41] - Generating unique operation named: editUsingPUT_89
16:13:39.432 [main] INFO  s.d.s.w.r.o.CachingOperationNameGenerator - [startingWith,41] - Generating unique operation named: exportUsingGET_101
16:13:39.439 [main] INFO  s.d.s.w.r.o.CachingOperationNameGenerator - [startingWith,41] - Generating unique operation named: getInfoUsingGET_95
16:13:39.445 [main] INFO  s.d.s.w.r.o.CachingOperationNameGenerator - [startingWith,41] - Generating unique operation named: removeUsingDELETE_88
16:13:39.454 [main] INFO  s.d.s.w.r.o.CachingOperationNameGenerator - [startingWith,41] - Generating unique operation named: listUsingGET_100
16:13:39.465 [main] INFO  s.d.s.w.r.o.CachingOperationNameGenerator - [startingWith,41] - Generating unique operation named: addUsingPOST_90
16:13:39.471 [main] INFO  s.d.s.w.r.o.CachingOperationNameGenerator - [startingWith,41] - Generating unique operation named: editUsingPUT_90
16:13:39.480 [main] INFO  s.d.s.w.r.o.CachingOperationNameGenerator - [startingWith,41] - Generating unique operation named: exportUsingGET_102
16:13:39.488 [main] INFO  s.d.s.w.r.o.CachingOperationNameGenerator - [startingWith,41] - Generating unique operation named: getInfoUsingGET_96
16:13:39.495 [main] INFO  s.d.s.w.r.o.CachingOperationNameGenerator - [startingWith,41] - Generating unique operation named: removeUsingDELETE_89
16:13:39.501 [main] INFO  s.d.s.w.r.o.CachingOperationNameGenerator - [startingWith,41] - Generating unique operation named: listUsingGET_101
16:13:39.513 [main] INFO  s.d.s.w.r.o.CachingOperationNameGenerator - [startingWith,41] - Generating unique operation named: addUsingPOST_91
16:13:39.520 [main] INFO  s.d.s.w.r.o.CachingOperationNameGenerator - [startingWith,41] - Generating unique operation named: auditUsingPUT_11
16:13:39.526 [main] INFO  s.d.s.w.r.o.CachingOperationNameGenerator - [startingWith,41] - Generating unique operation named: editUsingPUT_91
16:13:39.538 [main] INFO  s.d.s.w.r.o.CachingOperationNameGenerator - [startingWith,41] - Generating unique operation named: exportUsingGET_103
16:13:39.554 [main] INFO  s.d.s.w.r.o.CachingOperationNameGenerator - [startingWith,41] - Generating unique operation named: getInfoUsingGET_97
16:13:39.560 [main] INFO  s.d.s.w.r.o.CachingOperationNameGenerator - [startingWith,41] - Generating unique operation named: removeUsingDELETE_90
16:13:39.567 [main] INFO  s.d.s.w.r.o.CachingOperationNameGenerator - [startingWith,41] - Generating unique operation named: submitUsingPUT_11
16:13:39.577 [main] INFO  s.d.s.w.r.o.CachingOperationNameGenerator - [startingWith,41] - Generating unique operation named: listUsingGET_102
16:13:39.585 [main] INFO  s.d.s.w.r.o.CachingOperationNameGenerator - [startingWith,41] - Generating unique operation named: list4AuditUsingGET_11
16:13:39.595 [main] INFO  s.d.s.w.r.o.CachingOperationNameGenerator - [startingWith,41] - Generating unique operation named: addUsingPOST_92
16:13:39.601 [main] INFO  s.d.s.w.r.o.CachingOperationNameGenerator - [startingWith,41] - Generating unique operation named: editUsingPUT_92
16:13:39.606 [main] INFO  s.d.s.w.r.o.CachingOperationNameGenerator - [startingWith,41] - Generating unique operation named: exportUsingGET_104
16:13:39.637 [main] INFO  s.d.s.w.r.o.CachingOperationNameGenerator - [startingWith,41] - Generating unique operation named: getInfoUsingGET_98
16:13:39.643 [main] INFO  s.d.s.w.r.o.CachingOperationNameGenerator - [startingWith,41] - Generating unique operation named: removeUsingDELETE_91
16:13:39.649 [main] INFO  s.d.s.w.r.o.CachingOperationNameGenerator - [startingWith,41] - Generating unique operation named: listUsingGET_103
16:13:39.659 [main] INFO  s.d.s.w.r.o.CachingOperationNameGenerator - [startingWith,41] - Generating unique operation named: addUsingPOST_93
16:13:39.665 [main] INFO  s.d.s.w.r.o.CachingOperationNameGenerator - [startingWith,41] - Generating unique operation named: editUsingPUT_93
16:13:39.671 [main] INFO  s.d.s.w.r.o.CachingOperationNameGenerator - [startingWith,41] - Generating unique operation named: exportUsingGET_105
16:13:39.680 [main] INFO  s.d.s.w.r.o.CachingOperationNameGenerator - [startingWith,41] - Generating unique operation named: getInfoUsingGET_99
16:13:39.685 [main] INFO  s.d.s.w.r.o.CachingOperationNameGenerator - [startingWith,41] - Generating unique operation named: removeUsingDELETE_92
16:13:39.691 [main] INFO  s.d.s.w.r.o.CachingOperationNameGenerator - [startingWith,41] - Generating unique operation named: listUsingGET_104
16:13:39.698 [main] INFO  s.d.s.w.r.o.CachingOperationNameGenerator - [startingWith,41] - Generating unique operation named: addUsingPOST_94
16:13:39.703 [main] INFO  s.d.s.w.r.o.CachingOperationNameGenerator - [startingWith,41] - Generating unique operation named: editUsingPUT_94
16:13:39.710 [main] INFO  s.d.s.w.r.o.CachingOperationNameGenerator - [startingWith,41] - Generating unique operation named: exportUsingGET_106
16:13:39.716 [main] INFO  s.d.s.w.r.o.CachingOperationNameGenerator - [startingWith,41] - Generating unique operation named: getInfoUsingGET_100
16:13:39.721 [main] INFO  s.d.s.w.r.o.CachingOperationNameGenerator - [startingWith,41] - Generating unique operation named: removeUsingDELETE_93
16:13:39.727 [main] INFO  s.d.s.w.r.o.CachingOperationNameGenerator - [startingWith,41] - Generating unique operation named: listUsingGET_105
16:13:39.733 [main] INFO  s.d.s.w.r.o.CachingOperationNameGenerator - [startingWith,41] - Generating unique operation named: addUsingPOST_95
16:13:39.737 [main] INFO  s.d.s.w.r.o.CachingOperationNameGenerator - [startingWith,41] - Generating unique operation named: editUsingPUT_95
16:13:39.741 [main] INFO  s.d.s.w.r.o.CachingOperationNameGenerator - [startingWith,41] - Generating unique operation named: exportUsingGET_107
16:13:39.746 [main] INFO  s.d.s.w.r.o.CachingOperationNameGenerator - [startingWith,41] - Generating unique operation named: getInfoUsingGET_101
16:13:39.749 [main] INFO  s.d.s.w.r.o.CachingOperationNameGenerator - [startingWith,41] - Generating unique operation named: removeUsingDELETE_94
16:13:39.753 [main] INFO  s.d.s.w.r.o.CachingOperationNameGenerator - [startingWith,41] - Generating unique operation named: listUsingGET_106
16:13:39.762 [main] INFO  s.d.s.w.r.o.CachingOperationNameGenerator - [startingWith,41] - Generating unique operation named: addUsingPOST_96
16:13:39.767 [main] INFO  s.d.s.w.r.o.CachingOperationNameGenerator - [startingWith,41] - Generating unique operation named: editUsingPUT_96
16:13:39.780 [main] INFO  s.d.s.w.r.o.CachingOperationNameGenerator - [startingWith,41] - Generating unique operation named: exportUsingGET_108
16:13:39.787 [main] INFO  s.d.s.w.r.o.CachingOperationNameGenerator - [startingWith,41] - Generating unique operation named: getInfoUsingGET_102
16:13:39.794 [main] INFO  s.d.s.w.r.o.CachingOperationNameGenerator - [startingWith,41] - Generating unique operation named: removeUsingDELETE_95
16:13:39.801 [main] INFO  s.d.s.w.r.o.CachingOperationNameGenerator - [startingWith,41] - Generating unique operation named: listUsingGET_107
16:13:39.811 [main] INFO  s.d.s.w.r.o.CachingOperationNameGenerator - [startingWith,41] - Generating unique operation named: addUsingPOST_97
16:13:39.816 [main] INFO  s.d.s.w.r.o.CachingOperationNameGenerator - [startingWith,41] - Generating unique operation named: editUsingPUT_97
16:13:39.822 [main] INFO  s.d.s.w.r.o.CachingOperationNameGenerator - [startingWith,41] - Generating unique operation named: exportUsingGET_109
16:13:39.829 [main] INFO  s.d.s.w.r.o.CachingOperationNameGenerator - [startingWith,41] - Generating unique operation named: getInfoUsingGET_103
16:13:39.835 [main] INFO  s.d.s.w.r.o.CachingOperationNameGenerator - [startingWith,41] - Generating unique operation named: removeUsingDELETE_96
16:13:39.842 [main] INFO  s.d.s.w.r.o.CachingOperationNameGenerator - [startingWith,41] - Generating unique operation named: listUsingGET_108
16:13:39.852 [main] INFO  s.d.s.w.r.o.CachingOperationNameGenerator - [startingWith,41] - Generating unique operation named: addUsingPOST_98
16:13:39.859 [main] INFO  s.d.s.w.r.o.CachingOperationNameGenerator - [startingWith,41] - Generating unique operation named: editUsingPUT_98
16:13:39.867 [main] INFO  s.d.s.w.r.o.CachingOperationNameGenerator - [startingWith,41] - Generating unique operation named: exportUsingGET_110
16:13:39.875 [main] INFO  s.d.s.w.r.o.CachingOperationNameGenerator - [startingWith,41] - Generating unique operation named: getInfoUsingGET_104
16:13:39.885 [main] INFO  s.d.s.w.r.o.CachingOperationNameGenerator - [startingWith,41] - Generating unique operation named: removeUsingDELETE_97
16:13:39.892 [main] INFO  s.d.s.w.r.o.CachingOperationNameGenerator - [startingWith,41] - Generating unique operation named: listUsingGET_109
16:13:39.900 [main] INFO  s.d.s.w.r.o.CachingOperationNameGenerator - [startingWith,41] - Generating unique operation named: addUsingPOST_99
16:13:39.908 [main] INFO  s.d.s.w.r.o.CachingOperationNameGenerator - [startingWith,41] - Generating unique operation named: editUsingPUT_99
16:13:39.916 [main] INFO  s.d.s.w.r.o.CachingOperationNameGenerator - [startingWith,41] - Generating unique operation named: exportUsingGET_111
16:13:39.923 [main] INFO  s.d.s.w.r.o.CachingOperationNameGenerator - [startingWith,41] - Generating unique operation named: getInfoUsingGET_105
16:13:39.928 [main] INFO  s.d.s.w.r.o.CachingOperationNameGenerator - [startingWith,41] - Generating unique operation named: removeUsingDELETE_98
16:13:39.933 [main] INFO  s.d.s.w.r.o.CachingOperationNameGenerator - [startingWith,41] - Generating unique operation named: listUsingGET_110
16:13:39.953 [main] INFO  o.a.c.h.Http11NioProtocol - [log,173] - Starting ProtocolHandler ["http-nio-9090"]
16:13:39.984 [main] INFO  c.neu.NeuApplication - [logStarted,61] - Started NeuApplication in 20.352 seconds (JVM running for 20.935)
16:13:40.979 [Quartz Scheduler [RuoyiScheduler]] INFO  o.q.c.QuartzScheduler - [start,547] - Scheduler RuoyiScheduler_$_LAPTOP-802K4BVQ1778746410715 started.
16:13:55.242 [http-nio-9090-exec-4] INFO  o.a.c.c.C.[.[.[/] - [log,173] - Initializing Spring DispatcherServlet 'dispatcherServlet'
16:14:36.016 [schedule-pool-1] INFO  sys-user - [run,56] - [127.0.0.1]内网IP[admin][Error][验证码已失效]
16:15:14.953 [schedule-pool-1] INFO  sys-user - [run,56] - [127.0.0.1]内网IP[admin][Success][登录成功]
16:49:56.917 [background-preinit] INFO  o.h.v.i.util.Version - [<clinit>,21] - HV000001: Hibernate Validator 6.0.21.Final
16:49:56.935 [main] INFO  c.neu.NeuApplication - [logStarting,55] - Starting NeuApplication on LAPTOP-802K4BVQ with PID 12136 (D:\Users\002\Desktop\后端\neu-admin\target\carbon.jar started by 002 in C:\Users\002\.openclaw\workspace)
16:49:56.935 [main] INFO  c.neu.NeuApplication - [logStartupProfileInfo,655] - The following profiles are active: druid
16:50:00.758 [main] INFO  o.a.c.h.Http11NioProtocol - [log,173] - Initializing ProtocolHandler ["http-nio-9090"]
16:50:00.759 [main] INFO  o.a.c.c.StandardService - [log,173] - Starting service [Tomcat]
16:50:00.759 [main] INFO  o.a.c.c.StandardEngine - [log,173] - Starting Servlet engine: [Apache Tomcat/9.0.41]
16:50:00.846 [main] INFO  o.a.c.c.C.[.[.[/] - [log,173] - Initializing Spring embedded WebApplicationContext
16:50:04.557 [main] INFO  c.a.d.p.DruidDataSource - [init,985] - {dataSource-1} inited
16:50:04.931 [main] INFO  i.l.c.EpollProvider - [<clinit>,68] - Starting without optional epoll library
16:50:04.932 [main] INFO  i.l.c.KqueueProvider - [<clinit>,70] - Starting without optional kqueue library
16:50:07.469 [main] INFO  o.q.i.StdSchedulerFactory - [instantiate,1220] - Using default implementation for ThreadExecutor
16:50:07.488 [main] INFO  o.q.c.SchedulerSignalerImpl - [<init>,61] - Initialized Scheduler Signaller of type: class org.quartz.core.SchedulerSignalerImpl
16:50:07.488 [main] INFO  o.q.c.QuartzScheduler - [<init>,229] - Quartz Scheduler v.2.3.2 created.
16:50:07.495 [main] INFO  o.q.c.QuartzScheduler - [initialize,294] - Scheduler meta-data: Quartz Scheduler (v2.3.2) 'RuoyiScheduler' with instanceId 'LAPTOP-802K4BVQ1778748607472'
  Scheduler class: 'org.quartz.core.QuartzScheduler' - running locally.
  NOT STARTED.
  Currently in standby mode.
  Number of jobs executed: 0
  Using thread pool 'org.quartz.simpl.SimpleThreadPool' - with 20 threads.
  Using job-store 'org.springframework.scheduling.quartz.LocalDataSourceJobStore' - which supports persistence. and is clustered.

16:50:07.495 [main] INFO  o.q.i.StdSchedulerFactory - [instantiate,1374] - Quartz scheduler 'RuoyiScheduler' initialized from an externally provided properties instance.
16:50:07.496 [main] INFO  o.q.i.StdSchedulerFactory - [instantiate,1378] - Quartz scheduler version: 2.3.2
16:50:07.497 [main] INFO  o.q.c.QuartzScheduler - [setJobFactory,2293] - JobFactory set to: org.springframework.scheduling.quartz.AdaptableJobFactory@6979efad
16:50:10.049 [main] INFO  s.d.s.w.WebMvcPropertySourcedRequestMappingHandlerMapping - [initHandlerMethods,69] - Mapped URL path [/v2/api-docs] onto method [springfox.documentation.swagger2.web.Swagger2ControllerWebMvc#getDocumentation(String, HttpServletRequest)]
16:50:11.145 [main] INFO  s.d.s.w.p.DocumentationPluginsBootstrapper - [start,93] - Documentation plugins bootstrapped
16:50:11.152 [main] INFO  s.d.s.w.p.DocumentationPluginsBootstrapper - [bootstrapDocumentationPlugins,79] - Found 1 custom documentation plugin(s)
16:50:11.460 [main] INFO  s.d.s.w.s.ApiListingReferenceScanner - [scan,44] - Scanning for api listing references
16:50:11.792 [main] INFO  s.d.s.w.r.o.CachingOperationNameGenerator - [startingWith,41] - Generating unique operation named: getInfoUsingGET_1
16:50:11.833 [main] INFO  s.d.s.w.r.o.CachingOperationNameGenerator - [startingWith,41] - Generating unique operation named: addUsingPOST_1
16:50:11.838 [main] INFO  s.d.s.w.r.o.CachingOperationNameGenerator - [startingWith,41] - Generating unique operation named: editUsingPUT_1
16:50:11.863 [main] INFO  s.d.s.w.r.o.CachingOperationNameGenerator - [startingWith,41] - Generating unique operation named: exportUsingGET_1
16:50:11.884 [main] INFO  s.d.s.w.r.o.CachingOperationNameGenerator - [startingWith,41] - Generating unique operation named: getInfoUsingGET_2
16:50:11.890 [main] INFO  s.d.s.w.r.o.CachingOperationNameGenerator - [startingWith,41] - Generating unique operation named: removeUsingDELETE_1
16:50:11.916 [main] INFO  s.d.s.w.r.o.CachingOperationNameGenerator - [startingWith,41] - Generating unique operation named: listUsingGET_1
16:50:11.923 [main] INFO  s.d.s.w.r.o.CachingOperationNameGenerator - [startingWith,41] - Generating unique operation named: addUsingPOST_2
16:50:11.927 [main] INFO  s.d.s.w.r.o.CachingOperationNameGenerator - [startingWith,41] - Generating unique operation named: editUsingPUT_2
16:50:11.931 [main] INFO  s.d.s.w.r.o.CachingOperationNameGenerator - [startingWith,41] - Generating unique operation named: exportUsingGET_2
16:50:11.936 [main] INFO  s.d.s.w.r.o.CachingOperationNameGenerator - [startingWith,41] - Generating unique operation named: getInfoUsingGET_3
16:50:11.939 [main] INFO  s.d.s.w.r.o.CachingOperationNameGenerator - [startingWith,41] - Generating unique operation named: removeUsingDELETE_2
16:50:11.943 [main] INFO  s.d.s.w.r.o.CachingOperationNameGenerator - [startingWith,41] - Generating unique operation named: listUsingGET_2
16:50:11.962 [main] INFO  s.d.s.w.r.o.CachingOperationNameGenerator - [startingWith,41] - Generating unique operation named: addUsingPOST_3
16:50:11.966 [main] INFO  s.d.s.w.r.o.CachingOperationNameGenerator - [startingWith,41] - Generating unique operation named: editUsingPUT_3
16:50:11.974 [main] INFO  s.d.s.w.r.o.CachingOperationNameGenerator - [startingWith,41] - Generating unique operation named: exportUsingGET_3
16:50:11.988 [main] INFO  s.d.s.w.r.o.CachingOperationNameGenerator - [startingWith,41] - Generating unique operation named: frontGetInfoUsingGET_1
16:50:11.993 [main] INFO  s.d.s.w.r.o.CachingOperationNameGenerator - [startingWith,41] - Generating unique operation named: getInfoUsingGET_4
16:50:11.996 [main] INFO  s.d.s.w.r.o.CachingOperationNameGenerator - [startingWith,41] - Generating unique operation named: removeUsingDELETE_3
16:50:12.000 [main] INFO  s.d.s.w.r.o.CachingOperationNameGenerator - [startingWith,41] - Generating unique operation named: frontListUsingGET_1
16:50:12.006 [main] INFO  s.d.s.w.r.o.CachingOperationNameGenerator - [startingWith,41] - Generating unique operation named: listUsingGET_3
16:50:12.012 [main] INFO  s.d.s.w.r.o.CachingOperationNameGenerator - [startingWith,41] - Generating unique operation named: addUsingPOST_4
16:50:12.015 [main] INFO  s.d.s.w.r.o.CachingOperationNameGenerator - [startingWith,41] - Generating unique operation named: editUsingPUT_4
16:50:12.020 [main] INFO  s.d.s.w.r.o.CachingOperationNameGenerator - [startingWith,41] - Generating unique operation named: exportUsingGET_4
16:50:12.026 [main] INFO  s.d.s.w.r.o.CachingOperationNameGenerator - [startingWith,41] - Generating unique operation named: getInfoUsingGET_5
16:50:12.029 [main] INFO  s.d.s.w.r.o.CachingOperationNameGenerator - [startingWith,41] - Generating unique operation named: removeUsingDELETE_4
16:50:12.033 [main] INFO  s.d.s.w.r.o.CachingOperationNameGenerator - [startingWith,41] - Generating unique operation named: listUsingGET_4
16:50:12.039 [main] INFO  s.d.s.w.r.o.CachingOperationNameGenerator - [startingWith,41] - Generating unique operation named: addUsingPOST_5
16:50:12.043 [main] INFO  s.d.s.w.r.o.CachingOperationNameGenerator - [startingWith,41] - Generating unique operation named: editUsingPUT_5
16:50:12.052 [main] INFO  s.d.s.w.r.o.CachingOperationNameGenerator - [startingWith,41] - Generating unique operation named: exportUsingGET_5
16:50:12.061 [main] INFO  s.d.s.w.r.o.CachingOperationNameGenerator - [startingWith,41] - Generating unique operation named: frontGetInfoUsingGET_2
16:50:12.065 [main] INFO  s.d.s.w.r.o.CachingOperationNameGenerator - [startingWith,41] - Generating unique operation named: getInfoUsingGET_6
16:50:12.068 [main] INFO  s.d.s.w.r.o.CachingOperationNameGenerator - [startingWith,41] - Generating unique operation named: removeUsingDELETE_5
16:50:12.078 [main] INFO  s.d.s.w.r.o.CachingOperationNameGenerator - [startingWith,41] - Generating unique operation named: frontListUsingGET_2
16:50:12.087 [main] INFO  s.d.s.w.r.o.CachingOperationNameGenerator - [startingWith,41] - Generating unique operation named: listUsingGET_5
16:50:12.094 [main] INFO  s.d.s.w.r.o.CachingOperationNameGenerator - [startingWith,41] - Generating unique operation named: addUsingPOST_6
16:50:12.097 [main] INFO  s.d.s.w.r.o.CachingOperationNameGenerator - [startingWith,41] - Generating unique operation named: editUsingPUT_6
16:50:12.101 [main] INFO  s.d.s.w.r.o.CachingOperationNameGenerator - [startingWith,41] - Generating unique operation named: exportUsingGET_6
16:50:12.106 [main] INFO  s.d.s.w.r.o.CachingOperationNameGenerator - [startingWith,41] - Generating unique operation named: getInfoUsingGET_7
16:50:12.110 [main] INFO  s.d.s.w.r.o.CachingOperationNameGenerator - [startingWith,41] - Generating unique operation named: removeUsingDELETE_6
16:50:12.114 [main] INFO  s.d.s.w.r.o.CachingOperationNameGenerator - [startingWith,41] - Generating unique operation named: listUsingGET_6
16:50:12.119 [main] INFO  s.d.s.w.r.o.CachingOperationNameGenerator - [startingWith,41] - Generating unique operation named: addUsingPOST_7
16:50:12.122 [main] INFO  s.d.s.w.r.o.CachingOperationNameGenerator - [startingWith,41] - Generating unique operation named: editUsingPUT_7
16:50:12.126 [main] INFO  s.d.s.w.r.o.CachingOperationNameGenerator - [startingWith,41] - Generating unique operation named: exportUsingGET_7
16:50:12.130 [main] INFO  s.d.s.w.r.o.CachingOperationNameGenerator - [startingWith,41] - Generating unique operation named: frontAddUsingPOST_1
16:50:12.136 [main] INFO  s.d.s.w.r.o.CachingOperationNameGenerator - [startingWith,41] - Generating unique operation named: frontGetInfoUsingGET_3
16:50:12.139 [main] INFO  s.d.s.w.r.o.CachingOperationNameGenerator - [startingWith,41] - Generating unique operation named: getInfoUsingGET_8
16:50:12.142 [main] INFO  s.d.s.w.r.o.CachingOperationNameGenerator - [startingWith,41] - Generating unique operation named: removeUsingDELETE_7
16:50:12.146 [main] INFO  s.d.s.w.r.o.CachingOperationNameGenerator - [startingWith,41] - Generating unique operation named: frontListUsingGET_3
16:50:12.151 [main] INFO  s.d.s.w.r.o.CachingOperationNameGenerator - [startingWith,41] - Generating unique operation named: listUsingGET_7
16:50:12.158 [main] INFO  s.d.s.w.r.o.CachingOperationNameGenerator - [startingWith,41] - Generating unique operation named: addUsingPOST_8
16:50:12.163 [main] INFO  s.d.s.w.r.o.CachingOperationNameGenerator - [startingWith,41] - Generating unique operation named: editUsingPUT_8
16:50:12.169 [main] INFO  s.d.s.w.r.o.CachingOperationNameGenerator - [startingWith,41] - Generating unique operation named: exportUsingGET_8
16:50:12.174 [main] INFO  s.d.s.w.r.o.CachingOperationNameGenerator - [startingWith,41] - Generating unique operation named: frontGetInfoUsingGET_4
16:50:12.177 [main] INFO  s.d.s.w.r.o.CachingOperationNameGenerator - [startingWith,41] - Generating unique operation named: getInfoUsingGET_9
16:50:12.180 [main] INFO  s.d.s.w.r.o.CachingOperationNameGenerator - [startingWith,41] - Generating unique operation named: removeUsingDELETE_8
16:50:12.186 [main] INFO  s.d.s.w.r.o.CachingOperationNameGenerator - [startingWith,41] - Generating unique operation named: frontListUsingGET_4
16:50:12.191 [main] INFO  s.d.s.w.r.o.CachingOperationNameGenerator - [startingWith,41] - Generating unique operation named: listUsingGET_8
16:50:12.199 [main] INFO  s.d.s.w.r.o.CachingOperationNameGenerator - [startingWith,41] - Generating unique operation named: addUsingPOST_9
16:50:12.202 [main] INFO  s.d.s.w.r.o.CachingOperationNameGenerator - [startingWith,41] - Generating unique operation named: editUsingPUT_9
16:50:12.208 [main] INFO  s.d.s.w.r.o.CachingOperationNameGenerator - [startingWith,41] - Generating unique operation named: exportUsingGET_9
16:50:12.215 [main] INFO  s.d.s.w.r.o.CachingOperationNameGenerator - [startingWith,41] - Generating unique operation named: frontGetInfoUsingGET_5
16:50:12.219 [main] INFO  s.d.s.w.r.o.CachingOperationNameGenerator - [startingWith,41] - Generating unique operation named: getInfoUsingGET_10
16:50:12.229 [main] INFO  s.d.s.w.r.o.CachingOperationNameGenerator - [startingWith,41] - Generating unique operation named: removeUsingDELETE_9
16:50:12.234 [main] INFO  s.d.s.w.r.o.CachingOperationNameGenerator - [startingWith,41] - Generating unique operation named: frontListUsingGET_5
16:50:12.237 [main] INFO  s.d.s.w.r.o.CachingOperationNameGenerator - [startingWith,41] - Generating unique operation named: listUsingGET_9
16:50:12.244 [main] INFO  s.d.s.w.r.o.CachingOperationNameGenerator - [startingWith,41] - Generating unique operation named: addUsingPOST_10
16:50:12.247 [main] INFO  s.d.s.w.r.o.CachingOperationNameGenerator - [startingWith,41] - Generating unique operation named: editUsingPUT_10
16:50:12.251 [main] INFO  s.d.s.w.r.o.CachingOperationNameGenerator - [startingWith,41] - Generating unique operation named: exportUsingGET_10
16:50:12.260 [main] INFO  s.d.s.w.r.o.CachingOperationNameGenerator - [startingWith,41] - Generating unique operation named: getInfoUsingGET_11
16:50:12.266 [main] INFO  s.d.s.w.r.o.CachingOperationNameGenerator - [startingWith,41] - Generating unique operation named: removeUsingDELETE_10
16:50:12.271 [main] INFO  s.d.s.w.r.o.CachingOperationNameGenerator - [startingWith,41] - Generating unique operation named: listUsingGET_10
16:50:12.279 [main] INFO  s.d.s.w.r.o.CachingOperationNameGenerator - [startingWith,41] - Generating unique operation named: addUsingPOST_11
16:50:12.282 [main] INFO  s.d.s.w.r.o.CachingOperationNameGenerator - [startingWith,41] - Generating unique operation named: editUsingPUT_11
16:50:12.287 [main] INFO  s.d.s.w.r.o.CachingOperationNameGenerator - [startingWith,41] - Generating unique operation named: exportUsingGET_11
16:50:12.294 [main] INFO  s.d.s.w.r.o.CachingOperationNameGenerator - [startingWith,41] - Generating unique operation named: getInfoUsingGET_12
16:50:12.298 [main] INFO  s.d.s.w.r.o.CachingOperationNameGenerator - [startingWith,41] - Generating unique operation named: removeUsingDELETE_11
16:50:12.302 [main] INFO  s.d.s.w.r.o.CachingOperationNameGenerator - [startingWith,41] - Generating unique operation named: listUsingGET_11
16:50:12.312 [main] INFO  s.d.s.w.r.o.CachingOperationNameGenerator - [startingWith,41] - Generating unique operation named: addUsingPOST_12
16:50:12.320 [main] INFO  s.d.s.w.r.o.CachingOperationNameGenerator - [startingWith,41] - Generating unique operation named: editUsingPUT_12
16:50:12.329 [main] INFO  s.d.s.w.r.o.CachingOperationNameGenerator - [startingWith,41] - Generating unique operation named: exportUsingGET_12
16:50:12.336 [main] INFO  s.d.s.w.r.o.CachingOperationNameGenerator - [startingWith,41] - Generating unique operation named: frontGetInfoUsingGET_6
16:50:12.343 [main] INFO  s.d.s.w.r.o.CachingOperationNameGenerator - [startingWith,41] - Generating unique operation named: getInfoUsingGET_13
16:50:12.347 [main] INFO  s.d.s.w.r.o.CachingOperationNameGenerator - [startingWith,41] - Generating unique operation named: removeUsingDELETE_12
16:50:12.352 [main] INFO  s.d.s.w.r.o.CachingOperationNameGenerator - [startingWith,41] - Generating unique operation named: frontListUsingGET_6
16:50:12.356 [main] INFO  s.d.s.w.r.o.CachingOperationNameGenerator - [startingWith,41] - Generating unique operation named: listUsingGET_12
16:50:12.364 [main] INFO  s.d.s.w.r.o.CachingOperationNameGenerator - [startingWith,41] - Generating unique operation named: addUsingPOST_13
16:50:12.368 [main] INFO  s.d.s.w.r.o.CachingOperationNameGenerator - [startingWith,41] - Generating unique operation named: editUsingPUT_13
16:50:12.374 [main] INFO  s.d.s.w.r.o.CachingOperationNameGenerator - [startingWith,41] - Generating unique operation named: exportUsingGET_13
16:50:12.380 [main] INFO  s.d.s.w.r.o.CachingOperationNameGenerator - [startingWith,41] - Generating unique operation named: frontGetInfoUsingGET_7
16:50:12.383 [main] INFO  s.d.s.w.r.o.CachingOperationNameGenerator - [startingWith,41] - Generating unique operation named: getInfoUsingGET_14
16:50:12.386 [main] INFO  s.d.s.w.r.o.CachingOperationNameGenerator - [startingWith,41] - Generating unique operation named: removeUsingDELETE_13
16:50:12.390 [main] INFO  s.d.s.w.r.o.CachingOperationNameGenerator - [startingWith,41] - Generating unique operation named: frontListUsingGET_7
16:50:12.395 [main] INFO  s.d.s.w.r.o.CachingOperationNameGenerator - [startingWith,41] - Generating unique operation named: listUsingGET_13
16:50:12.399 [main] INFO  s.d.s.w.r.o.CachingOperationNameGenerator - [startingWith,41] - Generating unique operation named: addUsingPOST_14
16:50:12.402 [main] INFO  s.d.s.w.r.o.CachingOperationNameGenerator - [startingWith,41] - Generating unique operation named: editUsingPUT_14
16:50:12.426 [main] INFO  s.d.s.w.r.o.CachingOperationNameGenerator - [startingWith,41] - Generating unique operation named: exportUsingGET_14
16:50:12.430 [main] INFO  s.d.s.w.r.o.CachingOperationNameGenerator - [startingWith,41] - Generating unique operation named: getInfoUsingGET_15
16:50:12.433 [main] INFO  s.d.s.w.r.o.CachingOperationNameGenerator - [startingWith,41] - Generating unique operation named: removeUsingDELETE_14
16:50:12.436 [main] INFO  s.d.s.w.r.o.CachingOperationNameGenerator - [startingWith,41] - Generating unique operation named: listUsingGET_14
16:50:12.450 [main] INFO  s.d.s.w.r.o.CachingOperationNameGenerator - [startingWith,41] - Generating unique operation named: addUsingPOST_15
16:50:12.453 [main] INFO  s.d.s.w.r.o.CachingOperationNameGenerator - [startingWith,41] - Generating unique operation named: editUsingPUT_15
16:50:12.459 [main] INFO  s.d.s.w.r.o.CachingOperationNameGenerator - [startingWith,41] - Generating unique operation named: exportUsingGET_15
16:50:12.464 [main] INFO  s.d.s.w.r.o.CachingOperationNameGenerator - [startingWith,41] - Generating unique operation named: getInfoUsingGET_16
16:50:12.468 [main] INFO  s.d.s.w.r.o.CachingOperationNameGenerator - [startingWith,41] - Generating unique operation named: removeUsingDELETE_15
16:50:12.473 [main] INFO  s.d.s.w.r.o.CachingOperationNameGenerator - [startingWith,41] - Generating unique operation named: listUsingGET_15
16:50:12.480 [main] INFO  s.d.s.w.r.o.CachingOperationNameGenerator - [startingWith,41] - Generating unique operation named: addUsingPOST_16
16:50:12.483 [main] INFO  s.d.s.w.r.o.CachingOperationNameGenerator - [startingWith,41] - Generating unique operation named: editUsingPUT_16
16:50:12.489 [main] INFO  s.d.s.w.r.o.CachingOperationNameGenerator - [startingWith,41] - Generating unique operation named: exportUsingGET_16
16:50:12.494 [main] INFO  s.d.s.w.r.o.CachingOperationNameGenerator - [startingWith,41] - Generating unique operation named: getInfoUsingGET_17
16:50:12.496 [main] INFO  s.d.s.w.r.o.CachingOperationNameGenerator - [startingWith,41] - Generating unique operation named: removeUsingDELETE_16
16:50:12.500 [main] INFO  s.d.s.w.r.o.CachingOperationNameGenerator - [startingWith,41] - Generating unique operation named: listUsingGET_16
16:50:12.504 [main] INFO  s.d.s.w.r.o.CachingOperationNameGenerator - [startingWith,41] - Generating unique operation named: addUsingPOST_17
16:50:12.508 [main] INFO  s.d.s.w.r.o.CachingOperationNameGenerator - [startingWith,41] - Generating unique operation named: editUsingPUT_17
16:50:12.513 [main] INFO  s.d.s.w.r.o.CachingOperationNameGenerator - [startingWith,41] - Generating unique operation named: exportUsingGET_17
16:50:12.518 [main] INFO  s.d.s.w.r.o.CachingOperationNameGenerator - [startingWith,41] - Generating unique operation named: getInfoUsingGET_18
16:50:12.521 [main] INFO  s.d.s.w.r.o.CachingOperationNameGenerator - [startingWith,41] - Generating unique operation named: removeUsingDELETE_17
16:50:12.527 [main] INFO  s.d.s.w.r.o.CachingOperationNameGenerator - [startingWith,41] - Generating unique operation named: listUsingGET_17
16:50:12.534 [main] INFO  s.d.s.w.r.o.CachingOperationNameGenerator - [startingWith,41] - Generating unique operation named: addUsingPOST_18
16:50:12.537 [main] INFO  s.d.s.w.r.o.CachingOperationNameGenerator - [startingWith,41] - Generating unique operation named: editUsingPUT_18
16:50:12.542 [main] INFO  s.d.s.w.r.o.CachingOperationNameGenerator - [startingWith,41] - Generating unique operation named: exportUsingGET_18
16:50:12.547 [main] INFO  s.d.s.w.r.o.CachingOperationNameGenerator - [startingWith,41] - Generating unique operation named: getInfoUsingGET_19
16:50:12.550 [main] INFO  s.d.s.w.r.o.CachingOperationNameGenerator - [startingWith,41] - Generating unique operation named: removeUsingDELETE_18
16:50:12.554 [main] INFO  s.d.s.w.r.o.CachingOperationNameGenerator - [startingWith,41] - Generating unique operation named: listUsingGET_18
16:50:12.564 [main] INFO  s.d.s.w.r.o.CachingOperationNameGenerator - [startingWith,41] - Generating unique operation named: addUsingPOST_19
16:50:12.570 [main] INFO  s.d.s.w.r.o.CachingOperationNameGenerator - [startingWith,41] - Generating unique operation named: editUsingPUT_19
16:50:12.577 [main] INFO  s.d.s.w.r.o.CachingOperationNameGenerator - [startingWith,41] - Generating unique operation named: exportUsingGET_19
16:50:12.581 [main] INFO  s.d.s.w.r.o.CachingOperationNameGenerator - [startingWith,41] - Generating unique operation named: removeUsingDELETE_19
16:50:12.589 [main] INFO  s.d.s.w.r.o.CachingOperationNameGenerator - [startingWith,41] - Generating unique operation named: getInfoUsingGET_20
16:50:12.594 [main] INFO  s.d.s.w.r.o.CachingOperationNameGenerator - [startingWith,41] - Generating unique operation named: listUsingGET_19
16:50:12.600 [main] INFO  s.d.s.w.r.o.CachingOperationNameGenerator - [startingWith,41] - Generating unique operation named: addUsingPOST_20
16:50:12.606 [main] INFO  s.d.s.w.r.o.CachingOperationNameGenerator - [startingWith,41] - Generating unique operation named: editUsingPUT_20
16:50:12.612 [main] INFO  s.d.s.w.r.o.CachingOperationNameGenerator - [startingWith,41] - Generating unique operation named: exportUsingGET_20
16:50:12.619 [main] INFO  s.d.s.w.r.o.CachingOperationNameGenerator - [startingWith,41] - Generating unique operation named: getInfoUsingGET_21
16:50:12.624 [main] INFO  s.d.s.w.r.o.CachingOperationNameGenerator - [startingWith,41] - Generating unique operation named: removeUsingDELETE_20
16:50:12.628 [main] INFO  s.d.s.w.r.o.CachingOperationNameGenerator - [startingWith,41] - Generating unique operation named: listUsingGET_20
16:50:12.640 [main] INFO  s.d.s.w.r.o.CachingOperationNameGenerator - [startingWith,41] - Generating unique operation named: addUsingPOST_21
16:50:12.643 [main] INFO  s.d.s.w.r.o.CachingOperationNameGenerator - [startingWith,41] - Generating unique operation named: getInfoUsingGET_22
16:50:12.684 [main] INFO  s.d.s.w.r.o.CachingOperationNameGenerator - [startingWith,41] - Generating unique operation named: frontListUsingGET_8
16:50:12.729 [main] INFO  s.d.s.w.r.o.CachingOperationNameGenerator - [startingWith,41] - Generating unique operation named: addUsingPOST_22
16:50:12.733 [main] INFO  s.d.s.w.r.o.CachingOperationNameGenerator - [startingWith,41] - Generating unique operation named: editUsingPUT_21
16:50:12.739 [main] INFO  s.d.s.w.r.o.CachingOperationNameGenerator - [startingWith,41] - Generating unique operation named: exportUsingGET_21
16:50:12.744 [main] INFO  s.d.s.w.r.o.CachingOperationNameGenerator - [startingWith,41] - Generating unique operation named: getInfoUsingGET_23
16:50:12.749 [main] INFO  s.d.s.w.r.o.CachingOperationNameGenerator - [startingWith,41] - Generating unique operation named: removeUsingDELETE_21
16:50:12.756 [main] INFO  s.d.s.w.r.o.CachingOperationNameGenerator - [startingWith,41] - Generating unique operation named: listUsingGET_21
16:50:12.766 [main] INFO  s.d.s.w.r.o.CachingOperationNameGenerator - [startingWith,41] - Generating unique operation named: addUsingPOST_23
16:50:12.770 [main] INFO  s.d.s.w.r.o.CachingOperationNameGenerator - [startingWith,41] - Generating unique operation named: editUsingPUT_22
16:50:12.774 [main] INFO  s.d.s.w.r.o.CachingOperationNameGenerator - [startingWith,41] - Generating unique operation named: exportUsingGET_22
16:50:12.779 [main] INFO  s.d.s.w.r.o.CachingOperationNameGenerator - [startingWith,41] - Generating unique operation named: getInfoUsingGET_24
16:50:12.782 [main] INFO  s.d.s.w.r.o.CachingOperationNameGenerator - [startingWith,41] - Generating unique operation named: removeUsingDELETE_22
16:50:12.787 [main] INFO  s.d.s.w.r.o.CachingOperationNameGenerator - [startingWith,41] - Generating unique operation named: listUsingGET_22
16:50:12.796 [main] INFO  s.d.s.w.r.o.CachingOperationNameGenerator - [startingWith,41] - Generating unique operation named: addUsingPOST_24
16:50:12.802 [main] INFO  s.d.s.w.r.o.CachingOperationNameGenerator - [startingWith,41] - Generating unique operation named: editUsingPUT_23
16:50:12.810 [main] INFO  s.d.s.w.r.o.CachingOperationNameGenerator - [startingWith,41] - Generating unique operation named: exportUsingGET_23
16:50:12.816 [main] INFO  s.d.s.w.r.o.CachingOperationNameGenerator - [startingWith,41] - Generating unique operation named: getInfoUsingGET_25
16:50:12.821 [main] INFO  s.d.s.w.r.o.CachingOperationNameGenerator - [startingWith,41] - Generating unique operation named: removeUsingDELETE_23
16:50:12.827 [main] INFO  s.d.s.w.r.o.CachingOperationNameGenerator - [startingWith,41] - Generating unique operation named: listUsingGET_23
16:50:12.832 [main] INFO  s.d.s.w.r.o.CachingOperationNameGenerator - [startingWith,41] - Generating unique operation named: addUsingPOST_25
16:50:12.836 [main] INFO  s.d.s.w.r.o.CachingOperationNameGenerator - [startingWith,41] - Generating unique operation named: editUsingPUT_24
16:50:12.843 [main] INFO  s.d.s.w.r.o.CachingOperationNameGenerator - [startingWith,41] - Generating unique operation named: exportUsingGET_24
16:50:12.849 [main] INFO  s.d.s.w.r.o.CachingOperationNameGenerator - [startingWith,41] - Generating unique operation named: getInfoUsingGET_26
16:50:12.853 [main] INFO  s.d.s.w.r.o.CachingOperationNameGenerator - [startingWith,41] - Generating unique operation named: removeUsingDELETE_24
16:50:12.858 [main] INFO  s.d.s.w.r.o.CachingOperationNameGenerator - [startingWith,41] - Generating unique operation named: listUsingGET_24
16:50:12.863 [main] INFO  s.d.s.w.r.o.CachingOperationNameGenerator - [startingWith,41] - Generating unique operation named: addUsingPOST_26
16:50:12.868 [main] INFO  s.d.s.w.r.o.CachingOperationNameGenerator - [startingWith,41] - Generating unique operation named: editUsingPUT_25
16:50:12.872 [main] INFO  s.d.s.w.r.o.CachingOperationNameGenerator - [startingWith,41] - Generating unique operation named: exportUsingGET_25
16:50:12.876 [main] INFO  s.d.s.w.r.o.CachingOperationNameGenerator - [startingWith,41] - Generating unique operation named: getInfoUsingGET_27
16:50:12.881 [main] INFO  s.d.s.w.r.o.CachingOperationNameGenerator - [startingWith,41] - Generating unique operation named: removeUsingDELETE_25
16:50:12.886 [main] INFO  s.d.s.w.r.o.CachingOperationNameGenerator - [startingWith,41] - Generating unique operation named: listUsingGET_25
16:50:12.892 [main] INFO  s.d.s.w.r.o.CachingOperationNameGenerator - [startingWith,41] - Generating unique operation named: addUsingPOST_27
16:50:12.896 [main] INFO  s.d.s.w.r.o.CachingOperationNameGenerator - [startingWith,41] - Generating unique operation named: editUsingPUT_26
16:50:12.902 [main] INFO  s.d.s.w.r.o.CachingOperationNameGenerator - [startingWith,41] - Generating unique operation named: exportUsingGET_26
16:50:12.907 [main] INFO  s.d.s.w.r.o.CachingOperationNameGenerator - [startingWith,41] - Generating unique operation named: getInfoUsingGET_28
16:50:12.912 [main] INFO  s.d.s.w.r.o.CachingOperationNameGenerator - [startingWith,41] - Generating unique operation named: removeUsingDELETE_26
16:50:12.916 [main] INFO  s.d.s.w.r.o.CachingOperationNameGenerator - [startingWith,41] - Generating unique operation named: listUsingGET_26
16:50:12.923 [main] INFO  s.d.s.w.r.o.CachingOperationNameGenerator - [startingWith,41] - Generating unique operation named: addUsingPOST_28
16:50:12.928 [main] INFO  s.d.s.w.r.o.CachingOperationNameGenerator - [startingWith,41] - Generating unique operation named: editUsingPUT_27
16:50:12.935 [main] INFO  s.d.s.w.r.o.CachingOperationNameGenerator - [startingWith,41] - Generating unique operation named: exportUsingGET_27
16:50:12.940 [main] INFO  s.d.s.w.r.o.CachingOperationNameGenerator - [startingWith,41] - Generating unique operation named: getInfoUsingGET_29
16:50:12.945 [main] INFO  s.d.s.w.r.o.CachingOperationNameGenerator - [startingWith,41] - Generating unique operation named: removeUsingDELETE_27
16:50:12.950 [main] INFO  s.d.s.w.r.o.CachingOperationNameGenerator - [startingWith,41] - Generating unique operation named: listUsingGET_27
16:50:12.957 [main] INFO  s.d.s.w.r.o.CachingOperationNameGenerator - [startingWith,41] - Generating unique operation named: addUsingPOST_29
16:50:12.963 [main] INFO  s.d.s.w.r.o.CachingOperationNameGenerator - [startingWith,41] - Generating unique operation named: editUsingPUT_28
16:50:12.968 [main] INFO  s.d.s.w.r.o.CachingOperationNameGenerator - [startingWith,41] - Generating unique operation named: exportUsingGET_28
16:50:12.974 [main] INFO  s.d.s.w.r.o.CachingOperationNameGenerator - [startingWith,41] - Generating unique operation named: getInfoUsingGET_30
16:50:12.979 [main] INFO  s.d.s.w.r.o.CachingOperationNameGenerator - [startingWith,41] - Generating unique operation named: removeUsingDELETE_28
16:50:12.986 [main] INFO  s.d.s.w.r.o.CachingOperationNameGenerator - [startingWith,41] - Generating unique operation named: listUsingGET_28
16:50:13.037 [main] INFO  s.d.s.w.r.o.CachingOperationNameGenerator - [startingWith,41] - Generating unique operation named: exportUsingGET_29
16:50:13.047 [main] INFO  s.d.s.w.r.o.CachingOperationNameGenerator - [startingWith,41] - Generating unique operation named: listUsingGET_29
16:50:13.054 [main] INFO  s.d.s.w.r.o.CachingOperationNameGenerator - [startingWith,41] - Generating unique operation named: addUsingPOST_30
16:50:13.060 [main] INFO  s.d.s.w.r.o.CachingOperationNameGenerator - [startingWith,41] - Generating unique operation named: editUsingPUT_29
16:50:13.067 [main] INFO  s.d.s.w.r.o.CachingOperationNameGenerator - [startingWith,41] - Generating unique operation named: exportUsingGET_30
16:50:13.074 [main] INFO  s.d.s.w.r.o.CachingOperationNameGenerator - [startingWith,41] - Generating unique operation named: getInfoUsingGET_31
16:50:13.078 [main] INFO  s.d.s.w.r.o.CachingOperationNameGenerator - [startingWith,41] - Generating unique operation named: removeUsingDELETE_29
16:50:13.084 [main] INFO  s.d.s.w.r.o.CachingOperationNameGenerator - [startingWith,41] - Generating unique operation named: listUsingGET_30
16:50:13.091 [main] INFO  s.d.s.w.r.o.CachingOperationNameGenerator - [startingWith,41] - Generating unique operation named: addUsingPOST_31
16:50:13.096 [main] INFO  s.d.s.w.r.o.CachingOperationNameGenerator - [startingWith,41] - Generating unique operation named: editUsingPUT_30
16:50:13.102 [main] INFO  s.d.s.w.r.o.CachingOperationNameGenerator - [startingWith,41] - Generating unique operation named: exportUsingGET_31
16:50:13.109 [main] INFO  s.d.s.w.r.o.CachingOperationNameGenerator - [startingWith,41] - Generating unique operation named: getInfoUsingGET_32
16:50:13.114 [main] INFO  s.d.s.w.r.o.CachingOperationNameGenerator - [startingWith,41] - Generating unique operation named: removeUsingDELETE_30
16:50:13.120 [main] INFO  s.d.s.w.r.o.CachingOperationNameGenerator - [startingWith,41] - Generating unique operation named: listUsingGET_31
16:50:13.127 [main] INFO  s.d.s.w.r.o.CachingOperationNameGenerator - [startingWith,41] - Generating unique operation named: addUsingPOST_32
16:50:13.131 [main] INFO  s.d.s.w.r.o.CachingOperationNameGenerator - [startingWith,41] - Generating unique operation named: editUsingPUT_31
16:50:13.139 [main] INFO  s.d.s.w.r.o.CachingOperationNameGenerator - [startingWith,41] - Generating unique operation named: exportUsingGET_32
16:50:13.146 [main] INFO  s.d.s.w.r.o.CachingOperationNameGenerator - [startingWith,41] - Generating unique operation named: getInfoUsingGET_33
16:50:13.149 [main] INFO  s.d.s.w.r.o.CachingOperationNameGenerator - [startingWith,41] - Generating unique operation named: removeUsingDELETE_31
16:50:13.155 [main] INFO  s.d.s.w.r.o.CachingOperationNameGenerator - [startingWith,41] - Generating unique operation named: listUsingGET_32
16:50:13.163 [main] INFO  s.d.s.w.r.o.CachingOperationNameGenerator - [startingWith,41] - Generating unique operation named: addUsingPOST_33
16:50:13.169 [main] INFO  s.d.s.w.r.o.CachingOperationNameGenerator - [startingWith,41] - Generating unique operation named: editUsingPUT_32
16:50:13.174 [main] INFO  s.d.s.w.r.o.CachingOperationNameGenerator - [startingWith,41] - Generating unique operation named: exportUsingGET_33
16:50:13.180 [main] INFO  s.d.s.w.r.o.CachingOperationNameGenerator - [startingWith,41] - Generating unique operation named: getInfoUsingGET_34
16:50:13.185 [main] INFO  s.d.s.w.r.o.CachingOperationNameGenerator - [startingWith,41] - Generating unique operation named: removeUsingDELETE_32
16:50:13.191 [main] INFO  s.d.s.w.r.o.CachingOperationNameGenerator - [startingWith,41] - Generating unique operation named: listUsingGET_33
16:50:13.203 [main] INFO  s.d.s.w.r.o.CachingOperationNameGenerator - [startingWith,41] - Generating unique operation named: addUsingPOST_34
16:50:13.208 [main] INFO  s.d.s.w.r.o.CachingOperationNameGenerator - [startingWith,41] - Generating unique operation named: editUsingPUT_33
16:50:13.215 [main] INFO  s.d.s.w.r.o.CachingOperationNameGenerator - [startingWith,41] - Generating unique operation named: exportUsingGET_34
16:50:13.221 [main] INFO  s.d.s.w.r.o.CachingOperationNameGenerator - [startingWith,41] - Generating unique operation named: getInfoUsingGET_35
16:50:13.226 [main] INFO  s.d.s.w.r.o.CachingOperationNameGenerator - [startingWith,41] - Generating unique operation named: removeUsingDELETE_33
16:50:13.230 [main] INFO  s.d.s.w.r.o.CachingOperationNameGenerator - [startingWith,41] - Generating unique operation named: listUsingGET_34
16:50:13.239 [main] INFO  s.d.s.w.r.o.CachingOperationNameGenerator - [startingWith,41] - Generating unique operation named: addUsingPOST_35
16:50:13.247 [main] INFO  s.d.s.w.r.o.CachingOperationNameGenerator - [startingWith,41] - Generating unique operation named: editUsingPUT_34
16:50:13.257 [main] INFO  s.d.s.w.r.o.CachingOperationNameGenerator - [startingWith,41] - Generating unique operation named: exportUsingGET_35
16:50:13.264 [main] INFO  s.d.s.w.r.o.CachingOperationNameGenerator - [startingWith,41] - Generating unique operation named: getInfoUsingGET_36
16:50:13.268 [main] INFO  s.d.s.w.r.o.CachingOperationNameGenerator - [startingWith,41] - Generating unique operation named: removeUsingDELETE_34
16:50:13.279 [main] INFO  s.d.s.w.r.o.CachingOperationNameGenerator - [startingWith,41] - Generating unique operation named: listUsingGET_35
16:50:13.288 [main] INFO  s.d.s.w.r.o.CachingOperationNameGenerator - [startingWith,41] - Generating unique operation named: addUsingPOST_36
16:50:13.292 [main] INFO  s.d.s.w.r.o.CachingOperationNameGenerator - [startingWith,41] - Generating unique operation named: editUsingPUT_35
16:50:13.296 [main] INFO  s.d.s.w.r.o.CachingOperationNameGenerator - [startingWith,41] - Generating unique operation named: exportUsingGET_36
16:50:13.300 [main] INFO  s.d.s.w.r.o.CachingOperationNameGenerator - [startingWith,41] - Generating unique operation named: getInfoUsingGET_37
16:50:13.303 [main] INFO  s.d.s.w.r.o.CachingOperationNameGenerator - [startingWith,41] - Generating unique operation named: removeUsingDELETE_35
16:50:13.307 [main] INFO  s.d.s.w.r.o.CachingOperationNameGenerator - [startingWith,41] - Generating unique operation named: listUsingGET_36
16:50:13.313 [main] INFO  s.d.s.w.r.o.CachingOperationNameGenerator - [startingWith,41] - Generating unique operation named: addUsingPOST_37
16:50:13.316 [main] INFO  s.d.s.w.r.o.CachingOperationNameGenerator - [startingWith,41] - Generating unique operation named: editUsingPUT_36
16:50:13.321 [main] INFO  s.d.s.w.r.o.CachingOperationNameGenerator - [startingWith,41] - Generating unique operation named: exportUsingGET_37
16:50:13.325 [main] INFO  s.d.s.w.r.o.CachingOperationNameGenerator - [startingWith,41] - Generating unique operation named: getInfoUsingGET_38
16:50:13.329 [main] INFO  s.d.s.w.r.o.CachingOperationNameGenerator - [startingWith,41] - Generating unique operation named: removeUsingDELETE_36
16:50:13.333 [main] INFO  s.d.s.w.r.o.CachingOperationNameGenerator - [startingWith,41] - Generating unique operation named: listUsingGET_37
16:50:13.339 [main] INFO  s.d.s.w.r.o.CachingOperationNameGenerator - [startingWith,41] - Generating unique operation named: addUsingPOST_38
16:50:13.344 [main] INFO  s.d.s.w.r.o.CachingOperationNameGenerator - [startingWith,41] - Generating unique operation named: editUsingPUT_37
16:50:13.350 [main] INFO  s.d.s.w.r.o.CachingOperationNameGenerator - [startingWith,41] - Generating unique operation named: exportUsingGET_38
16:50:13.356 [main] INFO  s.d.s.w.r.o.CachingOperationNameGenerator - [startingWith,41] - Generating unique operation named: getInfoUsingGET_39
16:50:13.360 [main] INFO  s.d.s.w.r.o.CachingOperationNameGenerator - [startingWith,41] - Generating unique operation named: removeUsingDELETE_37
16:50:13.364 [main] INFO  s.d.s.w.r.o.CachingOperationNameGenerator - [startingWith,41] - Generating unique operation named: listUsingGET_38
16:50:13.369 [main] INFO  s.d.s.w.r.o.CachingOperationNameGenerator - [startingWith,41] - Generating unique operation named: addUsingPOST_39
16:50:13.373 [main] INFO  s.d.s.w.r.o.CachingOperationNameGenerator - [startingWith,41] - Generating unique operation named: editUsingPUT_38
16:50:13.379 [main] INFO  s.d.s.w.r.o.CachingOperationNameGenerator - [startingWith,41] - Generating unique operation named: exportUsingGET_39
16:50:13.388 [main] INFO  s.d.s.w.r.o.CachingOperationNameGenerator - [startingWith,41] - Generating unique operation named: getInfoUsingGET_40
16:50:13.392 [main] INFO  s.d.s.w.r.o.CachingOperationNameGenerator - [startingWith,41] - Generating unique operation named: removeUsingDELETE_38
16:50:13.397 [main] INFO  s.d.s.w.r.o.CachingOperationNameGenerator - [startingWith,41] - Generating unique operation named: listUsingGET_39
16:50:13.403 [main] INFO  s.d.s.w.r.o.CachingOperationNameGenerator - [startingWith,41] - Generating unique operation named: addUsingPOST_40
16:50:13.409 [main] INFO  s.d.s.w.r.o.CachingOperationNameGenerator - [startingWith,41] - Generating unique operation named: editUsingPUT_39
16:50:13.416 [main] INFO  s.d.s.w.r.o.CachingOperationNameGenerator - [startingWith,41] - Generating unique operation named: exportUsingGET_40
16:50:13.423 [main] INFO  s.d.s.w.r.o.CachingOperationNameGenerator - [startingWith,41] - Generating unique operation named: getInfoUsingGET_41
16:50:13.426 [main] INFO  s.d.s.w.r.o.CachingOperationNameGenerator - [startingWith,41] - Generating unique operation named: removeUsingDELETE_39
16:50:13.431 [main] INFO  s.d.s.w.r.o.CachingOperationNameGenerator - [startingWith,41] - Generating unique operation named: listUsingGET_40
16:50:13.437 [main] INFO  s.d.s.w.r.o.CachingOperationNameGenerator - [startingWith,41] - Generating unique operation named: addUsingPOST_41
16:50:13.440 [main] INFO  s.d.s.w.r.o.CachingOperationNameGenerator - [startingWith,41] - Generating unique operation named: editUsingPUT_40
16:50:13.444 [main] INFO  s.d.s.w.r.o.CachingOperationNameGenerator - [startingWith,41] - Generating unique operation named: exportUsingGET_41
16:50:13.450 [main] INFO  s.d.s.w.r.o.CachingOperationNameGenerator - [startingWith,41] - Generating unique operation named: getInfoUsingGET_42
16:50:13.453 [main] INFO  s.d.s.w.r.o.CachingOperationNameGenerator - [startingWith,41] - Generating unique operation named: removeUsingDELETE_40
16:50:13.459 [main] INFO  s.d.s.w.r.o.CachingOperationNameGenerator - [startingWith,41] - Generating unique operation named: listUsingGET_41
16:50:13.470 [main] INFO  s.d.s.w.r.o.CachingOperationNameGenerator - [startingWith,41] - Generating unique operation named: addUsingPOST_42
16:50:13.476 [main] INFO  s.d.s.w.r.o.CachingOperationNameGenerator - [startingWith,41] - Generating unique operation named: editUsingPUT_41
16:50:13.481 [main] INFO  s.d.s.w.r.o.CachingOperationNameGenerator - [startingWith,41] - Generating unique operation named: exportUsingGET_42
16:50:13.486 [main] INFO  s.d.s.w.r.o.CachingOperationNameGenerator - [startingWith,41] - Generating unique operation named: getInfoUsingGET_43
16:50:13.490 [main] INFO  s.d.s.w.r.o.CachingOperationNameGenerator - [startingWith,41] - Generating unique operation named: removeUsingDELETE_41
16:50:13.495 [main] INFO  s.d.s.w.r.o.CachingOperationNameGenerator - [startingWith,41] - Generating unique operation named: listUsingGET_42
16:50:13.504 [main] INFO  s.d.s.w.r.o.CachingOperationNameGenerator - [startingWith,41] - Generating unique operation named: addUsingPOST_43
16:50:13.508 [main] INFO  s.d.s.w.r.o.CachingOperationNameGenerator - [startingWith,41] - Generating unique operation named: editUsingPUT_42
16:50:13.514 [main] INFO  s.d.s.w.r.o.CachingOperationNameGenerator - [startingWith,41] - Generating unique operation named: exportUsingGET_43
16:50:13.521 [main] INFO  s.d.s.w.r.o.CachingOperationNameGenerator - [startingWith,41] - Generating unique operation named: getInfoUsingGET_44
16:50:13.525 [main] INFO  s.d.s.w.r.o.CachingOperationNameGenerator - [startingWith,41] - Generating unique operation named: removeUsingDELETE_42
16:50:13.533 [main] INFO  s.d.s.w.r.o.CachingOperationNameGenerator - [startingWith,41] - Generating unique operation named: listUsingGET_43
16:50:13.541 [main] INFO  s.d.s.w.r.o.CachingOperationNameGenerator - [startingWith,41] - Generating unique operation named: addUsingPOST_44
16:50:13.549 [main] INFO  s.d.s.w.r.o.CachingOperationNameGenerator - [startingWith,41] - Generating unique operation named: editUsingPUT_43
16:50:13.558 [main] INFO  s.d.s.w.r.o.CachingOperationNameGenerator - [startingWith,41] - Generating unique operation named: exportUsingGET_44
16:50:13.566 [main] INFO  s.d.s.w.r.o.CachingOperationNameGenerator - [startingWith,41] - Generating unique operation named: getInfoUsingGET_45
16:50:13.569 [main] INFO  s.d.s.w.r.o.CachingOperationNameGenerator - [startingWith,41] - Generating unique operation named: removeUsingDELETE_43
16:50:13.577 [main] INFO  s.d.s.w.r.o.CachingOperationNameGenerator - [startingWith,41] - Generating unique operation named: listUsingGET_44
16:50:13.583 [main] INFO  s.d.s.w.r.o.CachingOperationNameGenerator - [startingWith,41] - Generating unique operation named: addUsingPOST_45
16:50:13.588 [main] INFO  s.d.s.w.r.o.CachingOperationNameGenerator - [startingWith,41] - Generating unique operation named: editUsingPUT_44
16:50:13.593 [main] INFO  s.d.s.w.r.o.CachingOperationNameGenerator - [startingWith,41] - Generating unique operation named: exportUsingGET_45
16:50:13.600 [main] INFO  s.d.s.w.r.o.CachingOperationNameGenerator - [startingWith,41] - Generating unique operation named: getInfoUsingGET_46
16:50:13.605 [main] INFO  s.d.s.w.r.o.CachingOperationNameGenerator - [startingWith,41] - Generating unique operation named: removeUsingDELETE_44
16:50:13.610 [main] INFO  s.d.s.w.r.o.CachingOperationNameGenerator - [startingWith,41] - Generating unique operation named: listUsingGET_45
16:50:13.618 [main] INFO  s.d.s.w.r.o.CachingOperationNameGenerator - [startingWith,41] - Generating unique operation named: addUsingPOST_46
16:50:13.622 [main] INFO  s.d.s.w.r.o.CachingOperationNameGenerator - [startingWith,41] - Generating unique operation named: editUsingPUT_45
16:50:13.629 [main] INFO  s.d.s.w.r.o.CachingOperationNameGenerator - [startingWith,41] - Generating unique operation named: exportUsingGET_46
16:50:13.636 [main] INFO  s.d.s.w.r.o.CachingOperationNameGenerator - [startingWith,41] - Generating unique operation named: getInfoUsingGET_47
16:50:13.640 [main] INFO  s.d.s.w.r.o.CachingOperationNameGenerator - [startingWith,41] - Generating unique operation named: removeUsingDELETE_45
16:50:13.644 [main] INFO  s.d.s.w.r.o.CachingOperationNameGenerator - [startingWith,41] - Generating unique operation named: listUsingGET_46
16:50:13.650 [main] INFO  s.d.s.w.r.o.CachingOperationNameGenerator - [startingWith,41] - Generating unique operation named: addUsingPOST_47
16:50:13.652 [main] INFO  s.d.s.w.r.o.CachingOperationNameGenerator - [startingWith,41] - Generating unique operation named: editUsingPUT_46
16:50:13.655 [main] INFO  s.d.s.w.r.o.CachingOperationNameGenerator - [startingWith,41] - Generating unique operation named: exportUsingGET_47
16:50:13.660 [main] INFO  s.d.s.w.r.o.CachingOperationNameGenerator - [startingWith,41] - Generating unique operation named: getInfoUsingGET_48
16:50:13.663 [main] INFO  s.d.s.w.r.o.CachingOperationNameGenerator - [startingWith,41] - Generating unique operation named: removeUsingDELETE_46
16:50:13.666 [main] INFO  s.d.s.w.r.o.CachingOperationNameGenerator - [startingWith,41] - Generating unique operation named: listUsingGET_47
16:50:13.671 [main] INFO  s.d.s.w.r.o.CachingOperationNameGenerator - [startingWith,41] - Generating unique operation named: addUsingPOST_48
16:50:13.673 [main] INFO  s.d.s.w.r.o.CachingOperationNameGenerator - [startingWith,41] - Generating unique operation named: auditUsingPUT_1
16:50:13.676 [main] INFO  s.d.s.w.r.o.CachingOperationNameGenerator - [startingWith,41] - Generating unique operation named: editUsingPUT_47
16:50:13.682 [main] INFO  s.d.s.w.r.o.CachingOperationNameGenerator - [startingWith,41] - Generating unique operation named: exportUsingGET_48
16:50:13.687 [main] INFO  s.d.s.w.r.o.CachingOperationNameGenerator - [startingWith,41] - Generating unique operation named: getInfoUsingGET_49
16:50:13.690 [main] INFO  s.d.s.w.r.o.CachingOperationNameGenerator - [startingWith,41] - Generating unique operation named: removeUsingDELETE_47
16:50:13.694 [main] INFO  s.d.s.w.r.o.CachingOperationNameGenerator - [startingWith,41] - Generating unique operation named: submitUsingPUT_1
16:50:13.699 [main] INFO  s.d.s.w.r.o.CachingOperationNameGenerator - [startingWith,41] - Generating unique operation named: listUsingGET_48
16:50:13.702 [main] INFO  s.d.s.w.r.o.CachingOperationNameGenerator - [startingWith,41] - Generating unique operation named: list4AuditUsingGET_1
16:50:13.706 [main] INFO  s.d.s.w.r.o.CachingOperationNameGenerator - [startingWith,41] - Generating unique operation named: addUsingPOST_49
16:50:13.710 [main] INFO  s.d.s.w.r.o.CachingOperationNameGenerator - [startingWith,41] - Generating unique operation named: editUsingPUT_48
16:50:13.713 [main] INFO  s.d.s.w.r.o.CachingOperationNameGenerator - [startingWith,41] - Generating unique operation named: exportUsingGET_49
16:50:13.717 [main] INFO  s.d.s.w.r.o.CachingOperationNameGenerator - [startingWith,41] - Generating unique operation named: getInfoUsingGET_50
16:50:13.719 [main] INFO  s.d.s.w.r.o.CachingOperationNameGenerator - [startingWith,41] - Generating unique operation named: removeUsingDELETE_48
16:50:13.722 [main] INFO  s.d.s.w.r.o.CachingOperationNameGenerator - [startingWith,41] - Generating unique operation named: listUsingGET_49
16:50:13.730 [main] INFO  s.d.s.w.r.o.CachingOperationNameGenerator - [startingWith,41] - Generating unique operation named: addUsingPOST_50
16:50:13.733 [main] INFO  s.d.s.w.r.o.CachingOperationNameGenerator - [startingWith,41] - Generating unique operation named: editUsingPUT_49
16:50:13.742 [main] INFO  s.d.s.w.r.o.CachingOperationNameGenerator - [startingWith,41] - Generating unique operation named: exportUsingGET_50
16:50:13.749 [main] INFO  s.d.s.w.r.o.CachingOperationNameGenerator - [startingWith,41] - Generating unique operation named: getInfoUsingGET_51
16:50:13.754 [main] INFO  s.d.s.w.r.o.CachingOperationNameGenerator - [startingWith,41] - Generating unique operation named: removeUsingDELETE_49
16:50:13.758 [main] INFO  s.d.s.w.r.o.CachingOperationNameGenerator - [startingWith,41] - Generating unique operation named: listUsingGET_50
16:50:13.763 [main] INFO  s.d.s.w.r.o.CachingOperationNameGenerator - [startingWith,41] - Generating unique operation named: addUsingPOST_51
16:50:13.765 [main] INFO  s.d.s.w.r.o.CachingOperationNameGenerator - [startingWith,41] - Generating unique operation named: editUsingPUT_50
16:50:13.767 [main] INFO  s.d.s.w.r.o.CachingOperationNameGenerator - [startingWith,41] - Generating unique operation named: exportUsingGET_51
16:50:13.771 [main] INFO  s.d.s.w.r.o.CachingOperationNameGenerator - [startingWith,41] - Generating unique operation named: getInfoUsingGET_52
16:50:13.775 [main] INFO  s.d.s.w.r.o.CachingOperationNameGenerator - [startingWith,41] - Generating unique operation named: removeUsingDELETE_50
16:50:13.779 [main] INFO  s.d.s.w.r.o.CachingOperationNameGenerator - [startingWith,41] - Generating unique operation named: listUsingGET_51
16:50:13.784 [main] INFO  s.d.s.w.r.o.CachingOperationNameGenerator - [startingWith,41] - Generating unique operation named: addUsingPOST_52
16:50:13.787 [main] INFO  s.d.s.w.r.o.CachingOperationNameGenerator - [startingWith,41] - Generating unique operation named: editUsingPUT_51
16:50:13.791 [main] INFO  s.d.s.w.r.o.CachingOperationNameGenerator - [startingWith,41] - Generating unique operation named: exportUsingGET_52
16:50:13.796 [main] INFO  s.d.s.w.r.o.CachingOperationNameGenerator - [startingWith,41] - Generating unique operation named: getInfoUsingGET_53
16:50:13.800 [main] INFO  s.d.s.w.r.o.CachingOperationNameGenerator - [startingWith,41] - Generating unique operation named: removeUsingDELETE_51
16:50:13.807 [main] INFO  s.d.s.w.r.o.CachingOperationNameGenerator - [startingWith,41] - Generating unique operation named: listUsingGET_52
16:50:13.827 [main] INFO  s.d.s.w.r.o.CachingOperationNameGenerator - [startingWith,41] - Generating unique operation named: addUsingPOST_53
16:50:13.830 [main] INFO  s.d.s.w.r.o.CachingOperationNameGenerator - [startingWith,41] - Generating unique operation named: editUsingPUT_52
16:50:13.835 [main] INFO  s.d.s.w.r.o.CachingOperationNameGenerator - [startingWith,41] - Generating unique operation named: exportUsingGET_53
16:50:13.843 [main] INFO  s.d.s.w.r.o.CachingOperationNameGenerator - [startingWith,41] - Generating unique operation named: getInfoUsingGET_54
16:50:13.846 [main] INFO  s.d.s.w.r.o.CachingOperationNameGenerator - [startingWith,41] - Generating unique operation named: removeUsingDELETE_52
16:50:13.850 [main] INFO  s.d.s.w.r.o.CachingOperationNameGenerator - [startingWith,41] - Generating unique operation named: listUsingGET_53
16:50:13.857 [main] INFO  s.d.s.w.r.o.CachingOperationNameGenerator - [startingWith,41] - Generating unique operation named: addUsingPOST_54
16:50:13.860 [main] INFO  s.d.s.w.r.o.CachingOperationNameGenerator - [startingWith,41] - Generating unique operation named: auditUsingPUT_2
16:50:13.863 [main] INFO  s.d.s.w.r.o.CachingOperationNameGenerator - [startingWith,41] - Generating unique operation named: editUsingPUT_53
16:50:13.869 [main] INFO  s.d.s.w.r.o.CachingOperationNameGenerator - [startingWith,41] - Generating unique operation named: exportUsingGET_54
16:50:13.878 [main] INFO  s.d.s.w.r.o.CachingOperationNameGenerator - [startingWith,41] - Generating unique operation named: getInfoUsingGET_55
16:50:13.881 [main] INFO  s.d.s.w.r.o.CachingOperationNameGenerator - [startingWith,41] - Generating unique operation named: removeUsingDELETE_53
16:50:13.884 [main] INFO  s.d.s.w.r.o.CachingOperationNameGenerator - [startingWith,41] - Generating unique operation named: submitUsingPUT_2
16:50:13.888 [main] INFO  s.d.s.w.r.o.CachingOperationNameGenerator - [startingWith,41] - Generating unique operation named: listUsingGET_54
16:50:13.893 [main] INFO  s.d.s.w.r.o.CachingOperationNameGenerator - [startingWith,41] - Generating unique operation named: list4AuditUsingGET_2
16:50:13.898 [main] INFO  s.d.s.w.r.o.CachingOperationNameGenerator - [startingWith,41] - Generating unique operation named: addUsingPOST_55
16:50:13.900 [main] INFO  s.d.s.w.r.o.CachingOperationNameGenerator - [startingWith,41] - Generating unique operation named: editUsingPUT_54
16:50:13.904 [main] INFO  s.d.s.w.r.o.CachingOperationNameGenerator - [startingWith,41] - Generating unique operation named: exportUsingGET_55
16:50:13.908 [main] INFO  s.d.s.w.r.o.CachingOperationNameGenerator - [startingWith,41] - Generating unique operation named: getInfoUsingGET_56
16:50:13.911 [main] INFO  s.d.s.w.r.o.CachingOperationNameGenerator - [startingWith,41] - Generating unique operation named: removeUsingDELETE_54
16:50:13.915 [main] INFO  s.d.s.w.r.o.CachingOperationNameGenerator - [startingWith,41] - Generating unique operation named: listUsingGET_55
16:50:13.920 [main] INFO  s.d.s.w.r.o.CachingOperationNameGenerator - [startingWith,41] - Generating unique operation named: addUsingPOST_56
16:50:13.924 [main] INFO  s.d.s.w.r.o.CachingOperationNameGenerator - [startingWith,41] - Generating unique operation named: editUsingPUT_55
16:50:13.931 [main] INFO  s.d.s.w.r.o.CachingOperationNameGenerator - [startingWith,41] - Generating unique operation named: exportUsingGET_56
16:50:13.935 [main] INFO  s.d.s.w.r.o.CachingOperationNameGenerator - [startingWith,41] - Generating unique operation named: getInfoUsingGET_57
16:50:13.939 [main] INFO  s.d.s.w.r.o.CachingOperationNameGenerator - [startingWith,41] - Generating unique operation named: removeUsingDELETE_55
16:50:13.945 [main] INFO  s.d.s.w.r.o.CachingOperationNameGenerator - [startingWith,41] - Generating unique operation named: listUsingGET_56
16:50:13.952 [main] INFO  s.d.s.w.r.o.CachingOperationNameGenerator - [startingWith,41] - Generating unique operation named: addUsingPOST_57
16:50:13.956 [main] INFO  s.d.s.w.r.o.CachingOperationNameGenerator - [startingWith,41] - Generating unique operation named: editUsingPUT_56
16:50:13.960 [main] INFO  s.d.s.w.r.o.CachingOperationNameGenerator - [startingWith,41] - Generating unique operation named: exportUsingGET_57
16:50:13.967 [main] INFO  s.d.s.w.r.o.CachingOperationNameGenerator - [startingWith,41] - Generating unique operation named: getInfoUsingGET_58
16:50:13.970 [main] INFO  s.d.s.w.r.o.CachingOperationNameGenerator - [startingWith,41] - Generating unique operation named: removeUsingDELETE_56
16:50:13.976 [main] INFO  s.d.s.w.r.o.CachingOperationNameGenerator - [startingWith,41] - Generating unique operation named: listUsingGET_57
16:50:13.984 [main] INFO  s.d.s.w.r.o.CachingOperationNameGenerator - [startingWith,41] - Generating unique operation named: addUsingPOST_58
16:50:13.990 [main] INFO  s.d.s.w.r.o.CachingOperationNameGenerator - [startingWith,41] - Generating unique operation named: auditUsingPUT_3
16:50:13.994 [main] INFO  s.d.s.w.r.o.CachingOperationNameGenerator - [startingWith,41] - Generating unique operation named: editUsingPUT_57
16:50:14.002 [main] INFO  s.d.s.w.r.o.CachingOperationNameGenerator - [startingWith,41] - Generating unique operation named: exportUsingGET_58
16:50:14.008 [main] INFO  s.d.s.w.r.o.CachingOperationNameGenerator - [startingWith,41] - Generating unique operation named: getInfoUsingGET_59
16:50:14.011 [main] INFO  s.d.s.w.r.o.CachingOperationNameGenerator - [startingWith,41] - Generating unique operation named: removeUsingDELETE_57
16:50:14.015 [main] INFO  s.d.s.w.r.o.CachingOperationNameGenerator - [startingWith,41] - Generating unique operation named: submitUsingPUT_3
16:50:14.019 [main] INFO  s.d.s.w.r.o.CachingOperationNameGenerator - [startingWith,41] - Generating unique operation named: listUsingGET_58
16:50:14.025 [main] INFO  s.d.s.w.r.o.CachingOperationNameGenerator - [startingWith,41] - Generating unique operation named: list4AuditUsingGET_3
16:50:14.054 [main] INFO  s.d.s.w.r.o.CachingOperationNameGenerator - [startingWith,41] - Generating unique operation named: addUsingPOST_59
16:50:14.058 [main] INFO  s.d.s.w.r.o.CachingOperationNameGenerator - [startingWith,41] - Generating unique operation named: editUsingPUT_58
16:50:14.062 [main] INFO  s.d.s.w.r.o.CachingOperationNameGenerator - [startingWith,41] - Generating unique operation named: exportUsingGET_59
16:50:14.067 [main] INFO  s.d.s.w.r.o.CachingOperationNameGenerator - [startingWith,41] - Generating unique operation named: getInfoUsingGET_60
16:50:14.070 [main] INFO  s.d.s.w.r.o.CachingOperationNameGenerator - [startingWith,41] - Generating unique operation named: removeUsingDELETE_58
16:50:14.075 [main] INFO  s.d.s.w.r.o.CachingOperationNameGenerator - [startingWith,41] - Generating unique operation named: listUsingGET_59
16:50:14.081 [main] INFO  s.d.s.w.r.o.CachingOperationNameGenerator - [startingWith,41] - Generating unique operation named: addUsingPOST_60
16:50:14.085 [main] INFO  s.d.s.w.r.o.CachingOperationNameGenerator - [startingWith,41] - Generating unique operation named: auditUsingPUT_4
16:50:14.088 [main] INFO  s.d.s.w.r.o.CachingOperationNameGenerator - [startingWith,41] - Generating unique operation named: editUsingPUT_59
16:50:14.096 [main] INFO  s.d.s.w.r.o.CachingOperationNameGenerator - [startingWith,41] - Generating unique operation named: exportUsingGET_60
16:50:14.102 [main] INFO  s.d.s.w.r.o.CachingOperationNameGenerator - [startingWith,41] - Generating unique operation named: getInfoUsingGET_61
16:50:14.105 [main] INFO  s.d.s.w.r.o.CachingOperationNameGenerator - [startingWith,41] - Generating unique operation named: removeUsingDELETE_59
16:50:14.107 [main] INFO  s.d.s.w.r.o.CachingOperationNameGenerator - [startingWith,41] - Generating unique operation named: submitUsingPUT_4
16:50:14.111 [main] INFO  s.d.s.w.r.o.CachingOperationNameGenerator - [startingWith,41] - Generating unique operation named: listUsingGET_60
16:50:14.115 [main] INFO  s.d.s.w.r.o.CachingOperationNameGenerator - [startingWith,41] - Generating unique operation named: list4AuditUsingGET_4
16:50:14.119 [main] INFO  s.d.s.w.r.o.CachingOperationNameGenerator - [startingWith,41] - Generating unique operation named: addUsingPOST_61
16:50:14.122 [main] INFO  s.d.s.w.r.o.CachingOperationNameGenerator - [startingWith,41] - Generating unique operation named: editUsingPUT_60
16:50:14.126 [main] INFO  s.d.s.w.r.o.CachingOperationNameGenerator - [startingWith,41] - Generating unique operation named: exportUsingGET_61
16:50:14.130 [main] INFO  s.d.s.w.r.o.CachingOperationNameGenerator - [startingWith,41] - Generating unique operation named: getInfoUsingGET_62
16:50:14.132 [main] INFO  s.d.s.w.r.o.CachingOperationNameGenerator - [startingWith,41] - Generating unique operation named: removeUsingDELETE_60
16:50:14.135 [main] INFO  s.d.s.w.r.o.CachingOperationNameGenerator - [startingWith,41] - Generating unique operation named: listUsingGET_61
16:50:14.141 [main] INFO  s.d.s.w.r.o.CachingOperationNameGenerator - [startingWith,41] - Generating unique operation named: exportUsingGET_62
16:50:14.145 [main] INFO  s.d.s.w.r.o.CachingOperationNameGenerator - [startingWith,41] - Generating unique operation named: exportUsingGET_63
16:50:14.149 [main] INFO  s.d.s.w.r.o.CachingOperationNameGenerator - [startingWith,41] - Generating unique operation named: listUsingGET_62
16:50:14.154 [main] INFO  s.d.s.w.r.o.CachingOperationNameGenerator - [startingWith,41] - Generating unique operation named: listUsingGET_63
16:50:14.170 [main] INFO  s.d.s.w.r.o.CachingOperationNameGenerator - [startingWith,41] - Generating unique operation named: addUsingPOST_62
16:50:14.174 [main] INFO  s.d.s.w.r.o.CachingOperationNameGenerator - [startingWith,41] - Generating unique operation named: editUsingPUT_61
16:50:14.179 [main] INFO  s.d.s.w.r.o.CachingOperationNameGenerator - [startingWith,41] - Generating unique operation named: exportUsingGET_64
16:50:14.184 [main] INFO  s.d.s.w.r.o.CachingOperationNameGenerator - [startingWith,41] - Generating unique operation named: getInfoUsingGET_63
16:50:14.188 [main] INFO  s.d.s.w.r.o.CachingOperationNameGenerator - [startingWith,41] - Generating unique operation named: removeUsingDELETE_61
16:50:14.192 [main] INFO  s.d.s.w.r.o.CachingOperationNameGenerator - [startingWith,41] - Generating unique operation named: listUsingGET_64
16:50:14.198 [main] INFO  s.d.s.w.r.o.CachingOperationNameGenerator - [startingWith,41] - Generating unique operation named: addUsingPOST_63
16:50:14.201 [main] INFO  s.d.s.w.r.o.CachingOperationNameGenerator - [startingWith,41] - Generating unique operation named: editUsingPUT_62
16:50:14.205 [main] INFO  s.d.s.w.r.o.CachingOperationNameGenerator - [startingWith,41] - Generating unique operation named: exportUsingGET_65
16:50:14.211 [main] INFO  s.d.s.w.r.o.CachingOperationNameGenerator - [startingWith,41] - Generating unique operation named: getInfoUsingGET_64
16:50:14.214 [main] INFO  s.d.s.w.r.o.CachingOperationNameGenerator - [startingWith,41] - Generating unique operation named: removeUsingDELETE_62
16:50:14.218 [main] INFO  s.d.s.w.r.o.CachingOperationNameGenerator - [startingWith,41] - Generating unique operation named: listUsingGET_65
16:50:14.222 [main] INFO  s.d.s.w.r.o.CachingOperationNameGenerator - [startingWith,41] - Generating unique operation named: addUsingPOST_64
16:50:14.226 [main] INFO  s.d.s.w.r.o.CachingOperationNameGenerator - [startingWith,41] - Generating unique operation named: auditUsingPUT_5
16:50:14.229 [main] INFO  s.d.s.w.r.o.CachingOperationNameGenerator - [startingWith,41] - Generating unique operation named: editUsingPUT_63
16:50:14.234 [main] INFO  s.d.s.w.r.o.CachingOperationNameGenerator - [startingWith,41] - Generating unique operation named: exportUsingGET_66
16:50:14.239 [main] INFO  s.d.s.w.r.o.CachingOperationNameGenerator - [startingWith,41] - Generating unique operation named: getInfoUsingGET_65
16:50:14.242 [main] INFO  s.d.s.w.r.o.CachingOperationNameGenerator - [startingWith,41] - Generating unique operation named: removeUsingDELETE_63
16:50:14.246 [main] INFO  s.d.s.w.r.o.CachingOperationNameGenerator - [startingWith,41] - Generating unique operation named: submitUsingPUT_5
16:50:14.249 [main] INFO  s.d.s.w.r.o.CachingOperationNameGenerator - [startingWith,41] - Generating unique operation named: listUsingGET_66
16:50:14.252 [main] INFO  s.d.s.w.r.o.CachingOperationNameGenerator - [startingWith,41] - Generating unique operation named: list4AuditUsingGET_5
16:50:14.259 [main] INFO  s.d.s.w.r.o.CachingOperationNameGenerator - [startingWith,41] - Generating unique operation named: addUsingPOST_65
16:50:14.261 [main] INFO  s.d.s.w.r.o.CachingOperationNameGenerator - [startingWith,41] - Generating unique operation named: auditUsingPUT_6
16:50:14.264 [main] INFO  s.d.s.w.r.o.CachingOperationNameGenerator - [startingWith,41] - Generating unique operation named: editUsingPUT_64
16:50:14.269 [main] INFO  s.d.s.w.r.o.CachingOperationNameGenerator - [startingWith,41] - Generating unique operation named: exportUsingGET_67
16:50:14.280 [main] INFO  s.d.s.w.r.o.CachingOperationNameGenerator - [startingWith,41] - Generating unique operation named: getInfoUsingGET_66
16:50:14.282 [main] INFO  s.d.s.w.r.o.CachingOperationNameGenerator - [startingWith,41] - Generating unique operation named: removeUsingDELETE_64
16:50:14.284 [main] INFO  s.d.s.w.r.o.CachingOperationNameGenerator - [startingWith,41] - Generating unique operation named: submitUsingPUT_6
16:50:14.287 [main] INFO  s.d.s.w.r.o.CachingOperationNameGenerator - [startingWith,41] - Generating unique operation named: listUsingGET_67
16:50:14.294 [main] INFO  s.d.s.w.r.o.CachingOperationNameGenerator - [startingWith,41] - Generating unique operation named: list4AuditUsingGET_6
16:50:14.300 [main] INFO  s.d.s.w.r.o.CachingOperationNameGenerator - [startingWith,41] - Generating unique operation named: addUsingPOST_66
16:50:14.303 [main] INFO  s.d.s.w.r.o.CachingOperationNameGenerator - [startingWith,41] - Generating unique operation named: editUsingPUT_65
16:50:14.308 [main] INFO  s.d.s.w.r.o.CachingOperationNameGenerator - [startingWith,41] - Generating unique operation named: exportUsingGET_68
16:50:14.314 [main] INFO  s.d.s.w.r.o.CachingOperationNameGenerator - [startingWith,41] - Generating unique operation named: getInfoUsingGET_67
16:50:14.317 [main] INFO  s.d.s.w.r.o.CachingOperationNameGenerator - [startingWith,41] - Generating unique operation named: removeUsingDELETE_65
16:50:14.322 [main] INFO  s.d.s.w.r.o.CachingOperationNameGenerator - [startingWith,41] - Generating unique operation named: listUsingGET_68
16:50:14.330 [main] INFO  s.d.s.w.r.o.CachingOperationNameGenerator - [startingWith,41] - Generating unique operation named: addUsingPOST_67
16:50:14.336 [main] INFO  s.d.s.w.r.o.CachingOperationNameGenerator - [startingWith,41] - Generating unique operation named: editUsingPUT_66
16:50:14.342 [main] INFO  s.d.s.w.r.o.CachingOperationNameGenerator - [startingWith,41] - Generating unique operation named: exportUsingGET_69
16:50:14.348 [main] INFO  s.d.s.w.r.o.CachingOperationNameGenerator - [startingWith,41] - Generating unique operation named: getInfoUsingGET_68
16:50:14.354 [main] INFO  s.d.s.w.r.o.CachingOperationNameGenerator - [startingWith,41] - Generating unique operation named: removeUsingDELETE_66
16:50:14.360 [main] INFO  s.d.s.w.r.o.CachingOperationNameGenerator - [startingWith,41] - Generating unique operation named: listUsingGET_69
16:50:14.367 [main] INFO  s.d.s.w.r.o.CachingOperationNameGenerator - [startingWith,41] - Generating unique operation named: addUsingPOST_68
16:50:14.371 [main] INFO  s.d.s.w.r.o.CachingOperationNameGenerator - [startingWith,41] - Generating unique operation named: editUsingPUT_67
16:50:14.379 [main] INFO  s.d.s.w.r.o.CachingOperationNameGenerator - [startingWith,41] - Generating unique operation named: exportUsingGET_70
16:50:14.384 [main] INFO  s.d.s.w.r.o.CachingOperationNameGenerator - [startingWith,41] - Generating unique operation named: getInfoUsingGET_69
16:50:14.387 [main] INFO  s.d.s.w.r.o.CachingOperationNameGenerator - [startingWith,41] - Generating unique operation named: removeUsingDELETE_67
16:50:14.392 [main] INFO  s.d.s.w.r.o.CachingOperationNameGenerator - [startingWith,41] - Generating unique operation named: listUsingGET_70
16:50:14.398 [main] INFO  s.d.s.w.r.o.CachingOperationNameGenerator - [startingWith,41] - Generating unique operation named: addUsingPOST_69
16:50:14.402 [main] INFO  s.d.s.w.r.o.CachingOperationNameGenerator - [startingWith,41] - Generating unique operation named: editUsingPUT_68
16:50:14.405 [main] INFO  s.d.s.w.r.o.CachingOperationNameGenerator - [startingWith,41] - Generating unique operation named: exportUsingGET_71
16:50:14.410 [main] INFO  s.d.s.w.r.o.CachingOperationNameGenerator - [startingWith,41] - Generating unique operation named: getInfoUsingGET_70
16:50:14.417 [main] INFO  s.d.s.w.r.o.CachingOperationNameGenerator - [startingWith,41] - Generating unique operation named: removeUsingDELETE_68
16:50:14.422 [main] INFO  s.d.s.w.r.o.CachingOperationNameGenerator - [startingWith,41] - Generating unique operation named: listUsingGET_71
16:50:14.430 [main] INFO  s.d.s.w.r.o.CachingOperationNameGenerator - [startingWith,41] - Generating unique operation named: addUsingPOST_70
16:50:14.434 [main] INFO  s.d.s.w.r.o.CachingOperationNameGenerator - [startingWith,41] - Generating unique operation named: auditUsingPUT_7
16:50:14.439 [main] INFO  s.d.s.w.r.o.CachingOperationNameGenerator - [startingWith,41] - Generating unique operation named: editUsingPUT_69
16:50:14.446 [main] INFO  s.d.s.w.r.o.CachingOperationNameGenerator - [startingWith,41] - Generating unique operation named: exportUsingGET_72
16:50:14.450 [main] INFO  s.d.s.w.r.o.CachingOperationNameGenerator - [startingWith,41] - Generating unique operation named: getInfoUsingGET_71
16:50:14.452 [main] INFO  s.d.s.w.r.o.CachingOperationNameGenerator - [startingWith,41] - Generating unique operation named: removeUsingDELETE_69
16:50:14.455 [main] INFO  s.d.s.w.r.o.CachingOperationNameGenerator - [startingWith,41] - Generating unique operation named: submitUsingPUT_7
16:50:14.459 [main] INFO  s.d.s.w.r.o.CachingOperationNameGenerator - [startingWith,41] - Generating unique operation named: listUsingGET_72
16:50:14.463 [main] INFO  s.d.s.w.r.o.CachingOperationNameGenerator - [startingWith,41] - Generating unique operation named: list4AuditUsingGET_7
16:50:14.469 [main] INFO  s.d.s.w.r.o.CachingOperationNameGenerator - [startingWith,41] - Generating unique operation named: addUsingPOST_71
16:50:14.474 [main] INFO  s.d.s.w.r.o.CachingOperationNameGenerator - [startingWith,41] - Generating unique operation named: editUsingPUT_70
16:50:14.478 [main] INFO  s.d.s.w.r.o.CachingOperationNameGenerator - [startingWith,41] - Generating unique operation named: exportUsingGET_73
16:50:14.483 [main] INFO  s.d.s.w.r.o.CachingOperationNameGenerator - [startingWith,41] - Generating unique operation named: getInfoUsingGET_72
16:50:14.486 [main] INFO  s.d.s.w.r.o.CachingOperationNameGenerator - [startingWith,41] - Generating unique operation named: removeUsingDELETE_70
16:50:14.490 [main] INFO  s.d.s.w.r.o.CachingOperationNameGenerator - [startingWith,41] - Generating unique operation named: listUsingGET_73
16:50:14.496 [main] INFO  s.d.s.w.r.o.CachingOperationNameGenerator - [startingWith,41] - Generating unique operation named: addUsingPOST_72
16:50:14.498 [main] INFO  s.d.s.w.r.o.CachingOperationNameGenerator - [startingWith,41] - Generating unique operation named: editUsingPUT_71
16:50:14.504 [main] INFO  s.d.s.w.r.o.CachingOperationNameGenerator - [startingWith,41] - Generating unique operation named: exportUsingGET_74
16:50:14.508 [main] INFO  s.d.s.w.r.o.CachingOperationNameGenerator - [startingWith,41] - Generating unique operation named: getInfoUsingGET_73
16:50:14.511 [main] INFO  s.d.s.w.r.o.CachingOperationNameGenerator - [startingWith,41] - Generating unique operation named: removeUsingDELETE_71
16:50:14.516 [main] INFO  s.d.s.w.r.o.CachingOperationNameGenerator - [startingWith,41] - Generating unique operation named: listUsingGET_74
16:50:14.521 [main] INFO  s.d.s.w.r.o.CachingOperationNameGenerator - [startingWith,41] - Generating unique operation named: addUsingPOST_73
16:50:14.527 [main] INFO  s.d.s.w.r.o.CachingOperationNameGenerator - [startingWith,41] - Generating unique operation named: editUsingPUT_72
16:50:14.530 [main] INFO  s.d.s.w.r.o.CachingOperationNameGenerator - [startingWith,41] - Generating unique operation named: exportUsingGET_75
16:50:14.534 [main] INFO  s.d.s.w.r.o.CachingOperationNameGenerator - [startingWith,41] - Generating unique operation named: getInfoUsingGET_74
16:50:14.536 [main] INFO  s.d.s.w.r.o.CachingOperationNameGenerator - [startingWith,41] - Generating unique operation named: removeUsingDELETE_72
16:50:14.541 [main] INFO  s.d.s.w.r.o.CachingOperationNameGenerator - [startingWith,41] - Generating unique operation named: listUsingGET_75
16:50:14.549 [main] INFO  s.d.s.w.r.o.CachingOperationNameGenerator - [startingWith,41] - Generating unique operation named: exportUsingGET_76
16:50:14.561 [main] INFO  s.d.s.w.r.o.CachingOperationNameGenerator - [startingWith,41] - Generating unique operation named: exportUsingGET_77
16:50:14.572 [main] INFO  s.d.s.w.r.o.CachingOperationNameGenerator - [startingWith,41] - Generating unique operation named: listUsingGET_76
16:50:14.584 [main] INFO  s.d.s.w.r.o.CachingOperationNameGenerator - [startingWith,41] - Generating unique operation named: selectContractDeliveryReturnMonthReportUsingGET_1
16:50:14.588 [main] INFO  s.d.s.w.r.o.CachingOperationNameGenerator - [startingWith,41] - Generating unique operation named: selectContractDeliveryReturnQuarterReportUsingGET_1
16:50:14.599 [main] INFO  s.d.s.w.r.o.CachingOperationNameGenerator - [startingWith,41] - Generating unique operation named: addUsingPOST_74
16:50:14.606 [main] INFO  s.d.s.w.r.o.CachingOperationNameGenerator - [startingWith,41] - Generating unique operation named: editUsingPUT_73
16:50:14.613 [main] INFO  s.d.s.w.r.o.CachingOperationNameGenerator - [startingWith,41] - Generating unique operation named: exportUsingGET_78
16:50:14.620 [main] INFO  s.d.s.w.r.o.CachingOperationNameGenerator - [startingWith,41] - Generating unique operation named: getInfoUsingGET_75
16:50:14.624 [main] INFO  s.d.s.w.r.o.CachingOperationNameGenerator - [startingWith,41] - Generating unique operation named: removeUsingDELETE_73
16:50:14.629 [main] INFO  s.d.s.w.r.o.CachingOperationNameGenerator - [startingWith,41] - Generating unique operation named: listUsingGET_77
16:50:14.635 [main] INFO  s.d.s.w.r.o.CachingOperationNameGenerator - [startingWith,41] - Generating unique operation named: addUsingPOST_75
16:50:14.638 [main] INFO  s.d.s.w.r.o.CachingOperationNameGenerator - [startingWith,41] - Generating unique operation named: editUsingPUT_74
16:50:14.641 [main] INFO  s.d.s.w.r.o.CachingOperationNameGenerator - [startingWith,41] - Generating unique operation named: exportUsingGET_79
16:50:14.644 [main] INFO  s.d.s.w.r.o.CachingOperationNameGenerator - [startingWith,41] - Generating unique operation named: getInfoUsingGET_76
16:50:14.647 [main] INFO  s.d.s.w.r.o.CachingOperationNameGenerator - [startingWith,41] - Generating unique operation named: removeUsingDELETE_74
16:50:14.651 [main] INFO  s.d.s.w.r.o.CachingOperationNameGenerator - [startingWith,41] - Generating unique operation named: listUsingGET_78
16:50:14.685 [main] INFO  s.d.s.w.r.o.CachingOperationNameGenerator - [startingWith,41] - Generating unique operation named: editUsingPUT_75
16:50:14.702 [main] INFO  s.d.s.w.r.o.CachingOperationNameGenerator - [startingWith,41] - Generating unique operation named: exportUsingGET_80
16:50:14.707 [main] INFO  s.d.s.w.r.o.CachingOperationNameGenerator - [startingWith,41] - Generating unique operation named: getInfoUsingGET_77
16:50:14.712 [main] INFO  s.d.s.w.r.o.CachingOperationNameGenerator - [startingWith,41] - Generating unique operation named: listUsingGET_79
16:50:14.733 [main] INFO  s.d.s.w.r.o.CachingOperationNameGenerator - [startingWith,41] - Generating unique operation named: exportUsingGET_81
16:50:14.737 [main] INFO  s.d.s.w.r.o.CachingOperationNameGenerator - [startingWith,41] - Generating unique operation named: getInfoUsingGET_78
16:50:14.743 [main] INFO  s.d.s.w.r.o.CachingOperationNameGenerator - [startingWith,41] - Generating unique operation named: listUsingGET_80
16:50:14.752 [main] INFO  s.d.s.w.r.o.CachingOperationNameGenerator - [startingWith,41] - Generating unique operation named: reportByDayUsingGET_1
16:50:14.774 [main] INFO  s.d.s.w.r.o.CachingOperationNameGenerator - [startingWith,41] - Generating unique operation named: exportUsingGET_82
16:50:14.782 [main] INFO  s.d.s.w.r.o.CachingOperationNameGenerator - [startingWith,41] - Generating unique operation named: listUsingGET_81
16:50:14.790 [main] INFO  s.d.s.w.r.o.CachingOperationNameGenerator - [startingWith,41] - Generating unique operation named: exportUsingGET_83
16:50:14.797 [main] INFO  s.d.s.w.r.o.CachingOperationNameGenerator - [startingWith,41] - Generating unique operation named: listUsingGET_82
16:50:14.860 [main] INFO  s.d.s.w.r.o.CachingOperationNameGenerator - [startingWith,41] - Generating unique operation named: addUsingPOST_76
16:50:14.864 [main] INFO  s.d.s.w.r.o.CachingOperationNameGenerator - [startingWith,41] - Generating unique operation named: editUsingPUT_76
16:50:14.869 [main] INFO  s.d.s.w.r.o.CachingOperationNameGenerator - [startingWith,41] - Generating unique operation named: exportUsingGET_84
16:50:14.872 [main] INFO  s.d.s.w.r.o.CachingOperationNameGenerator - [startingWith,41] - Generating unique operation named: getInfoUsingGET_79
16:50:14.875 [main] INFO  s.d.s.w.r.o.CachingOperationNameGenerator - [startingWith,41] - Generating unique operation named: removeUsingDELETE_75
16:50:14.879 [main] INFO  s.d.s.w.r.o.CachingOperationNameGenerator - [startingWith,41] - Generating unique operation named: listUsingGET_83
16:50:14.885 [main] INFO  s.d.s.w.r.o.CachingOperationNameGenerator - [startingWith,41] - Generating unique operation named: exportUsingGET_85
16:50:14.891 [main] INFO  s.d.s.w.r.o.CachingOperationNameGenerator - [startingWith,41] - Generating unique operation named: listUsingGET_84
16:50:14.899 [main] INFO  s.d.s.w.r.o.CachingOperationNameGenerator - [startingWith,41] - Generating unique operation named: exportUsingGET_86
16:50:14.906 [main] INFO  s.d.s.w.r.o.CachingOperationNameGenerator - [startingWith,41] - Generating unique operation named: getInfoUsingGET_80
16:50:14.911 [main] INFO  s.d.s.w.r.o.CachingOperationNameGenerator - [startingWith,41] - Generating unique operation named: listUsingGET_85
16:50:14.918 [main] INFO  s.d.s.w.r.o.CachingOperationNameGenerator - [startingWith,41] - Generating unique operation named: exportUsingGET_87
16:50:14.925 [main] INFO  s.d.s.w.r.o.CachingOperationNameGenerator - [startingWith,41] - Generating unique operation named: getInfoUsingGET_81
16:50:14.930 [main] INFO  s.d.s.w.r.o.CachingOperationNameGenerator - [startingWith,41] - Generating unique operation named: listUsingGET_86
16:50:14.937 [main] INFO  s.d.s.w.r.o.CachingOperationNameGenerator - [startingWith,41] - Generating unique operation named: exportUsingGET_88
16:50:14.945 [main] INFO  s.d.s.w.r.o.CachingOperationNameGenerator - [startingWith,41] - Generating unique operation named: getInfoUsingGET_82
16:50:14.950 [main] INFO  s.d.s.w.r.o.CachingOperationNameGenerator - [startingWith,41] - Generating unique operation named: listUsingGET_87
16:50:14.960 [main] INFO  s.d.s.w.r.o.CachingOperationNameGenerator - [startingWith,41] - Generating unique operation named: addUsingPOST_77
16:50:14.966 [main] INFO  s.d.s.w.r.o.CachingOperationNameGenerator - [startingWith,41] - Generating unique operation named: auditUsingPUT_8
16:50:14.969 [main] INFO  s.d.s.w.r.o.CachingOperationNameGenerator - [startingWith,41] - Generating unique operation named: editUsingPUT_77
16:50:14.975 [main] INFO  s.d.s.w.r.o.CachingOperationNameGenerator - [startingWith,41] - Generating unique operation named: exportUsingGET_89
16:50:14.983 [main] INFO  s.d.s.w.r.o.CachingOperationNameGenerator - [startingWith,41] - Generating unique operation named: getInfoUsingGET_83
16:50:14.987 [main] INFO  s.d.s.w.r.o.CachingOperationNameGenerator - [startingWith,41] - Generating unique operation named: removeUsingDELETE_76
16:50:14.989 [main] INFO  s.d.s.w.r.o.CachingOperationNameGenerator - [startingWith,41] - Generating unique operation named: submitUsingPUT_8
16:50:14.994 [main] INFO  s.d.s.w.r.o.CachingOperationNameGenerator - [startingWith,41] - Generating unique operation named: listUsingGET_88
16:50:14.998 [main] INFO  s.d.s.w.r.o.CachingOperationNameGenerator - [startingWith,41] - Generating unique operation named: list4AuditUsingGET_8
16:50:15.004 [main] INFO  s.d.s.w.r.o.CachingOperationNameGenerator - [startingWith,41] - Generating unique operation named: addUsingPOST_78
16:50:15.008 [main] INFO  s.d.s.w.r.o.CachingOperationNameGenerator - [startingWith,41] - Generating unique operation named: editUsingPUT_78
16:50:15.014 [main] INFO  s.d.s.w.r.o.CachingOperationNameGenerator - [startingWith,41] - Generating unique operation named: exportUsingGET_90
16:50:15.020 [main] INFO  s.d.s.w.r.o.CachingOperationNameGenerator - [startingWith,41] - Generating unique operation named: getInfoUsingGET_84
16:50:15.024 [main] INFO  s.d.s.w.r.o.CachingOperationNameGenerator - [startingWith,41] - Generating unique operation named: removeUsingDELETE_77
16:50:15.027 [main] INFO  s.d.s.w.r.o.CachingOperationNameGenerator - [startingWith,41] - Generating unique operation named: listUsingGET_89
16:50:15.032 [main] INFO  s.d.s.w.r.o.CachingOperationNameGenerator - [startingWith,41] - Generating unique operation named: addUsingPOST_79
16:50:15.035 [main] INFO  s.d.s.w.r.o.CachingOperationNameGenerator - [startingWith,41] - Generating unique operation named: editUsingPUT_79
16:50:15.041 [main] INFO  s.d.s.w.r.o.CachingOperationNameGenerator - [startingWith,41] - Generating unique operation named: exportUsingGET_91
16:50:15.051 [main] INFO  s.d.s.w.r.o.CachingOperationNameGenerator - [startingWith,41] - Generating unique operation named: getInfoUsingGET_85
16:50:15.055 [main] INFO  s.d.s.w.r.o.CachingOperationNameGenerator - [startingWith,41] - Generating unique operation named: removeUsingDELETE_78
16:50:15.064 [main] INFO  s.d.s.w.r.o.CachingOperationNameGenerator - [startingWith,41] - Generating unique operation named: listUsingGET_90
16:50:15.077 [main] INFO  s.d.s.w.r.o.CachingOperationNameGenerator - [startingWith,41] - Generating unique operation named: addUsingPOST_80
16:50:15.082 [main] INFO  s.d.s.w.r.o.CachingOperationNameGenerator - [startingWith,41] - Generating unique operation named: editUsingPUT_80
16:50:15.085 [main] INFO  s.d.s.w.r.o.CachingOperationNameGenerator - [startingWith,41] - Generating unique operation named: exportUsingGET_92
16:50:15.090 [main] INFO  s.d.s.w.r.o.CachingOperationNameGenerator - [startingWith,41] - Generating unique operation named: getInfoUsingGET_86
16:50:15.093 [main] INFO  s.d.s.w.r.o.CachingOperationNameGenerator - [startingWith,41] - Generating unique operation named: removeUsingDELETE_79
16:50:15.096 [main] INFO  s.d.s.w.r.o.CachingOperationNameGenerator - [startingWith,41] - Generating unique operation named: listUsingGET_91
16:50:15.101 [main] INFO  s.d.s.w.r.o.CachingOperationNameGenerator - [startingWith,41] - Generating unique operation named: addUsingPOST_81
16:50:15.107 [main] INFO  s.d.s.w.r.o.CachingOperationNameGenerator - [startingWith,41] - Generating unique operation named: editUsingPUT_81
16:50:15.115 [main] INFO  s.d.s.w.r.o.CachingOperationNameGenerator - [startingWith,41] - Generating unique operation named: exportUsingGET_93
16:50:15.120 [main] INFO  s.d.s.w.r.o.CachingOperationNameGenerator - [startingWith,41] - Generating unique operation named: getInfoUsingGET_87
16:50:15.126 [main] INFO  s.d.s.w.r.o.CachingOperationNameGenerator - [startingWith,41] - Generating unique operation named: removeUsingDELETE_80
16:50:15.132 [main] INFO  s.d.s.w.r.o.CachingOperationNameGenerator - [startingWith,41] - Generating unique operation named: listUsingGET_92
16:50:15.138 [main] INFO  s.d.s.w.r.o.CachingOperationNameGenerator - [startingWith,41] - Generating unique operation named: addUsingPOST_82
16:50:15.144 [main] INFO  s.d.s.w.r.o.CachingOperationNameGenerator - [startingWith,41] - Generating unique operation named: editUsingPUT_82
16:50:15.150 [main] INFO  s.d.s.w.r.o.CachingOperationNameGenerator - [startingWith,41] - Generating unique operation named: exportUsingGET_94
16:50:15.154 [main] INFO  s.d.s.w.r.o.CachingOperationNameGenerator - [startingWith,41] - Generating unique operation named: getInfoUsingGET_88
16:50:15.158 [main] INFO  s.d.s.w.r.o.CachingOperationNameGenerator - [startingWith,41] - Generating unique operation named: removeUsingDELETE_81
16:50:15.163 [main] INFO  s.d.s.w.r.o.CachingOperationNameGenerator - [startingWith,41] - Generating unique operation named: listUsingGET_93
16:50:15.171 [main] INFO  s.d.s.w.r.o.CachingOperationNameGenerator - [startingWith,41] - Generating unique operation named: addUsingPOST_83
16:50:15.176 [main] INFO  s.d.s.w.r.o.CachingOperationNameGenerator - [startingWith,41] - Generating unique operation named: auditUsingPUT_9
16:50:15.180 [main] INFO  s.d.s.w.r.o.CachingOperationNameGenerator - [startingWith,41] - Generating unique operation named: editUsingPUT_83
16:50:15.186 [main] INFO  s.d.s.w.r.o.CachingOperationNameGenerator - [startingWith,41] - Generating unique operation named: exportUsingGET_95
16:50:15.193 [main] INFO  s.d.s.w.r.o.CachingOperationNameGenerator - [startingWith,41] - Generating unique operation named: getInfoUsingGET_89
16:50:15.199 [main] INFO  s.d.s.w.r.o.CachingOperationNameGenerator - [startingWith,41] - Generating unique operation named: removeUsingDELETE_82
16:50:15.202 [main] INFO  s.d.s.w.r.o.CachingOperationNameGenerator - [startingWith,41] - Generating unique operation named: submitUsingPUT_9
16:50:15.208 [main] INFO  s.d.s.w.r.o.CachingOperationNameGenerator - [startingWith,41] - Generating unique operation named: listUsingGET_94
16:50:15.213 [main] INFO  s.d.s.w.r.o.CachingOperationNameGenerator - [startingWith,41] - Generating unique operation named: list4AuditUsingGET_9
16:50:15.221 [main] INFO  s.d.s.w.r.o.CachingOperationNameGenerator - [startingWith,41] - Generating unique operation named: addUsingPOST_84
16:50:15.226 [main] INFO  s.d.s.w.r.o.CachingOperationNameGenerator - [startingWith,41] - Generating unique operation named: editUsingPUT_84
16:50:15.230 [main] INFO  s.d.s.w.r.o.CachingOperationNameGenerator - [startingWith,41] - Generating unique operation named: exportUsingGET_96
16:50:15.237 [main] INFO  s.d.s.w.r.o.CachingOperationNameGenerator - [startingWith,41] - Generating unique operation named: getInfoUsingGET_90
16:50:15.241 [main] INFO  s.d.s.w.r.o.CachingOperationNameGenerator - [startingWith,41] - Generating unique operation named: removeUsingDELETE_83
16:50:15.245 [main] INFO  s.d.s.w.r.o.CachingOperationNameGenerator - [startingWith,41] - Generating unique operation named: listUsingGET_95
16:50:15.251 [main] INFO  s.d.s.w.r.o.CachingOperationNameGenerator - [startingWith,41] - Generating unique operation named: addUsingPOST_85
16:50:15.256 [main] INFO  s.d.s.w.r.o.CachingOperationNameGenerator - [startingWith,41] - Generating unique operation named: editUsingPUT_85
16:50:15.265 [main] INFO  s.d.s.w.r.o.CachingOperationNameGenerator - [startingWith,41] - Generating unique operation named: exportUsingGET_97
16:50:15.271 [main] INFO  s.d.s.w.r.o.CachingOperationNameGenerator - [startingWith,41] - Generating unique operation named: getInfoUsingGET_91
16:50:15.277 [main] INFO  s.d.s.w.r.o.CachingOperationNameGenerator - [startingWith,41] - Generating unique operation named: listUsingGET_96
16:50:15.282 [main] INFO  s.d.s.w.r.o.CachingOperationNameGenerator - [startingWith,41] - Generating unique operation named: removeUsingDELETE_84
16:50:15.290 [main] INFO  s.d.s.w.r.o.CachingOperationNameGenerator - [startingWith,41] - Generating unique operation named: addUsingPOST_86
16:50:15.295 [main] INFO  s.d.s.w.r.o.CachingOperationNameGenerator - [startingWith,41] - Generating unique operation named: editUsingPUT_86
16:50:15.304 [main] INFO  s.d.s.w.r.o.CachingOperationNameGenerator - [startingWith,41] - Generating unique operation named: exportUsingGET_98
16:50:15.311 [main] INFO  s.d.s.w.r.o.CachingOperationNameGenerator - [startingWith,41] - Generating unique operation named: getInfoUsingGET_92
16:50:15.315 [main] INFO  s.d.s.w.r.o.CachingOperationNameGenerator - [startingWith,41] - Generating unique operation named: removeUsingDELETE_85
16:50:15.321 [main] INFO  s.d.s.w.r.o.CachingOperationNameGenerator - [startingWith,41] - Generating unique operation named: listUsingGET_97
16:50:15.327 [main] INFO  s.d.s.w.r.o.CachingOperationNameGenerator - [startingWith,41] - Generating unique operation named: addUsingPOST_87
16:50:15.333 [main] INFO  s.d.s.w.r.o.CachingOperationNameGenerator - [startingWith,41] - Generating unique operation named: editUsingPUT_87
16:50:15.340 [main] INFO  s.d.s.w.r.o.CachingOperationNameGenerator - [startingWith,41] - Generating unique operation named: exportUsingGET_99
16:50:15.347 [main] INFO  s.d.s.w.r.o.CachingOperationNameGenerator - [startingWith,41] - Generating unique operation named: getInfoUsingGET_93
16:50:15.352 [main] INFO  s.d.s.w.r.o.CachingOperationNameGenerator - [startingWith,41] - Generating unique operation named: removeUsingDELETE_86
16:50:15.357 [main] INFO  s.d.s.w.r.o.CachingOperationNameGenerator - [startingWith,41] - Generating unique operation named: listUsingGET_98
16:50:15.367 [main] INFO  s.d.s.w.r.o.CachingOperationNameGenerator - [startingWith,41] - Generating unique operation named: addUsingPOST_88
16:50:15.374 [main] INFO  s.d.s.w.r.o.CachingOperationNameGenerator - [startingWith,41] - Generating unique operation named: auditUsingPUT_10
16:50:15.387 [main] INFO  s.d.s.w.r.o.CachingOperationNameGenerator - [startingWith,41] - Generating unique operation named: editUsingPUT_88
16:50:15.396 [main] INFO  s.d.s.w.r.o.CachingOperationNameGenerator - [startingWith,41] - Generating unique operation named: exportUsingGET_100
16:50:15.404 [main] INFO  s.d.s.w.r.o.CachingOperationNameGenerator - [startingWith,41] - Generating unique operation named: getInfoUsingGET_94
16:50:15.413 [main] INFO  s.d.s.w.r.o.CachingOperationNameGenerator - [startingWith,41] - Generating unique operation named: removeUsingDELETE_87
16:50:15.419 [main] INFO  s.d.s.w.r.o.CachingOperationNameGenerator - [startingWith,41] - Generating unique operation named: submitUsingPUT_10
16:50:15.426 [main] INFO  s.d.s.w.r.o.CachingOperationNameGenerator - [startingWith,41] - Generating unique operation named: listUsingGET_99
16:50:15.433 [main] INFO  s.d.s.w.r.o.CachingOperationNameGenerator - [startingWith,41] - Generating unique operation named: list4AuditUsingGET_10
16:50:15.442 [main] INFO  s.d.s.w.r.o.CachingOperationNameGenerator - [startingWith,41] - Generating unique operation named: addUsingPOST_89
16:50:15.448 [main] INFO  s.d.s.w.r.o.CachingOperationNameGenerator - [startingWith,41] - Generating unique operation named: editUsingPUT_89
16:50:15.453 [main] INFO  s.d.s.w.r.o.CachingOperationNameGenerator - [startingWith,41] - Generating unique operation named: exportUsingGET_101
16:50:15.459 [main] INFO  s.d.s.w.r.o.CachingOperationNameGenerator - [startingWith,41] - Generating unique operation named: getInfoUsingGET_95
16:50:15.465 [main] INFO  s.d.s.w.r.o.CachingOperationNameGenerator - [startingWith,41] - Generating unique operation named: removeUsingDELETE_88
16:50:15.471 [main] INFO  s.d.s.w.r.o.CachingOperationNameGenerator - [startingWith,41] - Generating unique operation named: listUsingGET_100
16:50:15.480 [main] INFO  s.d.s.w.r.o.CachingOperationNameGenerator - [startingWith,41] - Generating unique operation named: addUsingPOST_90
16:50:15.486 [main] INFO  s.d.s.w.r.o.CachingOperationNameGenerator - [startingWith,41] - Generating unique operation named: editUsingPUT_90
16:50:15.494 [main] INFO  s.d.s.w.r.o.CachingOperationNameGenerator - [startingWith,41] - Generating unique operation named: exportUsingGET_102
16:50:15.502 [main] INFO  s.d.s.w.r.o.CachingOperationNameGenerator - [startingWith,41] - Generating unique operation named: getInfoUsingGET_96
16:50:15.510 [main] INFO  s.d.s.w.r.o.CachingOperationNameGenerator - [startingWith,41] - Generating unique operation named: removeUsingDELETE_89
16:50:15.545 [main] INFO  s.d.s.w.r.o.CachingOperationNameGenerator - [startingWith,41] - Generating unique operation named: listUsingGET_101
16:50:15.554 [main] INFO  s.d.s.w.r.o.CachingOperationNameGenerator - [startingWith,41] - Generating unique operation named: addUsingPOST_91
16:50:15.560 [main] INFO  s.d.s.w.r.o.CachingOperationNameGenerator - [startingWith,41] - Generating unique operation named: auditUsingPUT_11
16:50:15.565 [main] INFO  s.d.s.w.r.o.CachingOperationNameGenerator - [startingWith,41] - Generating unique operation named: editUsingPUT_91
16:50:15.574 [main] INFO  s.d.s.w.r.o.CachingOperationNameGenerator - [startingWith,41] - Generating unique operation named: exportUsingGET_103
16:50:15.587 [main] INFO  s.d.s.w.r.o.CachingOperationNameGenerator - [startingWith,41] - Generating unique operation named: getInfoUsingGET_97
16:50:15.593 [main] INFO  s.d.s.w.r.o.CachingOperationNameGenerator - [startingWith,41] - Generating unique operation named: removeUsingDELETE_90
16:50:15.598 [main] INFO  s.d.s.w.r.o.CachingOperationNameGenerator - [startingWith,41] - Generating unique operation named: submitUsingPUT_11
16:50:15.602 [main] INFO  s.d.s.w.r.o.CachingOperationNameGenerator - [startingWith,41] - Generating unique operation named: listUsingGET_102
16:50:15.609 [main] INFO  s.d.s.w.r.o.CachingOperationNameGenerator - [startingWith,41] - Generating unique operation named: list4AuditUsingGET_11
16:50:15.616 [main] INFO  s.d.s.w.r.o.CachingOperationNameGenerator - [startingWith,41] - Generating unique operation named: addUsingPOST_92
16:50:15.621 [main] INFO  s.d.s.w.r.o.CachingOperationNameGenerator - [startingWith,41] - Generating unique operation named: editUsingPUT_92
16:50:15.626 [main] INFO  s.d.s.w.r.o.CachingOperationNameGenerator - [startingWith,41] - Generating unique operation named: exportUsingGET_104
16:50:15.632 [main] INFO  s.d.s.w.r.o.CachingOperationNameGenerator - [startingWith,41] - Generating unique operation named: getInfoUsingGET_98
16:50:15.636 [main] INFO  s.d.s.w.r.o.CachingOperationNameGenerator - [startingWith,41] - Generating unique operation named: removeUsingDELETE_91
16:50:15.642 [main] INFO  s.d.s.w.r.o.CachingOperationNameGenerator - [startingWith,41] - Generating unique operation named: listUsingGET_103
16:50:15.650 [main] INFO  s.d.s.w.r.o.CachingOperationNameGenerator - [startingWith,41] - Generating unique operation named: addUsingPOST_93
16:50:15.653 [main] INFO  s.d.s.w.r.o.CachingOperationNameGenerator - [startingWith,41] - Generating unique operation named: editUsingPUT_93
16:50:15.657 [main] INFO  s.d.s.w.r.o.CachingOperationNameGenerator - [startingWith,41] - Generating unique operation named: exportUsingGET_105
16:50:15.663 [main] INFO  s.d.s.w.r.o.CachingOperationNameGenerator - [startingWith,41] - Generating unique operation named: getInfoUsingGET_99
16:50:15.667 [main] INFO  s.d.s.w.r.o.CachingOperationNameGenerator - [startingWith,41] - Generating unique operation named: removeUsingDELETE_92
16:50:15.672 [main] INFO  s.d.s.w.r.o.CachingOperationNameGenerator - [startingWith,41] - Generating unique operation named: listUsingGET_104
16:50:15.678 [main] INFO  s.d.s.w.r.o.CachingOperationNameGenerator - [startingWith,41] - Generating unique operation named: addUsingPOST_94
16:50:15.682 [main] INFO  s.d.s.w.r.o.CachingOperationNameGenerator - [startingWith,41] - Generating unique operation named: editUsingPUT_94
16:50:15.686 [main] INFO  s.d.s.w.r.o.CachingOperationNameGenerator - [startingWith,41] - Generating unique operation named: exportUsingGET_106
16:50:15.690 [main] INFO  s.d.s.w.r.o.CachingOperationNameGenerator - [startingWith,41] - Generating unique operation named: getInfoUsingGET_100
16:50:15.693 [main] INFO  s.d.s.w.r.o.CachingOperationNameGenerator - [startingWith,41] - Generating unique operation named: removeUsingDELETE_93
16:50:15.697 [main] INFO  s.d.s.w.r.o.CachingOperationNameGenerator - [startingWith,41] - Generating unique operation named: listUsingGET_105
16:50:15.701 [main] INFO  s.d.s.w.r.o.CachingOperationNameGenerator - [startingWith,41] - Generating unique operation named: addUsingPOST_95
16:50:15.705 [main] INFO  s.d.s.w.r.o.CachingOperationNameGenerator - [startingWith,41] - Generating unique operation named: editUsingPUT_95
16:50:15.709 [main] INFO  s.d.s.w.r.o.CachingOperationNameGenerator - [startingWith,41] - Generating unique operation named: exportUsingGET_107
16:50:15.713 [main] INFO  s.d.s.w.r.o.CachingOperationNameGenerator - [startingWith,41] - Generating unique operation named: getInfoUsingGET_101
16:50:15.716 [main] INFO  s.d.s.w.r.o.CachingOperationNameGenerator - [startingWith,41] - Generating unique operation named: removeUsingDELETE_94
16:50:15.719 [main] INFO  s.d.s.w.r.o.CachingOperationNameGenerator - [startingWith,41] - Generating unique operation named: listUsingGET_106
16:50:15.726 [main] INFO  s.d.s.w.r.o.CachingOperationNameGenerator - [startingWith,41] - Generating unique operation named: addUsingPOST_96
16:50:15.731 [main] INFO  s.d.s.w.r.o.CachingOperationNameGenerator - [startingWith,41] - Generating unique operation named: editUsingPUT_96
16:50:15.739 [main] INFO  s.d.s.w.r.o.CachingOperationNameGenerator - [startingWith,41] - Generating unique operation named: exportUsingGET_108
16:50:15.745 [main] INFO  s.d.s.w.r.o.CachingOperationNameGenerator - [startingWith,41] - Generating unique operation named: getInfoUsingGET_102
16:50:15.750 [main] INFO  s.d.s.w.r.o.CachingOperationNameGenerator - [startingWith,41] - Generating unique operation named: removeUsingDELETE_95
16:50:15.754 [main] INFO  s.d.s.w.r.o.CachingOperationNameGenerator - [startingWith,41] - Generating unique operation named: listUsingGET_107
16:50:15.760 [main] INFO  s.d.s.w.r.o.CachingOperationNameGenerator - [startingWith,41] - Generating unique operation named: addUsingPOST_97
16:50:15.763 [main] INFO  s.d.s.w.r.o.CachingOperationNameGenerator - [startingWith,41] - Generating unique operation named: editUsingPUT_97
16:50:15.767 [main] INFO  s.d.s.w.r.o.CachingOperationNameGenerator - [startingWith,41] - Generating unique operation named: exportUsingGET_109
16:50:15.771 [main] INFO  s.d.s.w.r.o.CachingOperationNameGenerator - [startingWith,41] - Generating unique operation named: getInfoUsingGET_103
16:50:15.774 [main] INFO  s.d.s.w.r.o.CachingOperationNameGenerator - [startingWith,41] - Generating unique operation named: removeUsingDELETE_96
16:50:15.778 [main] INFO  s.d.s.w.r.o.CachingOperationNameGenerator - [startingWith,41] - Generating unique operation named: listUsingGET_108
16:50:15.785 [main] INFO  s.d.s.w.r.o.CachingOperationNameGenerator - [startingWith,41] - Generating unique operation named: addUsingPOST_98
16:50:15.790 [main] INFO  s.d.s.w.r.o.CachingOperationNameGenerator - [startingWith,41] - Generating unique operation named: editUsingPUT_98
16:50:15.795 [main] INFO  s.d.s.w.r.o.CachingOperationNameGenerator - [startingWith,41] - Generating unique operation named: exportUsingGET_110
16:50:15.800 [main] INFO  s.d.s.w.r.o.CachingOperationNameGenerator - [startingWith,41] - Generating unique operation named: getInfoUsingGET_104
16:50:15.808 [main] INFO  s.d.s.w.r.o.CachingOperationNameGenerator - [startingWith,41] - Generating unique operation named: removeUsingDELETE_97
16:50:15.814 [main] INFO  s.d.s.w.r.o.CachingOperationNameGenerator - [startingWith,41] - Generating unique operation named: listUsingGET_109
16:50:15.818 [main] INFO  s.d.s.w.r.o.CachingOperationNameGenerator - [startingWith,41] - Generating unique operation named: addUsingPOST_99
16:50:15.822 [main] INFO  s.d.s.w.r.o.CachingOperationNameGenerator - [startingWith,41] - Generating unique operation named: editUsingPUT_99
16:50:15.826 [main] INFO  s.d.s.w.r.o.CachingOperationNameGenerator - [startingWith,41] - Generating unique operation named: exportUsingGET_111
16:50:15.830 [main] INFO  s.d.s.w.r.o.CachingOperationNameGenerator - [startingWith,41] - Generating unique operation named: getInfoUsingGET_105
16:50:15.834 [main] INFO  s.d.s.w.r.o.CachingOperationNameGenerator - [startingWith,41] - Generating unique operation named: removeUsingDELETE_98
16:50:15.840 [main] INFO  s.d.s.w.r.o.CachingOperationNameGenerator - [startingWith,41] - Generating unique operation named: listUsingGET_110
16:50:15.860 [main] INFO  o.a.c.h.Http11NioProtocol - [log,173] - Starting ProtocolHandler ["http-nio-9090"]
16:50:15.888 [main] INFO  c.neu.NeuApplication - [logStarted,61] - Started NeuApplication in 19.357 seconds (JVM running for 19.861)
16:50:16.878 [Quartz Scheduler [RuoyiScheduler]] INFO  o.q.c.QuartzScheduler - [start,547] - Scheduler RuoyiScheduler_$_LAPTOP-802K4BVQ1778748607472 started.
16:50:28.150 [http-nio-9090-exec-1] INFO  o.a.c.c.C.[.[.[/] - [log,173] - Initializing Spring DispatcherServlet 'dispatcherServlet'
16:54:40.280 [background-preinit] INFO  o.h.v.i.util.Version - [<clinit>,21] - HV000001: Hibernate Validator 6.0.21.Final
16:54:40.297 [main] INFO  c.neu.NeuApplication - [logStarting,55] - Starting NeuApplication on LAPTOP-802K4BVQ with PID 11800 (D:\Users\002\Desktop\后端\neu-admin\target\carbon.jar started by 002 in C:\Users\002\.openclaw\workspace)
16:54:40.297 [main] INFO  c.neu.NeuApplication - [logStartupProfileInfo,655] - The following profiles are active: druid
16:54:43.879 [main] INFO  o.a.c.h.Http11NioProtocol - [log,173] - Initializing ProtocolHandler ["http-nio-9090"]
16:54:43.880 [main] INFO  o.a.c.c.StandardService - [log,173] - Starting service [Tomcat]
16:54:43.880 [main] INFO  o.a.c.c.StandardEngine - [log,173] - Starting Servlet engine: [Apache Tomcat/9.0.41]
16:54:43.973 [main] INFO  o.a.c.c.C.[.[.[/] - [log,173] - Initializing Spring embedded WebApplicationContext
16:54:47.544 [main] INFO  c.a.d.p.DruidDataSource - [init,985] - {dataSource-1} inited
16:54:47.949 [main] INFO  i.l.c.EpollProvider - [<clinit>,68] - Starting without optional epoll library
16:54:47.951 [main] INFO  i.l.c.KqueueProvider - [<clinit>,70] - Starting without optional kqueue library
16:54:50.569 [main] INFO  o.q.i.StdSchedulerFactory - [instantiate,1220] - Using default implementation for ThreadExecutor
16:54:50.587 [main] INFO  o.q.c.SchedulerSignalerImpl - [<init>,61] - Initialized Scheduler Signaller of type: class org.quartz.core.SchedulerSignalerImpl
16:54:50.588 [main] INFO  o.q.c.QuartzScheduler - [<init>,229] - Quartz Scheduler v.2.3.2 created.
16:54:50.596 [main] INFO  o.q.c.QuartzScheduler - [initialize,294] - Scheduler meta-data: Quartz Scheduler (v2.3.2) 'RuoyiScheduler' with instanceId 'LAPTOP-802K4BVQ1778748890572'
  Scheduler class: 'org.quartz.core.QuartzScheduler' - running locally.
  NOT STARTED.
  Currently in standby mode.
  Number of jobs executed: 0
  Using thread pool 'org.quartz.simpl.SimpleThreadPool' - with 20 threads.
  Using job-store 'org.springframework.scheduling.quartz.LocalDataSourceJobStore' - which supports persistence. and is clustered.

16:54:50.597 [main] INFO  o.q.i.StdSchedulerFactory - [instantiate,1374] - Quartz scheduler 'RuoyiScheduler' initialized from an externally provided properties instance.
16:54:50.597 [main] INFO  o.q.i.StdSchedulerFactory - [instantiate,1378] - Quartz scheduler version: 2.3.2
16:54:50.599 [main] INFO  o.q.c.QuartzScheduler - [setJobFactory,2293] - JobFactory set to: org.springframework.scheduling.quartz.AdaptableJobFactory@36b6964d
16:54:53.167 [main] INFO  s.d.s.w.WebMvcPropertySourcedRequestMappingHandlerMapping - [initHandlerMethods,69] - Mapped URL path [/v2/api-docs] onto method [springfox.documentation.swagger2.web.Swagger2ControllerWebMvc#getDocumentation(String, HttpServletRequest)]
16:54:54.228 [main] INFO  s.d.s.w.p.DocumentationPluginsBootstrapper - [start,93] - Documentation plugins bootstrapped
16:54:54.233 [main] INFO  s.d.s.w.p.DocumentationPluginsBootstrapper - [bootstrapDocumentationPlugins,79] - Found 1 custom documentation plugin(s)
16:54:54.541 [main] INFO  s.d.s.w.s.ApiListingReferenceScanner - [scan,44] - Scanning for api listing references
16:54:54.891 [main] INFO  s.d.s.w.r.o.CachingOperationNameGenerator - [startingWith,41] - Generating unique operation named: getInfoUsingGET_1
16:54:54.932 [main] INFO  s.d.s.w.r.o.CachingOperationNameGenerator - [startingWith,41] - Generating unique operation named: addUsingPOST_1
16:54:54.938 [main] INFO  s.d.s.w.r.o.CachingOperationNameGenerator - [startingWith,41] - Generating unique operation named: editUsingPUT_1
16:54:54.966 [main] INFO  s.d.s.w.r.o.CachingOperationNameGenerator - [startingWith,41] - Generating unique operation named: exportUsingGET_1
16:54:54.989 [main] INFO  s.d.s.w.r.o.CachingOperationNameGenerator - [startingWith,41] - Generating unique operation named: getInfoUsingGET_2
16:54:54.995 [main] INFO  s.d.s.w.r.o.CachingOperationNameGenerator - [startingWith,41] - Generating unique operation named: removeUsingDELETE_1
16:54:55.023 [main] INFO  s.d.s.w.r.o.CachingOperationNameGenerator - [startingWith,41] - Generating unique operation named: listUsingGET_1
16:54:55.029 [main] INFO  s.d.s.w.r.o.CachingOperationNameGenerator - [startingWith,41] - Generating unique operation named: addUsingPOST_2
16:54:55.033 [main] INFO  s.d.s.w.r.o.CachingOperationNameGenerator - [startingWith,41] - Generating unique operation named: editUsingPUT_2
16:54:55.037 [main] INFO  s.d.s.w.r.o.CachingOperationNameGenerator - [startingWith,41] - Generating unique operation named: exportUsingGET_2
16:54:55.042 [main] INFO  s.d.s.w.r.o.CachingOperationNameGenerator - [startingWith,41] - Generating unique operation named: getInfoUsingGET_3
16:54:55.045 [main] INFO  s.d.s.w.r.o.CachingOperationNameGenerator - [startingWith,41] - Generating unique operation named: removeUsingDELETE_2
16:54:55.050 [main] INFO  s.d.s.w.r.o.CachingOperationNameGenerator - [startingWith,41] - Generating unique operation named: listUsingGET_2
16:54:55.070 [main] INFO  s.d.s.w.r.o.CachingOperationNameGenerator - [startingWith,41] - Generating unique operation named: addUsingPOST_3
16:54:55.076 [main] INFO  s.d.s.w.r.o.CachingOperationNameGenerator - [startingWith,41] - Generating unique operation named: editUsingPUT_3
16:54:55.083 [main] INFO  s.d.s.w.r.o.CachingOperationNameGenerator - [startingWith,41] - Generating unique operation named: exportUsingGET_3
16:54:55.101 [main] INFO  s.d.s.w.r.o.CachingOperationNameGenerator - [startingWith,41] - Generating unique operation named: frontGetInfoUsingGET_1
16:54:55.107 [main] INFO  s.d.s.w.r.o.CachingOperationNameGenerator - [startingWith,41] - Generating unique operation named: getInfoUsingGET_4
16:54:55.111 [main] INFO  s.d.s.w.r.o.CachingOperationNameGenerator - [startingWith,41] - Generating unique operation named: removeUsingDELETE_3
16:54:55.116 [main] INFO  s.d.s.w.r.o.CachingOperationNameGenerator - [startingWith,41] - Generating unique operation named: frontListUsingGET_1
16:54:55.122 [main] INFO  s.d.s.w.r.o.CachingOperationNameGenerator - [startingWith,41] - Generating unique operation named: listUsingGET_3
16:54:55.131 [main] INFO  s.d.s.w.r.o.CachingOperationNameGenerator - [startingWith,41] - Generating unique operation named: addUsingPOST_4
16:54:55.135 [main] INFO  s.d.s.w.r.o.CachingOperationNameGenerator - [startingWith,41] - Generating unique operation named: editUsingPUT_4
16:54:55.140 [main] INFO  s.d.s.w.r.o.CachingOperationNameGenerator - [startingWith,41] - Generating unique operation named: exportUsingGET_4
16:54:55.145 [main] INFO  s.d.s.w.r.o.CachingOperationNameGenerator - [startingWith,41] - Generating unique operation named: getInfoUsingGET_5
16:54:55.151 [main] INFO  s.d.s.w.r.o.CachingOperationNameGenerator - [startingWith,41] - Generating unique operation named: removeUsingDELETE_4
16:54:55.157 [main] INFO  s.d.s.w.r.o.CachingOperationNameGenerator - [startingWith,41] - Generating unique operation named: listUsingGET_4
16:54:55.165 [main] INFO  s.d.s.w.r.o.CachingOperationNameGenerator - [startingWith,41] - Generating unique operation named: addUsingPOST_5
16:54:55.170 [main] INFO  s.d.s.w.r.o.CachingOperationNameGenerator - [startingWith,41] - Generating unique operation named: editUsingPUT_5
16:54:55.182 [main] INFO  s.d.s.w.r.o.CachingOperationNameGenerator - [startingWith,41] - Generating unique operation named: exportUsingGET_5
16:54:55.196 [main] INFO  s.d.s.w.r.o.CachingOperationNameGenerator - [startingWith,41] - Generating unique operation named: frontGetInfoUsingGET_2
16:54:55.200 [main] INFO  s.d.s.w.r.o.CachingOperationNameGenerator - [startingWith,41] - Generating unique operation named: getInfoUsingGET_6
16:54:55.203 [main] INFO  s.d.s.w.r.o.CachingOperationNameGenerator - [startingWith,41] - Generating unique operation named: removeUsingDELETE_5
16:54:55.215 [main] INFO  s.d.s.w.r.o.CachingOperationNameGenerator - [startingWith,41] - Generating unique operation named: frontListUsingGET_2
16:54:55.226 [main] INFO  s.d.s.w.r.o.CachingOperationNameGenerator - [startingWith,41] - Generating unique operation named: listUsingGET_5
16:54:55.233 [main] INFO  s.d.s.w.r.o.CachingOperationNameGenerator - [startingWith,41] - Generating unique operation named: addUsingPOST_6
16:54:55.238 [main] INFO  s.d.s.w.r.o.CachingOperationNameGenerator - [startingWith,41] - Generating unique operation named: editUsingPUT_6
16:54:55.243 [main] INFO  s.d.s.w.r.o.CachingOperationNameGenerator - [startingWith,41] - Generating unique operation named: exportUsingGET_6
16:54:55.249 [main] INFO  s.d.s.w.r.o.CachingOperationNameGenerator - [startingWith,41] - Generating unique operation named: getInfoUsingGET_7
16:54:55.253 [main] INFO  s.d.s.w.r.o.CachingOperationNameGenerator - [startingWith,41] - Generating unique operation named: removeUsingDELETE_6
16:54:55.258 [main] INFO  s.d.s.w.r.o.CachingOperationNameGenerator - [startingWith,41] - Generating unique operation named: listUsingGET_6
16:54:55.263 [main] INFO  s.d.s.w.r.o.CachingOperationNameGenerator - [startingWith,41] - Generating unique operation named: addUsingPOST_7
16:54:55.267 [main] INFO  s.d.s.w.r.o.CachingOperationNameGenerator - [startingWith,41] - Generating unique operation named: editUsingPUT_7
16:54:55.270 [main] INFO  s.d.s.w.r.o.CachingOperationNameGenerator - [startingWith,41] - Generating unique operation named: exportUsingGET_7
16:54:55.274 [main] INFO  s.d.s.w.r.o.CachingOperationNameGenerator - [startingWith,41] - Generating unique operation named: frontAddUsingPOST_1
16:54:55.282 [main] INFO  s.d.s.w.r.o.CachingOperationNameGenerator - [startingWith,41] - Generating unique operation named: frontGetInfoUsingGET_3
16:54:55.286 [main] INFO  s.d.s.w.r.o.CachingOperationNameGenerator - [startingWith,41] - Generating unique operation named: getInfoUsingGET_8
16:54:55.289 [main] INFO  s.d.s.w.r.o.CachingOperationNameGenerator - [startingWith,41] - Generating unique operation named: removeUsingDELETE_7
16:54:55.294 [main] INFO  s.d.s.w.r.o.CachingOperationNameGenerator - [startingWith,41] - Generating unique operation named: frontListUsingGET_3
16:54:55.299 [main] INFO  s.d.s.w.r.o.CachingOperationNameGenerator - [startingWith,41] - Generating unique operation named: listUsingGET_7
16:54:55.307 [main] INFO  s.d.s.w.r.o.CachingOperationNameGenerator - [startingWith,41] - Generating unique operation named: addUsingPOST_8
16:54:55.312 [main] INFO  s.d.s.w.r.o.CachingOperationNameGenerator - [startingWith,41] - Generating unique operation named: editUsingPUT_8
16:54:55.317 [main] INFO  s.d.s.w.r.o.CachingOperationNameGenerator - [startingWith,41] - Generating unique operation named: exportUsingGET_8
16:54:55.323 [main] INFO  s.d.s.w.r.o.CachingOperationNameGenerator - [startingWith,41] - Generating unique operation named: frontGetInfoUsingGET_4
16:54:55.326 [main] INFO  s.d.s.w.r.o.CachingOperationNameGenerator - [startingWith,41] - Generating unique operation named: getInfoUsingGET_9
16:54:55.329 [main] INFO  s.d.s.w.r.o.CachingOperationNameGenerator - [startingWith,41] - Generating unique operation named: removeUsingDELETE_8
16:54:55.335 [main] INFO  s.d.s.w.r.o.CachingOperationNameGenerator - [startingWith,41] - Generating unique operation named: frontListUsingGET_4
16:54:55.341 [main] INFO  s.d.s.w.r.o.CachingOperationNameGenerator - [startingWith,41] - Generating unique operation named: listUsingGET_8
16:54:55.351 [main] INFO  s.d.s.w.r.o.CachingOperationNameGenerator - [startingWith,41] - Generating unique operation named: addUsingPOST_9
16:54:55.355 [main] INFO  s.d.s.w.r.o.CachingOperationNameGenerator - [startingWith,41] - Generating unique operation named: editUsingPUT_9
16:54:55.362 [main] INFO  s.d.s.w.r.o.CachingOperationNameGenerator - [startingWith,41] - Generating unique operation named: exportUsingGET_9
16:54:55.370 [main] INFO  s.d.s.w.r.o.CachingOperationNameGenerator - [startingWith,41] - Generating unique operation named: frontGetInfoUsingGET_5
16:54:55.375 [main] INFO  s.d.s.w.r.o.CachingOperationNameGenerator - [startingWith,41] - Generating unique operation named: getInfoUsingGET_10
16:54:55.384 [main] INFO  s.d.s.w.r.o.CachingOperationNameGenerator - [startingWith,41] - Generating unique operation named: removeUsingDELETE_9
16:54:55.390 [main] INFO  s.d.s.w.r.o.CachingOperationNameGenerator - [startingWith,41] - Generating unique operation named: frontListUsingGET_5
16:54:55.394 [main] INFO  s.d.s.w.r.o.CachingOperationNameGenerator - [startingWith,41] - Generating unique operation named: listUsingGET_9
16:54:55.402 [main] INFO  s.d.s.w.r.o.CachingOperationNameGenerator - [startingWith,41] - Generating unique operation named: addUsingPOST_10
16:54:55.407 [main] INFO  s.d.s.w.r.o.CachingOperationNameGenerator - [startingWith,41] - Generating unique operation named: editUsingPUT_10
16:54:55.411 [main] INFO  s.d.s.w.r.o.CachingOperationNameGenerator - [startingWith,41] - Generating unique operation named: exportUsingGET_10
16:54:55.420 [main] INFO  s.d.s.w.r.o.CachingOperationNameGenerator - [startingWith,41] - Generating unique operation named: getInfoUsingGET_11
16:54:55.427 [main] INFO  s.d.s.w.r.o.CachingOperationNameGenerator - [startingWith,41] - Generating unique operation named: removeUsingDELETE_10
16:54:55.432 [main] INFO  s.d.s.w.r.o.CachingOperationNameGenerator - [startingWith,41] - Generating unique operation named: listUsingGET_10
16:54:55.439 [main] INFO  s.d.s.w.r.o.CachingOperationNameGenerator - [startingWith,41] - Generating unique operation named: addUsingPOST_11
16:54:55.443 [main] INFO  s.d.s.w.r.o.CachingOperationNameGenerator - [startingWith,41] - Generating unique operation named: editUsingPUT_11
16:54:55.448 [main] INFO  s.d.s.w.r.o.CachingOperationNameGenerator - [startingWith,41] - Generating unique operation named: exportUsingGET_11
16:54:55.453 [main] INFO  s.d.s.w.r.o.CachingOperationNameGenerator - [startingWith,41] - Generating unique operation named: getInfoUsingGET_12
16:54:55.457 [main] INFO  s.d.s.w.r.o.CachingOperationNameGenerator - [startingWith,41] - Generating unique operation named: removeUsingDELETE_11
16:54:55.461 [main] INFO  s.d.s.w.r.o.CachingOperationNameGenerator - [startingWith,41] - Generating unique operation named: listUsingGET_11
16:54:55.468 [main] INFO  s.d.s.w.r.o.CachingOperationNameGenerator - [startingWith,41] - Generating unique operation named: addUsingPOST_12
16:54:55.474 [main] INFO  s.d.s.w.r.o.CachingOperationNameGenerator - [startingWith,41] - Generating unique operation named: editUsingPUT_12
16:54:55.481 [main] INFO  s.d.s.w.r.o.CachingOperationNameGenerator - [startingWith,41] - Generating unique operation named: exportUsingGET_12
16:54:55.487 [main] INFO  s.d.s.w.r.o.CachingOperationNameGenerator - [startingWith,41] - Generating unique operation named: frontGetInfoUsingGET_6
16:54:55.492 [main] INFO  s.d.s.w.r.o.CachingOperationNameGenerator - [startingWith,41] - Generating unique operation named: getInfoUsingGET_13
16:54:55.496 [main] INFO  s.d.s.w.r.o.CachingOperationNameGenerator - [startingWith,41] - Generating unique operation named: removeUsingDELETE_12
16:54:55.501 [main] INFO  s.d.s.w.r.o.CachingOperationNameGenerator - [startingWith,41] - Generating unique operation named: frontListUsingGET_6
16:54:55.506 [main] INFO  s.d.s.w.r.o.CachingOperationNameGenerator - [startingWith,41] - Generating unique operation named: listUsingGET_12
16:54:55.515 [main] INFO  s.d.s.w.r.o.CachingOperationNameGenerator - [startingWith,41] - Generating unique operation named: addUsingPOST_13
16:54:55.519 [main] INFO  s.d.s.w.r.o.CachingOperationNameGenerator - [startingWith,41] - Generating unique operation named: editUsingPUT_13
16:54:55.526 [main] INFO  s.d.s.w.r.o.CachingOperationNameGenerator - [startingWith,41] - Generating unique operation named: exportUsingGET_13
16:54:55.532 [main] INFO  s.d.s.w.r.o.CachingOperationNameGenerator - [startingWith,41] - Generating unique operation named: frontGetInfoUsingGET_7
16:54:55.535 [main] INFO  s.d.s.w.r.o.CachingOperationNameGenerator - [startingWith,41] - Generating unique operation named: getInfoUsingGET_14
16:54:55.538 [main] INFO  s.d.s.w.r.o.CachingOperationNameGenerator - [startingWith,41] - Generating unique operation named: removeUsingDELETE_13
16:54:55.543 [main] INFO  s.d.s.w.r.o.CachingOperationNameGenerator - [startingWith,41] - Generating unique operation named: frontListUsingGET_7
16:54:55.548 [main] INFO  s.d.s.w.r.o.CachingOperationNameGenerator - [startingWith,41] - Generating unique operation named: listUsingGET_13
16:54:55.551 [main] INFO  s.d.s.w.r.o.CachingOperationNameGenerator - [startingWith,41] - Generating unique operation named: addUsingPOST_14
16:54:55.554 [main] INFO  s.d.s.w.r.o.CachingOperationNameGenerator - [startingWith,41] - Generating unique operation named: editUsingPUT_14
16:54:55.556 [main] INFO  s.d.s.w.r.o.CachingOperationNameGenerator - [startingWith,41] - Generating unique operation named: exportUsingGET_14
16:54:55.560 [main] INFO  s.d.s.w.r.o.CachingOperationNameGenerator - [startingWith,41] - Generating unique operation named: getInfoUsingGET_15
16:54:55.563 [main] INFO  s.d.s.w.r.o.CachingOperationNameGenerator - [startingWith,41] - Generating unique operation named: removeUsingDELETE_14
16:54:55.567 [main] INFO  s.d.s.w.r.o.CachingOperationNameGenerator - [startingWith,41] - Generating unique operation named: listUsingGET_14
16:54:55.582 [main] INFO  s.d.s.w.r.o.CachingOperationNameGenerator - [startingWith,41] - Generating unique operation named: addUsingPOST_15
16:54:55.585 [main] INFO  s.d.s.w.r.o.CachingOperationNameGenerator - [startingWith,41] - Generating unique operation named: editUsingPUT_15
16:54:55.590 [main] INFO  s.d.s.w.r.o.CachingOperationNameGenerator - [startingWith,41] - Generating unique operation named: exportUsingGET_15
16:54:55.594 [main] INFO  s.d.s.w.r.o.CachingOperationNameGenerator - [startingWith,41] - Generating unique operation named: getInfoUsingGET_16
16:54:55.599 [main] INFO  s.d.s.w.r.o.CachingOperationNameGenerator - [startingWith,41] - Generating unique operation named: removeUsingDELETE_15
16:54:55.603 [main] INFO  s.d.s.w.r.o.CachingOperationNameGenerator - [startingWith,41] - Generating unique operation named: listUsingGET_15
16:54:55.610 [main] INFO  s.d.s.w.r.o.CachingOperationNameGenerator - [startingWith,41] - Generating unique operation named: addUsingPOST_16
16:54:55.614 [main] INFO  s.d.s.w.r.o.CachingOperationNameGenerator - [startingWith,41] - Generating unique operation named: editUsingPUT_16
16:54:55.619 [main] INFO  s.d.s.w.r.o.CachingOperationNameGenerator - [startingWith,41] - Generating unique operation named: exportUsingGET_16
16:54:55.626 [main] INFO  s.d.s.w.r.o.CachingOperationNameGenerator - [startingWith,41] - Generating unique operation named: getInfoUsingGET_17
16:54:55.631 [main] INFO  s.d.s.w.r.o.CachingOperationNameGenerator - [startingWith,41] - Generating unique operation named: removeUsingDELETE_16
16:54:55.636 [main] INFO  s.d.s.w.r.o.CachingOperationNameGenerator - [startingWith,41] - Generating unique operation named: listUsingGET_16
16:54:55.643 [main] INFO  s.d.s.w.r.o.CachingOperationNameGenerator - [startingWith,41] - Generating unique operation named: addUsingPOST_17
16:54:55.646 [main] INFO  s.d.s.w.r.o.CachingOperationNameGenerator - [startingWith,41] - Generating unique operation named: editUsingPUT_17
16:54:55.650 [main] INFO  s.d.s.w.r.o.CachingOperationNameGenerator - [startingWith,41] - Generating unique operation named: exportUsingGET_17
16:54:55.653 [main] INFO  s.d.s.w.r.o.CachingOperationNameGenerator - [startingWith,41] - Generating unique operation named: getInfoUsingGET_18
16:54:55.656 [main] INFO  s.d.s.w.r.o.CachingOperationNameGenerator - [startingWith,41] - Generating unique operation named: removeUsingDELETE_17
16:54:55.661 [main] INFO  s.d.s.w.r.o.CachingOperationNameGenerator - [startingWith,41] - Generating unique operation named: listUsingGET_17
16:54:55.668 [main] INFO  s.d.s.w.r.o.CachingOperationNameGenerator - [startingWith,41] - Generating unique operation named: addUsingPOST_18
16:54:55.671 [main] INFO  s.d.s.w.r.o.CachingOperationNameGenerator - [startingWith,41] - Generating unique operation named: editUsingPUT_18
16:54:55.676 [main] INFO  s.d.s.w.r.o.CachingOperationNameGenerator - [startingWith,41] - Generating unique operation named: exportUsingGET_18
16:54:55.681 [main] INFO  s.d.s.w.r.o.CachingOperationNameGenerator - [startingWith,41] - Generating unique operation named: getInfoUsingGET_19
16:54:55.685 [main] INFO  s.d.s.w.r.o.CachingOperationNameGenerator - [startingWith,41] - Generating unique operation named: removeUsingDELETE_18
16:54:55.690 [main] INFO  s.d.s.w.r.o.CachingOperationNameGenerator - [startingWith,41] - Generating unique operation named: listUsingGET_18
16:54:55.706 [main] INFO  s.d.s.w.r.o.CachingOperationNameGenerator - [startingWith,41] - Generating unique operation named: addUsingPOST_19
16:54:55.712 [main] INFO  s.d.s.w.r.o.CachingOperationNameGenerator - [startingWith,41] - Generating unique operation named: editUsingPUT_19
16:54:55.720 [main] INFO  s.d.s.w.r.o.CachingOperationNameGenerator - [startingWith,41] - Generating unique operation named: exportUsingGET_19
16:54:55.724 [main] INFO  s.d.s.w.r.o.CachingOperationNameGenerator - [startingWith,41] - Generating unique operation named: removeUsingDELETE_19
16:54:55.731 [main] INFO  s.d.s.w.r.o.CachingOperationNameGenerator - [startingWith,41] - Generating unique operation named: getInfoUsingGET_20
16:54:55.737 [main] INFO  s.d.s.w.r.o.CachingOperationNameGenerator - [startingWith,41] - Generating unique operation named: listUsingGET_19
16:54:55.746 [main] INFO  s.d.s.w.r.o.CachingOperationNameGenerator - [startingWith,41] - Generating unique operation named: addUsingPOST_20
16:54:55.752 [main] INFO  s.d.s.w.r.o.CachingOperationNameGenerator - [startingWith,41] - Generating unique operation named: editUsingPUT_20
16:54:55.759 [main] INFO  s.d.s.w.r.o.CachingOperationNameGenerator - [startingWith,41] - Generating unique operation named: exportUsingGET_20
16:54:55.765 [main] INFO  s.d.s.w.r.o.CachingOperationNameGenerator - [startingWith,41] - Generating unique operation named: getInfoUsingGET_21
16:54:55.770 [main] INFO  s.d.s.w.r.o.CachingOperationNameGenerator - [startingWith,41] - Generating unique operation named: removeUsingDELETE_20
16:54:55.775 [main] INFO  s.d.s.w.r.o.CachingOperationNameGenerator - [startingWith,41] - Generating unique operation named: listUsingGET_20
16:54:55.789 [main] INFO  s.d.s.w.r.o.CachingOperationNameGenerator - [startingWith,41] - Generating unique operation named: addUsingPOST_21
16:54:55.794 [main] INFO  s.d.s.w.r.o.CachingOperationNameGenerator - [startingWith,41] - Generating unique operation named: getInfoUsingGET_22
16:54:55.837 [main] INFO  s.d.s.w.r.o.CachingOperationNameGenerator - [startingWith,41] - Generating unique operation named: frontListUsingGET_8
16:54:55.877 [main] INFO  s.d.s.w.r.o.CachingOperationNameGenerator - [startingWith,41] - Generating unique operation named: addUsingPOST_22
16:54:55.880 [main] INFO  s.d.s.w.r.o.CachingOperationNameGenerator - [startingWith,41] - Generating unique operation named: editUsingPUT_21
16:54:55.885 [main] INFO  s.d.s.w.r.o.CachingOperationNameGenerator - [startingWith,41] - Generating unique operation named: exportUsingGET_21
16:54:55.889 [main] INFO  s.d.s.w.r.o.CachingOperationNameGenerator - [startingWith,41] - Generating unique operation named: getInfoUsingGET_23
16:54:55.893 [main] INFO  s.d.s.w.r.o.CachingOperationNameGenerator - [startingWith,41] - Generating unique operation named: removeUsingDELETE_21
16:54:55.897 [main] INFO  s.d.s.w.r.o.CachingOperationNameGenerator - [startingWith,41] - Generating unique operation named: listUsingGET_21
16:54:55.906 [main] INFO  s.d.s.w.r.o.CachingOperationNameGenerator - [startingWith,41] - Generating unique operation named: addUsingPOST_23
16:54:55.939 [main] INFO  s.d.s.w.r.o.CachingOperationNameGenerator - [startingWith,41] - Generating unique operation named: editUsingPUT_22
16:54:55.944 [main] INFO  s.d.s.w.r.o.CachingOperationNameGenerator - [startingWith,41] - Generating unique operation named: exportUsingGET_22
16:54:55.948 [main] INFO  s.d.s.w.r.o.CachingOperationNameGenerator - [startingWith,41] - Generating unique operation named: getInfoUsingGET_24
16:54:55.952 [main] INFO  s.d.s.w.r.o.CachingOperationNameGenerator - [startingWith,41] - Generating unique operation named: removeUsingDELETE_22
16:54:55.959 [main] INFO  s.d.s.w.r.o.CachingOperationNameGenerator - [startingWith,41] - Generating unique operation named: listUsingGET_22
16:54:55.969 [main] INFO  s.d.s.w.r.o.CachingOperationNameGenerator - [startingWith,41] - Generating unique operation named: addUsingPOST_24
16:54:55.973 [main] INFO  s.d.s.w.r.o.CachingOperationNameGenerator - [startingWith,41] - Generating unique operation named: editUsingPUT_23
16:54:55.980 [main] INFO  s.d.s.w.r.o.CachingOperationNameGenerator - [startingWith,41] - Generating unique operation named: exportUsingGET_23
16:54:55.985 [main] INFO  s.d.s.w.r.o.CachingOperationNameGenerator - [startingWith,41] - Generating unique operation named: getInfoUsingGET_25
16:54:55.990 [main] INFO  s.d.s.w.r.o.CachingOperationNameGenerator - [startingWith,41] - Generating unique operation named: removeUsingDELETE_23
16:54:55.995 [main] INFO  s.d.s.w.r.o.CachingOperationNameGenerator - [startingWith,41] - Generating unique operation named: listUsingGET_23
16:54:56.003 [main] INFO  s.d.s.w.r.o.CachingOperationNameGenerator - [startingWith,41] - Generating unique operation named: addUsingPOST_25
16:54:56.007 [main] INFO  s.d.s.w.r.o.CachingOperationNameGenerator - [startingWith,41] - Generating unique operation named: editUsingPUT_24
16:54:56.013 [main] INFO  s.d.s.w.r.o.CachingOperationNameGenerator - [startingWith,41] - Generating unique operation named: exportUsingGET_24
16:54:56.018 [main] INFO  s.d.s.w.r.o.CachingOperationNameGenerator - [startingWith,41] - Generating unique operation named: getInfoUsingGET_26
16:54:56.022 [main] INFO  s.d.s.w.r.o.CachingOperationNameGenerator - [startingWith,41] - Generating unique operation named: removeUsingDELETE_24
16:54:56.026 [main] INFO  s.d.s.w.r.o.CachingOperationNameGenerator - [startingWith,41] - Generating unique operation named: listUsingGET_24
16:54:56.030 [main] INFO  s.d.s.w.r.o.CachingOperationNameGenerator - [startingWith,41] - Generating unique operation named: addUsingPOST_26
16:54:56.034 [main] INFO  s.d.s.w.r.o.CachingOperationNameGenerator - [startingWith,41] - Generating unique operation named: editUsingPUT_25
16:54:56.038 [main] INFO  s.d.s.w.r.o.CachingOperationNameGenerator - [startingWith,41] - Generating unique operation named: exportUsingGET_25
16:54:56.041 [main] INFO  s.d.s.w.r.o.CachingOperationNameGenerator - [startingWith,41] - Generating unique operation named: getInfoUsingGET_27
16:54:56.045 [main] INFO  s.d.s.w.r.o.CachingOperationNameGenerator - [startingWith,41] - Generating unique operation named: removeUsingDELETE_25
16:54:56.050 [main] INFO  s.d.s.w.r.o.CachingOperationNameGenerator - [startingWith,41] - Generating unique operation named: listUsingGET_25
16:54:56.056 [main] INFO  s.d.s.w.r.o.CachingOperationNameGenerator - [startingWith,41] - Generating unique operation named: addUsingPOST_27
16:54:56.059 [main] INFO  s.d.s.w.r.o.CachingOperationNameGenerator - [startingWith,41] - Generating unique operation named: editUsingPUT_26
16:54:56.064 [main] INFO  s.d.s.w.r.o.CachingOperationNameGenerator - [startingWith,41] - Generating unique operation named: exportUsingGET_26
16:54:56.069 [main] INFO  s.d.s.w.r.o.CachingOperationNameGenerator - [startingWith,41] - Generating unique operation named: getInfoUsingGET_28
16:54:56.073 [main] INFO  s.d.s.w.r.o.CachingOperationNameGenerator - [startingWith,41] - Generating unique operation named: removeUsingDELETE_26
16:54:56.078 [main] INFO  s.d.s.w.r.o.CachingOperationNameGenerator - [startingWith,41] - Generating unique operation named: listUsingGET_26
16:54:56.084 [main] INFO  s.d.s.w.r.o.CachingOperationNameGenerator - [startingWith,41] - Generating unique operation named: addUsingPOST_28
16:54:56.088 [main] INFO  s.d.s.w.r.o.CachingOperationNameGenerator - [startingWith,41] - Generating unique operation named: editUsingPUT_27
16:54:56.094 [main] INFO  s.d.s.w.r.o.CachingOperationNameGenerator - [startingWith,41] - Generating unique operation named: exportUsingGET_27
16:54:56.098 [main] INFO  s.d.s.w.r.o.CachingOperationNameGenerator - [startingWith,41] - Generating unique operation named: getInfoUsingGET_29
16:54:56.101 [main] INFO  s.d.s.w.r.o.CachingOperationNameGenerator - [startingWith,41] - Generating unique operation named: removeUsingDELETE_27
16:54:56.106 [main] INFO  s.d.s.w.r.o.CachingOperationNameGenerator - [startingWith,41] - Generating unique operation named: listUsingGET_27
16:54:56.111 [main] INFO  s.d.s.w.r.o.CachingOperationNameGenerator - [startingWith,41] - Generating unique operation named: addUsingPOST_29
16:54:56.115 [main] INFO  s.d.s.w.r.o.CachingOperationNameGenerator - [startingWith,41] - Generating unique operation named: editUsingPUT_28
16:54:56.122 [main] INFO  s.d.s.w.r.o.CachingOperationNameGenerator - [startingWith,41] - Generating unique operation named: exportUsingGET_28
16:54:56.129 [main] INFO  s.d.s.w.r.o.CachingOperationNameGenerator - [startingWith,41] - Generating unique operation named: getInfoUsingGET_30
16:54:56.134 [main] INFO  s.d.s.w.r.o.CachingOperationNameGenerator - [startingWith,41] - Generating unique operation named: removeUsingDELETE_28
16:54:56.140 [main] INFO  s.d.s.w.r.o.CachingOperationNameGenerator - [startingWith,41] - Generating unique operation named: listUsingGET_28
16:54:56.192 [main] INFO  s.d.s.w.r.o.CachingOperationNameGenerator - [startingWith,41] - Generating unique operation named: exportUsingGET_29
16:54:56.201 [main] INFO  s.d.s.w.r.o.CachingOperationNameGenerator - [startingWith,41] - Generating unique operation named: listUsingGET_29
16:54:56.209 [main] INFO  s.d.s.w.r.o.CachingOperationNameGenerator - [startingWith,41] - Generating unique operation named: addUsingPOST_30
16:54:56.213 [main] INFO  s.d.s.w.r.o.CachingOperationNameGenerator - [startingWith,41] - Generating unique operation named: editUsingPUT_29
16:54:56.219 [main] INFO  s.d.s.w.r.o.CachingOperationNameGenerator - [startingWith,41] - Generating unique operation named: exportUsingGET_30
16:54:56.226 [main] INFO  s.d.s.w.r.o.CachingOperationNameGenerator - [startingWith,41] - Generating unique operation named: getInfoUsingGET_31
16:54:56.230 [main] INFO  s.d.s.w.r.o.CachingOperationNameGenerator - [startingWith,41] - Generating unique operation named: removeUsingDELETE_29
16:54:56.235 [main] INFO  s.d.s.w.r.o.CachingOperationNameGenerator - [startingWith,41] - Generating unique operation named: listUsingGET_30
16:54:56.244 [main] INFO  s.d.s.w.r.o.CachingOperationNameGenerator - [startingWith,41] - Generating unique operation named: addUsingPOST_31
16:54:56.249 [main] INFO  s.d.s.w.r.o.CachingOperationNameGenerator - [startingWith,41] - Generating unique operation named: editUsingPUT_30
16:54:56.254 [main] INFO  s.d.s.w.r.o.CachingOperationNameGenerator - [startingWith,41] - Generating unique operation named: exportUsingGET_31
16:54:56.260 [main] INFO  s.d.s.w.r.o.CachingOperationNameGenerator - [startingWith,41] - Generating unique operation named: getInfoUsingGET_32
16:54:56.265 [main] INFO  s.d.s.w.r.o.CachingOperationNameGenerator - [startingWith,41] - Generating unique operation named: removeUsingDELETE_30
16:54:56.272 [main] INFO  s.d.s.w.r.o.CachingOperationNameGenerator - [startingWith,41] - Generating unique operation named: listUsingGET_31
16:54:56.278 [main] INFO  s.d.s.w.r.o.CachingOperationNameGenerator - [startingWith,41] - Generating unique operation named: addUsingPOST_32
16:54:56.283 [main] INFO  s.d.s.w.r.o.CachingOperationNameGenerator - [startingWith,41] - Generating unique operation named: editUsingPUT_31
16:54:56.291 [main] INFO  s.d.s.w.r.o.CachingOperationNameGenerator - [startingWith,41] - Generating unique operation named: exportUsingGET_32
16:54:56.298 [main] INFO  s.d.s.w.r.o.CachingOperationNameGenerator - [startingWith,41] - Generating unique operation named: getInfoUsingGET_33
16:54:56.302 [main] INFO  s.d.s.w.r.o.CachingOperationNameGenerator - [startingWith,41] - Generating unique operation named: removeUsingDELETE_31
16:54:56.307 [main] INFO  s.d.s.w.r.o.CachingOperationNameGenerator - [startingWith,41] - Generating unique operation named: listUsingGET_32
16:54:56.315 [main] INFO  s.d.s.w.r.o.CachingOperationNameGenerator - [startingWith,41] - Generating unique operation named: addUsingPOST_33
16:54:56.326 [main] INFO  s.d.s.w.r.o.CachingOperationNameGenerator - [startingWith,41] - Generating unique operation named: editUsingPUT_32
16:54:56.335 [main] INFO  s.d.s.w.r.o.CachingOperationNameGenerator - [startingWith,41] - Generating unique operation named: exportUsingGET_33
16:54:56.341 [main] INFO  s.d.s.w.r.o.CachingOperationNameGenerator - [startingWith,41] - Generating unique operation named: getInfoUsingGET_34
16:54:56.348 [main] INFO  s.d.s.w.r.o.CachingOperationNameGenerator - [startingWith,41] - Generating unique operation named: removeUsingDELETE_32
16:54:56.354 [main] INFO  s.d.s.w.r.o.CachingOperationNameGenerator - [startingWith,41] - Generating unique operation named: listUsingGET_33
16:54:56.363 [main] INFO  s.d.s.w.r.o.CachingOperationNameGenerator - [startingWith,41] - Generating unique operation named: addUsingPOST_34
16:54:56.370 [main] INFO  s.d.s.w.r.o.CachingOperationNameGenerator - [startingWith,41] - Generating unique operation named: editUsingPUT_33
16:54:56.375 [main] INFO  s.d.s.w.r.o.CachingOperationNameGenerator - [startingWith,41] - Generating unique operation named: exportUsingGET_34
16:54:56.381 [main] INFO  s.d.s.w.r.o.CachingOperationNameGenerator - [startingWith,41] - Generating unique operation named: getInfoUsingGET_35
16:54:56.386 [main] INFO  s.d.s.w.r.o.CachingOperationNameGenerator - [startingWith,41] - Generating unique operation named: removeUsingDELETE_33
16:54:56.391 [main] INFO  s.d.s.w.r.o.CachingOperationNameGenerator - [startingWith,41] - Generating unique operation named: listUsingGET_34
16:54:56.400 [main] INFO  s.d.s.w.r.o.CachingOperationNameGenerator - [startingWith,41] - Generating unique operation named: addUsingPOST_35
16:54:56.409 [main] INFO  s.d.s.w.r.o.CachingOperationNameGenerator - [startingWith,41] - Generating unique operation named: editUsingPUT_34
16:54:56.419 [main] INFO  s.d.s.w.r.o.CachingOperationNameGenerator - [startingWith,41] - Generating unique operation named: exportUsingGET_35
16:54:56.426 [main] INFO  s.d.s.w.r.o.CachingOperationNameGenerator - [startingWith,41] - Generating unique operation named: getInfoUsingGET_36
16:54:56.430 [main] INFO  s.d.s.w.r.o.CachingOperationNameGenerator - [startingWith,41] - Generating unique operation named: removeUsingDELETE_34
16:54:56.444 [main] INFO  s.d.s.w.r.o.CachingOperationNameGenerator - [startingWith,41] - Generating unique operation named: listUsingGET_35
16:54:56.455 [main] INFO  s.d.s.w.r.o.CachingOperationNameGenerator - [startingWith,41] - Generating unique operation named: addUsingPOST_36
16:54:56.459 [main] INFO  s.d.s.w.r.o.CachingOperationNameGenerator - [startingWith,41] - Generating unique operation named: editUsingPUT_35
16:54:56.463 [main] INFO  s.d.s.w.r.o.CachingOperationNameGenerator - [startingWith,41] - Generating unique operation named: exportUsingGET_36
16:54:56.469 [main] INFO  s.d.s.w.r.o.CachingOperationNameGenerator - [startingWith,41] - Generating unique operation named: getInfoUsingGET_37
16:54:56.473 [main] INFO  s.d.s.w.r.o.CachingOperationNameGenerator - [startingWith,41] - Generating unique operation named: removeUsingDELETE_35
16:54:56.478 [main] INFO  s.d.s.w.r.o.CachingOperationNameGenerator - [startingWith,41] - Generating unique operation named: listUsingGET_36
16:54:56.484 [main] INFO  s.d.s.w.r.o.CachingOperationNameGenerator - [startingWith,41] - Generating unique operation named: addUsingPOST_37
16:54:56.489 [main] INFO  s.d.s.w.r.o.CachingOperationNameGenerator - [startingWith,41] - Generating unique operation named: editUsingPUT_36
16:54:56.495 [main] INFO  s.d.s.w.r.o.CachingOperationNameGenerator - [startingWith,41] - Generating unique operation named: exportUsingGET_37
16:54:56.501 [main] INFO  s.d.s.w.r.o.CachingOperationNameGenerator - [startingWith,41] - Generating unique operation named: getInfoUsingGET_38
16:54:56.506 [main] INFO  s.d.s.w.r.o.CachingOperationNameGenerator - [startingWith,41] - Generating unique operation named: removeUsingDELETE_36
16:54:56.509 [main] INFO  s.d.s.w.r.o.CachingOperationNameGenerator - [startingWith,41] - Generating unique operation named: listUsingGET_37
16:54:56.519 [main] INFO  s.d.s.w.r.o.CachingOperationNameGenerator - [startingWith,41] - Generating unique operation named: addUsingPOST_38
16:54:56.524 [main] INFO  s.d.s.w.r.o.CachingOperationNameGenerator - [startingWith,41] - Generating unique operation named: editUsingPUT_37
16:54:56.530 [main] INFO  s.d.s.w.r.o.CachingOperationNameGenerator - [startingWith,41] - Generating unique operation named: exportUsingGET_38
16:54:56.536 [main] INFO  s.d.s.w.r.o.CachingOperationNameGenerator - [startingWith,41] - Generating unique operation named: getInfoUsingGET_39
16:54:56.541 [main] INFO  s.d.s.w.r.o.CachingOperationNameGenerator - [startingWith,41] - Generating unique operation named: removeUsingDELETE_37
16:54:56.546 [main] INFO  s.d.s.w.r.o.CachingOperationNameGenerator - [startingWith,41] - Generating unique operation named: listUsingGET_38
16:54:56.550 [main] INFO  s.d.s.w.r.o.CachingOperationNameGenerator - [startingWith,41] - Generating unique operation named: addUsingPOST_39
16:54:56.552 [main] INFO  s.d.s.w.r.o.CachingOperationNameGenerator - [startingWith,41] - Generating unique operation named: editUsingPUT_38
16:54:56.559 [main] INFO  s.d.s.w.r.o.CachingOperationNameGenerator - [startingWith,41] - Generating unique operation named: exportUsingGET_39
16:54:56.564 [main] INFO  s.d.s.w.r.o.CachingOperationNameGenerator - [startingWith,41] - Generating unique operation named: getInfoUsingGET_40
16:54:56.566 [main] INFO  s.d.s.w.r.o.CachingOperationNameGenerator - [startingWith,41] - Generating unique operation named: removeUsingDELETE_38
16:54:56.568 [main] INFO  s.d.s.w.r.o.CachingOperationNameGenerator - [startingWith,41] - Generating unique operation named: listUsingGET_39
16:54:56.573 [main] INFO  s.d.s.w.r.o.CachingOperationNameGenerator - [startingWith,41] - Generating unique operation named: addUsingPOST_40
16:54:56.575 [main] INFO  s.d.s.w.r.o.CachingOperationNameGenerator - [startingWith,41] - Generating unique operation named: editUsingPUT_39
16:54:56.581 [main] INFO  s.d.s.w.r.o.CachingOperationNameGenerator - [startingWith,41] - Generating unique operation named: exportUsingGET_40
16:54:56.587 [main] INFO  s.d.s.w.r.o.CachingOperationNameGenerator - [startingWith,41] - Generating unique operation named: getInfoUsingGET_41
16:54:56.592 [main] INFO  s.d.s.w.r.o.CachingOperationNameGenerator - [startingWith,41] - Generating unique operation named: removeUsingDELETE_39
16:54:56.597 [main] INFO  s.d.s.w.r.o.CachingOperationNameGenerator - [startingWith,41] - Generating unique operation named: listUsingGET_40
16:54:56.605 [main] INFO  s.d.s.w.r.o.CachingOperationNameGenerator - [startingWith,41] - Generating unique operation named: addUsingPOST_41
16:54:56.610 [main] INFO  s.d.s.w.r.o.CachingOperationNameGenerator - [startingWith,41] - Generating unique operation named: editUsingPUT_40
16:54:56.614 [main] INFO  s.d.s.w.r.o.CachingOperationNameGenerator - [startingWith,41] - Generating unique operation named: exportUsingGET_41
16:54:56.620 [main] INFO  s.d.s.w.r.o.CachingOperationNameGenerator - [startingWith,41] - Generating unique operation named: getInfoUsingGET_42
16:54:56.624 [main] INFO  s.d.s.w.r.o.CachingOperationNameGenerator - [startingWith,41] - Generating unique operation named: removeUsingDELETE_40
16:54:56.632 [main] INFO  s.d.s.w.r.o.CachingOperationNameGenerator - [startingWith,41] - Generating unique operation named: listUsingGET_41
16:54:56.642 [main] INFO  s.d.s.w.r.o.CachingOperationNameGenerator - [startingWith,41] - Generating unique operation named: addUsingPOST_42
16:54:56.647 [main] INFO  s.d.s.w.r.o.CachingOperationNameGenerator - [startingWith,41] - Generating unique operation named: editUsingPUT_41
16:54:56.652 [main] INFO  s.d.s.w.r.o.CachingOperationNameGenerator - [startingWith,41] - Generating unique operation named: exportUsingGET_42
16:54:56.656 [main] INFO  s.d.s.w.r.o.CachingOperationNameGenerator - [startingWith,41] - Generating unique operation named: getInfoUsingGET_43
16:54:56.660 [main] INFO  s.d.s.w.r.o.CachingOperationNameGenerator - [startingWith,41] - Generating unique operation named: removeUsingDELETE_41
16:54:56.666 [main] INFO  s.d.s.w.r.o.CachingOperationNameGenerator - [startingWith,41] - Generating unique operation named: listUsingGET_42
16:54:56.674 [main] INFO  s.d.s.w.r.o.CachingOperationNameGenerator - [startingWith,41] - Generating unique operation named: addUsingPOST_43
16:54:56.680 [main] INFO  s.d.s.w.r.o.CachingOperationNameGenerator - [startingWith,41] - Generating unique operation named: editUsingPUT_42
16:54:56.686 [main] INFO  s.d.s.w.r.o.CachingOperationNameGenerator - [startingWith,41] - Generating unique operation named: exportUsingGET_43
16:54:56.693 [main] INFO  s.d.s.w.r.o.CachingOperationNameGenerator - [startingWith,41] - Generating unique operation named: getInfoUsingGET_44
16:54:56.697 [main] INFO  s.d.s.w.r.o.CachingOperationNameGenerator - [startingWith,41] - Generating unique operation named: removeUsingDELETE_42
16:54:56.705 [main] INFO  s.d.s.w.r.o.CachingOperationNameGenerator - [startingWith,41] - Generating unique operation named: listUsingGET_43
16:54:56.714 [main] INFO  s.d.s.w.r.o.CachingOperationNameGenerator - [startingWith,41] - Generating unique operation named: addUsingPOST_44
16:54:56.723 [main] INFO  s.d.s.w.r.o.CachingOperationNameGenerator - [startingWith,41] - Generating unique operation named: editUsingPUT_43
16:54:56.734 [main] INFO  s.d.s.w.r.o.CachingOperationNameGenerator - [startingWith,41] - Generating unique operation named: exportUsingGET_44
16:54:56.741 [main] INFO  s.d.s.w.r.o.CachingOperationNameGenerator - [startingWith,41] - Generating unique operation named: getInfoUsingGET_45
16:54:56.745 [main] INFO  s.d.s.w.r.o.CachingOperationNameGenerator - [startingWith,41] - Generating unique operation named: removeUsingDELETE_43
16:54:56.750 [main] INFO  s.d.s.w.r.o.CachingOperationNameGenerator - [startingWith,41] - Generating unique operation named: listUsingGET_44
16:54:56.757 [main] INFO  s.d.s.w.r.o.CachingOperationNameGenerator - [startingWith,41] - Generating unique operation named: addUsingPOST_45
16:54:56.761 [main] INFO  s.d.s.w.r.o.CachingOperationNameGenerator - [startingWith,41] - Generating unique operation named: editUsingPUT_44
16:54:56.765 [main] INFO  s.d.s.w.r.o.CachingOperationNameGenerator - [startingWith,41] - Generating unique operation named: exportUsingGET_45
16:54:56.771 [main] INFO  s.d.s.w.r.o.CachingOperationNameGenerator - [startingWith,41] - Generating unique operation named: getInfoUsingGET_46
16:54:56.776 [main] INFO  s.d.s.w.r.o.CachingOperationNameGenerator - [startingWith,41] - Generating unique operation named: removeUsingDELETE_44
16:54:56.781 [main] INFO  s.d.s.w.r.o.CachingOperationNameGenerator - [startingWith,41] - Generating unique operation named: listUsingGET_45
16:54:56.788 [main] INFO  s.d.s.w.r.o.CachingOperationNameGenerator - [startingWith,41] - Generating unique operation named: addUsingPOST_46
16:54:56.793 [main] INFO  s.d.s.w.r.o.CachingOperationNameGenerator - [startingWith,41] - Generating unique operation named: editUsingPUT_45
16:54:56.800 [main] INFO  s.d.s.w.r.o.CachingOperationNameGenerator - [startingWith,41] - Generating unique operation named: exportUsingGET_46
16:54:56.807 [main] INFO  s.d.s.w.r.o.CachingOperationNameGenerator - [startingWith,41] - Generating unique operation named: getInfoUsingGET_47
16:54:56.810 [main] INFO  s.d.s.w.r.o.CachingOperationNameGenerator - [startingWith,41] - Generating unique operation named: removeUsingDELETE_45
16:54:56.815 [main] INFO  s.d.s.w.r.o.CachingOperationNameGenerator - [startingWith,41] - Generating unique operation named: listUsingGET_46
16:54:56.821 [main] INFO  s.d.s.w.r.o.CachingOperationNameGenerator - [startingWith,41] - Generating unique operation named: addUsingPOST_47
16:54:56.825 [main] INFO  s.d.s.w.r.o.CachingOperationNameGenerator - [startingWith,41] - Generating unique operation named: editUsingPUT_46
16:54:56.829 [main] INFO  s.d.s.w.r.o.CachingOperationNameGenerator - [startingWith,41] - Generating unique operation named: exportUsingGET_47
16:54:56.833 [main] INFO  s.d.s.w.r.o.CachingOperationNameGenerator - [startingWith,41] - Generating unique operation named: getInfoUsingGET_48
16:54:56.836 [main] INFO  s.d.s.w.r.o.CachingOperationNameGenerator - [startingWith,41] - Generating unique operation named: removeUsingDELETE_46
16:54:56.841 [main] INFO  s.d.s.w.r.o.CachingOperationNameGenerator - [startingWith,41] - Generating unique operation named: listUsingGET_47
16:54:56.846 [main] INFO  s.d.s.w.r.o.CachingOperationNameGenerator - [startingWith,41] - Generating unique operation named: addUsingPOST_48
16:54:56.848 [main] INFO  s.d.s.w.r.o.CachingOperationNameGenerator - [startingWith,41] - Generating unique operation named: auditUsingPUT_1
16:54:56.851 [main] INFO  s.d.s.w.r.o.CachingOperationNameGenerator - [startingWith,41] - Generating unique operation named: editUsingPUT_47
16:54:56.857 [main] INFO  s.d.s.w.r.o.CachingOperationNameGenerator - [startingWith,41] - Generating unique operation named: exportUsingGET_48
16:54:56.861 [main] INFO  s.d.s.w.r.o.CachingOperationNameGenerator - [startingWith,41] - Generating unique operation named: getInfoUsingGET_49
16:54:56.864 [main] INFO  s.d.s.w.r.o.CachingOperationNameGenerator - [startingWith,41] - Generating unique operation named: removeUsingDELETE_47
16:54:56.866 [main] INFO  s.d.s.w.r.o.CachingOperationNameGenerator - [startingWith,41] - Generating unique operation named: submitUsingPUT_1
16:54:56.870 [main] INFO  s.d.s.w.r.o.CachingOperationNameGenerator - [startingWith,41] - Generating unique operation named: listUsingGET_48
16:54:56.875 [main] INFO  s.d.s.w.r.o.CachingOperationNameGenerator - [startingWith,41] - Generating unique operation named: list4AuditUsingGET_1
16:54:56.880 [main] INFO  s.d.s.w.r.o.CachingOperationNameGenerator - [startingWith,41] - Generating unique operation named: addUsingPOST_49
16:54:56.883 [main] INFO  s.d.s.w.r.o.CachingOperationNameGenerator - [startingWith,41] - Generating unique operation named: editUsingPUT_48
16:54:56.886 [main] INFO  s.d.s.w.r.o.CachingOperationNameGenerator - [startingWith,41] - Generating unique operation named: exportUsingGET_49
16:54:56.889 [main] INFO  s.d.s.w.r.o.CachingOperationNameGenerator - [startingWith,41] - Generating unique operation named: getInfoUsingGET_50
16:54:56.892 [main] INFO  s.d.s.w.r.o.CachingOperationNameGenerator - [startingWith,41] - Generating unique operation named: removeUsingDELETE_48
16:54:56.895 [main] INFO  s.d.s.w.r.o.CachingOperationNameGenerator - [startingWith,41] - Generating unique operation named: listUsingGET_49
16:54:56.901 [main] INFO  s.d.s.w.r.o.CachingOperationNameGenerator - [startingWith,41] - Generating unique operation named: addUsingPOST_50
16:54:56.904 [main] INFO  s.d.s.w.r.o.CachingOperationNameGenerator - [startingWith,41] - Generating unique operation named: editUsingPUT_49
16:54:56.913 [main] INFO  s.d.s.w.r.o.CachingOperationNameGenerator - [startingWith,41] - Generating unique operation named: exportUsingGET_50
16:54:56.920 [main] INFO  s.d.s.w.r.o.CachingOperationNameGenerator - [startingWith,41] - Generating unique operation named: getInfoUsingGET_51
16:54:56.925 [main] INFO  s.d.s.w.r.o.CachingOperationNameGenerator - [startingWith,41] - Generating unique operation named: removeUsingDELETE_49
16:54:56.929 [main] INFO  s.d.s.w.r.o.CachingOperationNameGenerator - [startingWith,41] - Generating unique operation named: listUsingGET_50
16:54:56.935 [main] INFO  s.d.s.w.r.o.CachingOperationNameGenerator - [startingWith,41] - Generating unique operation named: addUsingPOST_51
16:54:56.939 [main] INFO  s.d.s.w.r.o.CachingOperationNameGenerator - [startingWith,41] - Generating unique operation named: editUsingPUT_50
16:54:56.942 [main] INFO  s.d.s.w.r.o.CachingOperationNameGenerator - [startingWith,41] - Generating unique operation named: exportUsingGET_51
16:54:56.946 [main] INFO  s.d.s.w.r.o.CachingOperationNameGenerator - [startingWith,41] - Generating unique operation named: getInfoUsingGET_52
16:54:56.949 [main] INFO  s.d.s.w.r.o.CachingOperationNameGenerator - [startingWith,41] - Generating unique operation named: removeUsingDELETE_50
16:54:56.952 [main] INFO  s.d.s.w.r.o.CachingOperationNameGenerator - [startingWith,41] - Generating unique operation named: listUsingGET_51
16:54:56.956 [main] INFO  s.d.s.w.r.o.CachingOperationNameGenerator - [startingWith,41] - Generating unique operation named: addUsingPOST_52
16:54:56.958 [main] INFO  s.d.s.w.r.o.CachingOperationNameGenerator - [startingWith,41] - Generating unique operation named: editUsingPUT_51
16:54:56.961 [main] INFO  s.d.s.w.r.o.CachingOperationNameGenerator - [startingWith,41] - Generating unique operation named: exportUsingGET_52
16:54:56.965 [main] INFO  s.d.s.w.r.o.CachingOperationNameGenerator - [startingWith,41] - Generating unique operation named: getInfoUsingGET_53
16:54:56.968 [main] INFO  s.d.s.w.r.o.CachingOperationNameGenerator - [startingWith,41] - Generating unique operation named: removeUsingDELETE_51
16:54:56.972 [main] INFO  s.d.s.w.r.o.CachingOperationNameGenerator - [startingWith,41] - Generating unique operation named: listUsingGET_52
16:54:56.986 [main] INFO  s.d.s.w.r.o.CachingOperationNameGenerator - [startingWith,41] - Generating unique operation named: addUsingPOST_53
16:54:56.989 [main] INFO  s.d.s.w.r.o.CachingOperationNameGenerator - [startingWith,41] - Generating unique operation named: editUsingPUT_52
16:54:56.992 [main] INFO  s.d.s.w.r.o.CachingOperationNameGenerator - [startingWith,41] - Generating unique operation named: exportUsingGET_53
16:54:56.997 [main] INFO  s.d.s.w.r.o.CachingOperationNameGenerator - [startingWith,41] - Generating unique operation named: getInfoUsingGET_54
16:54:56.999 [main] INFO  s.d.s.w.r.o.CachingOperationNameGenerator - [startingWith,41] - Generating unique operation named: removeUsingDELETE_52
16:54:57.001 [main] INFO  s.d.s.w.r.o.CachingOperationNameGenerator - [startingWith,41] - Generating unique operation named: listUsingGET_53
16:54:57.007 [main] INFO  s.d.s.w.r.o.CachingOperationNameGenerator - [startingWith,41] - Generating unique operation named: addUsingPOST_54
16:54:57.009 [main] INFO  s.d.s.w.r.o.CachingOperationNameGenerator - [startingWith,41] - Generating unique operation named: auditUsingPUT_2
16:54:57.012 [main] INFO  s.d.s.w.r.o.CachingOperationNameGenerator - [startingWith,41] - Generating unique operation named: editUsingPUT_53
16:54:57.017 [main] INFO  s.d.s.w.r.o.CachingOperationNameGenerator - [startingWith,41] - Generating unique operation named: exportUsingGET_54
16:54:57.023 [main] INFO  s.d.s.w.r.o.CachingOperationNameGenerator - [startingWith,41] - Generating unique operation named: getInfoUsingGET_55
16:54:57.026 [main] INFO  s.d.s.w.r.o.CachingOperationNameGenerator - [startingWith,41] - Generating unique operation named: removeUsingDELETE_53
16:54:57.028 [main] INFO  s.d.s.w.r.o.CachingOperationNameGenerator - [startingWith,41] - Generating unique operation named: submitUsingPUT_2
16:54:57.031 [main] INFO  s.d.s.w.r.o.CachingOperationNameGenerator - [startingWith,41] - Generating unique operation named: listUsingGET_54
16:54:57.034 [main] INFO  s.d.s.w.r.o.CachingOperationNameGenerator - [startingWith,41] - Generating unique operation named: list4AuditUsingGET_2
16:54:57.037 [main] INFO  s.d.s.w.r.o.CachingOperationNameGenerator - [startingWith,41] - Generating unique operation named: addUsingPOST_55
16:54:57.040 [main] INFO  s.d.s.w.r.o.CachingOperationNameGenerator - [startingWith,41] - Generating unique operation named: editUsingPUT_54
16:54:57.042 [main] INFO  s.d.s.w.r.o.CachingOperationNameGenerator - [startingWith,41] - Generating unique operation named: exportUsingGET_55
16:54:57.045 [main] INFO  s.d.s.w.r.o.CachingOperationNameGenerator - [startingWith,41] - Generating unique operation named: getInfoUsingGET_56
16:54:57.047 [main] INFO  s.d.s.w.r.o.CachingOperationNameGenerator - [startingWith,41] - Generating unique operation named: removeUsingDELETE_54
16:54:57.049 [main] INFO  s.d.s.w.r.o.CachingOperationNameGenerator - [startingWith,41] - Generating unique operation named: listUsingGET_55
16:54:57.054 [main] INFO  s.d.s.w.r.o.CachingOperationNameGenerator - [startingWith,41] - Generating unique operation named: addUsingPOST_56
16:54:57.056 [main] INFO  s.d.s.w.r.o.CachingOperationNameGenerator - [startingWith,41] - Generating unique operation named: editUsingPUT_55
16:54:57.062 [main] INFO  s.d.s.w.r.o.CachingOperationNameGenerator - [startingWith,41] - Generating unique operation named: exportUsingGET_56
16:54:57.066 [main] INFO  s.d.s.w.r.o.CachingOperationNameGenerator - [startingWith,41] - Generating unique operation named: getInfoUsingGET_57
16:54:57.070 [main] INFO  s.d.s.w.r.o.CachingOperationNameGenerator - [startingWith,41] - Generating unique operation named: removeUsingDELETE_55
16:54:57.075 [main] INFO  s.d.s.w.r.o.CachingOperationNameGenerator - [startingWith,41] - Generating unique operation named: listUsingGET_56
16:54:57.081 [main] INFO  s.d.s.w.r.o.CachingOperationNameGenerator - [startingWith,41] - Generating unique operation named: addUsingPOST_57
16:54:57.085 [main] INFO  s.d.s.w.r.o.CachingOperationNameGenerator - [startingWith,41] - Generating unique operation named: editUsingPUT_56
16:54:57.089 [main] INFO  s.d.s.w.r.o.CachingOperationNameGenerator - [startingWith,41] - Generating unique operation named: exportUsingGET_57
16:54:57.096 [main] INFO  s.d.s.w.r.o.CachingOperationNameGenerator - [startingWith,41] - Generating unique operation named: getInfoUsingGET_58
16:54:57.100 [main] INFO  s.d.s.w.r.o.CachingOperationNameGenerator - [startingWith,41] - Generating unique operation named: removeUsingDELETE_56
16:54:57.107 [main] INFO  s.d.s.w.r.o.CachingOperationNameGenerator - [startingWith,41] - Generating unique operation named: listUsingGET_57
16:54:57.115 [main] INFO  s.d.s.w.r.o.CachingOperationNameGenerator - [startingWith,41] - Generating unique operation named: addUsingPOST_58
16:54:57.119 [main] INFO  s.d.s.w.r.o.CachingOperationNameGenerator - [startingWith,41] - Generating unique operation named: auditUsingPUT_3
16:54:57.125 [main] INFO  s.d.s.w.r.o.CachingOperationNameGenerator - [startingWith,41] - Generating unique operation named: editUsingPUT_57
16:54:57.134 [main] INFO  s.d.s.w.r.o.CachingOperationNameGenerator - [startingWith,41] - Generating unique operation named: exportUsingGET_58
16:54:57.140 [main] INFO  s.d.s.w.r.o.CachingOperationNameGenerator - [startingWith,41] - Generating unique operation named: getInfoUsingGET_59
16:54:57.144 [main] INFO  s.d.s.w.r.o.CachingOperationNameGenerator - [startingWith,41] - Generating unique operation named: removeUsingDELETE_57
16:54:57.147 [main] INFO  s.d.s.w.r.o.CachingOperationNameGenerator - [startingWith,41] - Generating unique operation named: submitUsingPUT_3
16:54:57.153 [main] INFO  s.d.s.w.r.o.CachingOperationNameGenerator - [startingWith,41] - Generating unique operation named: listUsingGET_58
16:54:57.158 [main] INFO  s.d.s.w.r.o.CachingOperationNameGenerator - [startingWith,41] - Generating unique operation named: list4AuditUsingGET_3
16:54:57.164 [main] INFO  s.d.s.w.r.o.CachingOperationNameGenerator - [startingWith,41] - Generating unique operation named: addUsingPOST_59
16:54:57.168 [main] INFO  s.d.s.w.r.o.CachingOperationNameGenerator - [startingWith,41] - Generating unique operation named: editUsingPUT_58
16:54:57.171 [main] INFO  s.d.s.w.r.o.CachingOperationNameGenerator - [startingWith,41] - Generating unique operation named: exportUsingGET_59
16:54:57.176 [main] INFO  s.d.s.w.r.o.CachingOperationNameGenerator - [startingWith,41] - Generating unique operation named: getInfoUsingGET_60
16:54:57.179 [main] INFO  s.d.s.w.r.o.CachingOperationNameGenerator - [startingWith,41] - Generating unique operation named: removeUsingDELETE_58
16:54:57.184 [main] INFO  s.d.s.w.r.o.CachingOperationNameGenerator - [startingWith,41] - Generating unique operation named: listUsingGET_59
16:54:57.189 [main] INFO  s.d.s.w.r.o.CachingOperationNameGenerator - [startingWith,41] - Generating unique operation named: addUsingPOST_60
16:54:57.193 [main] INFO  s.d.s.w.r.o.CachingOperationNameGenerator - [startingWith,41] - Generating unique operation named: auditUsingPUT_4
16:54:57.196 [main] INFO  s.d.s.w.r.o.CachingOperationNameGenerator - [startingWith,41] - Generating unique operation named: editUsingPUT_59
16:54:57.202 [main] INFO  s.d.s.w.r.o.CachingOperationNameGenerator - [startingWith,41] - Generating unique operation named: exportUsingGET_60
16:54:57.207 [main] INFO  s.d.s.w.r.o.CachingOperationNameGenerator - [startingWith,41] - Generating unique operation named: getInfoUsingGET_61
16:54:57.210 [main] INFO  s.d.s.w.r.o.CachingOperationNameGenerator - [startingWith,41] - Generating unique operation named: removeUsingDELETE_59
16:54:57.214 [main] INFO  s.d.s.w.r.o.CachingOperationNameGenerator - [startingWith,41] - Generating unique operation named: submitUsingPUT_4
16:54:57.218 [main] INFO  s.d.s.w.r.o.CachingOperationNameGenerator - [startingWith,41] - Generating unique operation named: listUsingGET_60
16:54:57.222 [main] INFO  s.d.s.w.r.o.CachingOperationNameGenerator - [startingWith,41] - Generating unique operation named: list4AuditUsingGET_4
16:54:57.226 [main] INFO  s.d.s.w.r.o.CachingOperationNameGenerator - [startingWith,41] - Generating unique operation named: addUsingPOST_61
16:54:57.229 [main] INFO  s.d.s.w.r.o.CachingOperationNameGenerator - [startingWith,41] - Generating unique operation named: editUsingPUT_60
16:54:57.233 [main] INFO  s.d.s.w.r.o.CachingOperationNameGenerator - [startingWith,41] - Generating unique operation named: exportUsingGET_61
16:54:57.238 [main] INFO  s.d.s.w.r.o.CachingOperationNameGenerator - [startingWith,41] - Generating unique operation named: getInfoUsingGET_62
16:54:57.242 [main] INFO  s.d.s.w.r.o.CachingOperationNameGenerator - [startingWith,41] - Generating unique operation named: removeUsingDELETE_60
16:54:57.247 [main] INFO  s.d.s.w.r.o.CachingOperationNameGenerator - [startingWith,41] - Generating unique operation named: listUsingGET_61
16:54:57.254 [main] INFO  s.d.s.w.r.o.CachingOperationNameGenerator - [startingWith,41] - Generating unique operation named: exportUsingGET_62
16:54:57.259 [main] INFO  s.d.s.w.r.o.CachingOperationNameGenerator - [startingWith,41] - Generating unique operation named: exportUsingGET_63
16:54:57.264 [main] INFO  s.d.s.w.r.o.CachingOperationNameGenerator - [startingWith,41] - Generating unique operation named: listUsingGET_62
16:54:57.268 [main] INFO  s.d.s.w.r.o.CachingOperationNameGenerator - [startingWith,41] - Generating unique operation named: listUsingGET_63
16:54:57.281 [main] INFO  s.d.s.w.r.o.CachingOperationNameGenerator - [startingWith,41] - Generating unique operation named: addUsingPOST_62
16:54:57.284 [main] INFO  s.d.s.w.r.o.CachingOperationNameGenerator - [startingWith,41] - Generating unique operation named: editUsingPUT_61
16:54:57.289 [main] INFO  s.d.s.w.r.o.CachingOperationNameGenerator - [startingWith,41] - Generating unique operation named: exportUsingGET_64
16:54:57.294 [main] INFO  s.d.s.w.r.o.CachingOperationNameGenerator - [startingWith,41] - Generating unique operation named: getInfoUsingGET_63
16:54:57.297 [main] INFO  s.d.s.w.r.o.CachingOperationNameGenerator - [startingWith,41] - Generating unique operation named: removeUsingDELETE_61
16:54:57.302 [main] INFO  s.d.s.w.r.o.CachingOperationNameGenerator - [startingWith,41] - Generating unique operation named: listUsingGET_64
16:54:57.308 [main] INFO  s.d.s.w.r.o.CachingOperationNameGenerator - [startingWith,41] - Generating unique operation named: addUsingPOST_63
16:54:57.312 [main] INFO  s.d.s.w.r.o.CachingOperationNameGenerator - [startingWith,41] - Generating unique operation named: editUsingPUT_62
16:54:57.315 [main] INFO  s.d.s.w.r.o.CachingOperationNameGenerator - [startingWith,41] - Generating unique operation named: exportUsingGET_65
16:54:57.319 [main] INFO  s.d.s.w.r.o.CachingOperationNameGenerator - [startingWith,41] - Generating unique operation named: getInfoUsingGET_64
16:54:57.321 [main] INFO  s.d.s.w.r.o.CachingOperationNameGenerator - [startingWith,41] - Generating unique operation named: removeUsingDELETE_62
16:54:57.325 [main] INFO  s.d.s.w.r.o.CachingOperationNameGenerator - [startingWith,41] - Generating unique operation named: listUsingGET_65
16:54:57.330 [main] INFO  s.d.s.w.r.o.CachingOperationNameGenerator - [startingWith,41] - Generating unique operation named: addUsingPOST_64
16:54:57.332 [main] INFO  s.d.s.w.r.o.CachingOperationNameGenerator - [startingWith,41] - Generating unique operation named: auditUsingPUT_5
16:54:57.334 [main] INFO  s.d.s.w.r.o.CachingOperationNameGenerator - [startingWith,41] - Generating unique operation named: editUsingPUT_63
16:54:57.339 [main] INFO  s.d.s.w.r.o.CachingOperationNameGenerator - [startingWith,41] - Generating unique operation named: exportUsingGET_66
16:54:57.345 [main] INFO  s.d.s.w.r.o.CachingOperationNameGenerator - [startingWith,41] - Generating unique operation named: getInfoUsingGET_65
16:54:57.350 [main] INFO  s.d.s.w.r.o.CachingOperationNameGenerator - [startingWith,41] - Generating unique operation named: removeUsingDELETE_63
16:54:57.353 [main] INFO  s.d.s.w.r.o.CachingOperationNameGenerator - [startingWith,41] - Generating unique operation named: submitUsingPUT_5
16:54:57.357 [main] INFO  s.d.s.w.r.o.CachingOperationNameGenerator - [startingWith,41] - Generating unique operation named: listUsingGET_66
16:54:57.360 [main] INFO  s.d.s.w.r.o.CachingOperationNameGenerator - [startingWith,41] - Generating unique operation named: list4AuditUsingGET_5
16:54:57.366 [main] INFO  s.d.s.w.r.o.CachingOperationNameGenerator - [startingWith,41] - Generating unique operation named: addUsingPOST_65
16:54:57.370 [main] INFO  s.d.s.w.r.o.CachingOperationNameGenerator - [startingWith,41] - Generating unique operation named: auditUsingPUT_6
16:54:57.373 [main] INFO  s.d.s.w.r.o.CachingOperationNameGenerator - [startingWith,41] - Generating unique operation named: editUsingPUT_64
16:54:57.379 [main] INFO  s.d.s.w.r.o.CachingOperationNameGenerator - [startingWith,41] - Generating unique operation named: exportUsingGET_67
16:54:57.390 [main] INFO  s.d.s.w.r.o.CachingOperationNameGenerator - [startingWith,41] - Generating unique operation named: getInfoUsingGET_66
16:54:57.393 [main] INFO  s.d.s.w.r.o.CachingOperationNameGenerator - [startingWith,41] - Generating unique operation named: removeUsingDELETE_64
16:54:57.395 [main] INFO  s.d.s.w.r.o.CachingOperationNameGenerator - [startingWith,41] - Generating unique operation named: submitUsingPUT_6
16:54:57.399 [main] INFO  s.d.s.w.r.o.CachingOperationNameGenerator - [startingWith,41] - Generating unique operation named: listUsingGET_67
16:54:57.405 [main] INFO  s.d.s.w.r.o.CachingOperationNameGenerator - [startingWith,41] - Generating unique operation named: list4AuditUsingGET_6
16:54:57.411 [main] INFO  s.d.s.w.r.o.CachingOperationNameGenerator - [startingWith,41] - Generating unique operation named: addUsingPOST_66
16:54:57.415 [main] INFO  s.d.s.w.r.o.CachingOperationNameGenerator - [startingWith,41] - Generating unique operation named: editUsingPUT_65
16:54:57.420 [main] INFO  s.d.s.w.r.o.CachingOperationNameGenerator - [startingWith,41] - Generating unique operation named: exportUsingGET_68
16:54:57.426 [main] INFO  s.d.s.w.r.o.CachingOperationNameGenerator - [startingWith,41] - Generating unique operation named: getInfoUsingGET_67
16:54:57.432 [main] INFO  s.d.s.w.r.o.CachingOperationNameGenerator - [startingWith,41] - Generating unique operation named: removeUsingDELETE_65
16:54:57.437 [main] INFO  s.d.s.w.r.o.CachingOperationNameGenerator - [startingWith,41] - Generating unique operation named: listUsingGET_68
16:54:57.449 [main] INFO  s.d.s.w.r.o.CachingOperationNameGenerator - [startingWith,41] - Generating unique operation named: addUsingPOST_67
16:54:57.454 [main] INFO  s.d.s.w.r.o.CachingOperationNameGenerator - [startingWith,41] - Generating unique operation named: editUsingPUT_66
16:54:57.461 [main] INFO  s.d.s.w.r.o.CachingOperationNameGenerator - [startingWith,41] - Generating unique operation named: exportUsingGET_69
16:54:57.468 [main] INFO  s.d.s.w.r.o.CachingOperationNameGenerator - [startingWith,41] - Generating unique operation named: getInfoUsingGET_68
16:54:57.473 [main] INFO  s.d.s.w.r.o.CachingOperationNameGenerator - [startingWith,41] - Generating unique operation named: removeUsingDELETE_66
16:54:57.478 [main] INFO  s.d.s.w.r.o.CachingOperationNameGenerator - [startingWith,41] - Generating unique operation named: listUsingGET_69
16:54:57.488 [main] INFO  s.d.s.w.r.o.CachingOperationNameGenerator - [startingWith,41] - Generating unique operation named: addUsingPOST_68
16:54:57.492 [main] INFO  s.d.s.w.r.o.CachingOperationNameGenerator - [startingWith,41] - Generating unique operation named: editUsingPUT_67
16:54:57.525 [main] INFO  s.d.s.w.r.o.CachingOperationNameGenerator - [startingWith,41] - Generating unique operation named: exportUsingGET_70
16:54:57.532 [main] INFO  s.d.s.w.r.o.CachingOperationNameGenerator - [startingWith,41] - Generating unique operation named: getInfoUsingGET_69
16:54:57.536 [main] INFO  s.d.s.w.r.o.CachingOperationNameGenerator - [startingWith,41] - Generating unique operation named: removeUsingDELETE_67
16:54:57.540 [main] INFO  s.d.s.w.r.o.CachingOperationNameGenerator - [startingWith,41] - Generating unique operation named: listUsingGET_70
16:54:57.546 [main] INFO  s.d.s.w.r.o.CachingOperationNameGenerator - [startingWith,41] - Generating unique operation named: addUsingPOST_69
16:54:57.550 [main] INFO  s.d.s.w.r.o.CachingOperationNameGenerator - [startingWith,41] - Generating unique operation named: editUsingPUT_68
16:54:57.553 [main] INFO  s.d.s.w.r.o.CachingOperationNameGenerator - [startingWith,41] - Generating unique operation named: exportUsingGET_71
16:54:57.559 [main] INFO  s.d.s.w.r.o.CachingOperationNameGenerator - [startingWith,41] - Generating unique operation named: getInfoUsingGET_70
16:54:57.565 [main] INFO  s.d.s.w.r.o.CachingOperationNameGenerator - [startingWith,41] - Generating unique operation named: removeUsingDELETE_68
16:54:57.570 [main] INFO  s.d.s.w.r.o.CachingOperationNameGenerator - [startingWith,41] - Generating unique operation named: listUsingGET_71
16:54:57.578 [main] INFO  s.d.s.w.r.o.CachingOperationNameGenerator - [startingWith,41] - Generating unique operation named: addUsingPOST_70
16:54:57.582 [main] INFO  s.d.s.w.r.o.CachingOperationNameGenerator - [startingWith,41] - Generating unique operation named: auditUsingPUT_7
16:54:57.587 [main] INFO  s.d.s.w.r.o.CachingOperationNameGenerator - [startingWith,41] - Generating unique operation named: editUsingPUT_69
16:54:57.594 [main] INFO  s.d.s.w.r.o.CachingOperationNameGenerator - [startingWith,41] - Generating unique operation named: exportUsingGET_72
16:54:57.598 [main] INFO  s.d.s.w.r.o.CachingOperationNameGenerator - [startingWith,41] - Generating unique operation named: getInfoUsingGET_71
16:54:57.600 [main] INFO  s.d.s.w.r.o.CachingOperationNameGenerator - [startingWith,41] - Generating unique operation named: removeUsingDELETE_69
16:54:57.602 [main] INFO  s.d.s.w.r.o.CachingOperationNameGenerator - [startingWith,41] - Generating unique operation named: submitUsingPUT_7
16:54:57.607 [main] INFO  s.d.s.w.r.o.CachingOperationNameGenerator - [startingWith,41] - Generating unique operation named: listUsingGET_72
16:54:57.610 [main] INFO  s.d.s.w.r.o.CachingOperationNameGenerator - [startingWith,41] - Generating unique operation named: list4AuditUsingGET_7
16:54:57.614 [main] INFO  s.d.s.w.r.o.CachingOperationNameGenerator - [startingWith,41] - Generating unique operation named: addUsingPOST_71
16:54:57.617 [main] INFO  s.d.s.w.r.o.CachingOperationNameGenerator - [startingWith,41] - Generating unique operation named: editUsingPUT_70
16:54:57.620 [main] INFO  s.d.s.w.r.o.CachingOperationNameGenerator - [startingWith,41] - Generating unique operation named: exportUsingGET_73
16:54:57.625 [main] INFO  s.d.s.w.r.o.CachingOperationNameGenerator - [startingWith,41] - Generating unique operation named: getInfoUsingGET_72
16:54:57.629 [main] INFO  s.d.s.w.r.o.CachingOperationNameGenerator - [startingWith,41] - Generating unique operation named: removeUsingDELETE_70
16:54:57.632 [main] INFO  s.d.s.w.r.o.CachingOperationNameGenerator - [startingWith,41] - Generating unique operation named: listUsingGET_73
16:54:57.637 [main] INFO  s.d.s.w.r.o.CachingOperationNameGenerator - [startingWith,41] - Generating unique operation named: addUsingPOST_72
16:54:57.641 [main] INFO  s.d.s.w.r.o.CachingOperationNameGenerator - [startingWith,41] - Generating unique operation named: editUsingPUT_71
16:54:57.648 [main] INFO  s.d.s.w.r.o.CachingOperationNameGenerator - [startingWith,41] - Generating unique operation named: exportUsingGET_74
16:54:57.652 [main] INFO  s.d.s.w.r.o.CachingOperationNameGenerator - [startingWith,41] - Generating unique operation named: getInfoUsingGET_73
16:54:57.656 [main] INFO  s.d.s.w.r.o.CachingOperationNameGenerator - [startingWith,41] - Generating unique operation named: removeUsingDELETE_71
16:54:57.660 [main] INFO  s.d.s.w.r.o.CachingOperationNameGenerator - [startingWith,41] - Generating unique operation named: listUsingGET_74
16:54:57.665 [main] INFO  s.d.s.w.r.o.CachingOperationNameGenerator - [startingWith,41] - Generating unique operation named: addUsingPOST_73
16:54:57.668 [main] INFO  s.d.s.w.r.o.CachingOperationNameGenerator - [startingWith,41] - Generating unique operation named: editUsingPUT_72
16:54:57.672 [main] INFO  s.d.s.w.r.o.CachingOperationNameGenerator - [startingWith,41] - Generating unique operation named: exportUsingGET_75
16:54:57.676 [main] INFO  s.d.s.w.r.o.CachingOperationNameGenerator - [startingWith,41] - Generating unique operation named: getInfoUsingGET_74
16:54:57.680 [main] INFO  s.d.s.w.r.o.CachingOperationNameGenerator - [startingWith,41] - Generating unique operation named: removeUsingDELETE_72
16:54:57.683 [main] INFO  s.d.s.w.r.o.CachingOperationNameGenerator - [startingWith,41] - Generating unique operation named: listUsingGET_75
16:54:57.693 [main] INFO  s.d.s.w.r.o.CachingOperationNameGenerator - [startingWith,41] - Generating unique operation named: exportUsingGET_76
16:54:57.701 [main] INFO  s.d.s.w.r.o.CachingOperationNameGenerator - [startingWith,41] - Generating unique operation named: exportUsingGET_77
16:54:57.715 [main] INFO  s.d.s.w.r.o.CachingOperationNameGenerator - [startingWith,41] - Generating unique operation named: listUsingGET_76
16:54:57.725 [main] INFO  s.d.s.w.r.o.CachingOperationNameGenerator - [startingWith,41] - Generating unique operation named: selectContractDeliveryReturnMonthReportUsingGET_1
16:54:57.729 [main] INFO  s.d.s.w.r.o.CachingOperationNameGenerator - [startingWith,41] - Generating unique operation named: selectContractDeliveryReturnQuarterReportUsingGET_1
16:54:57.740 [main] INFO  s.d.s.w.r.o.CachingOperationNameGenerator - [startingWith,41] - Generating unique operation named: addUsingPOST_74
16:54:57.750 [main] INFO  s.d.s.w.r.o.CachingOperationNameGenerator - [startingWith,41] - Generating unique operation named: editUsingPUT_73
16:54:57.757 [main] INFO  s.d.s.w.r.o.CachingOperationNameGenerator - [startingWith,41] - Generating unique operation named: exportUsingGET_78
16:54:57.763 [main] INFO  s.d.s.w.r.o.CachingOperationNameGenerator - [startingWith,41] - Generating unique operation named: getInfoUsingGET_75
16:54:57.767 [main] INFO  s.d.s.w.r.o.CachingOperationNameGenerator - [startingWith,41] - Generating unique operation named: removeUsingDELETE_73
16:54:57.771 [main] INFO  s.d.s.w.r.o.CachingOperationNameGenerator - [startingWith,41] - Generating unique operation named: listUsingGET_77
16:54:57.778 [main] INFO  s.d.s.w.r.o.CachingOperationNameGenerator - [startingWith,41] - Generating unique operation named: addUsingPOST_75
16:54:57.782 [main] INFO  s.d.s.w.r.o.CachingOperationNameGenerator - [startingWith,41] - Generating unique operation named: editUsingPUT_74
16:54:57.786 [main] INFO  s.d.s.w.r.o.CachingOperationNameGenerator - [startingWith,41] - Generating unique operation named: exportUsingGET_79
16:54:57.790 [main] INFO  s.d.s.w.r.o.CachingOperationNameGenerator - [startingWith,41] - Generating unique operation named: getInfoUsingGET_76
16:54:57.794 [main] INFO  s.d.s.w.r.o.CachingOperationNameGenerator - [startingWith,41] - Generating unique operation named: removeUsingDELETE_74
16:54:57.798 [main] INFO  s.d.s.w.r.o.CachingOperationNameGenerator - [startingWith,41] - Generating unique operation named: listUsingGET_78
16:54:57.828 [main] INFO  s.d.s.w.r.o.CachingOperationNameGenerator - [startingWith,41] - Generating unique operation named: editUsingPUT_75
16:54:57.843 [main] INFO  s.d.s.w.r.o.CachingOperationNameGenerator - [startingWith,41] - Generating unique operation named: exportUsingGET_80
16:54:57.849 [main] INFO  s.d.s.w.r.o.CachingOperationNameGenerator - [startingWith,41] - Generating unique operation named: getInfoUsingGET_77
16:54:57.857 [main] INFO  s.d.s.w.r.o.CachingOperationNameGenerator - [startingWith,41] - Generating unique operation named: listUsingGET_79
16:54:57.875 [main] INFO  s.d.s.w.r.o.CachingOperationNameGenerator - [startingWith,41] - Generating unique operation named: exportUsingGET_81
16:54:57.881 [main] INFO  s.d.s.w.r.o.CachingOperationNameGenerator - [startingWith,41] - Generating unique operation named: getInfoUsingGET_78
16:54:57.890 [main] INFO  s.d.s.w.r.o.CachingOperationNameGenerator - [startingWith,41] - Generating unique operation named: listUsingGET_80
16:54:57.900 [main] INFO  s.d.s.w.r.o.CachingOperationNameGenerator - [startingWith,41] - Generating unique operation named: reportByDayUsingGET_1
16:54:57.920 [main] INFO  s.d.s.w.r.o.CachingOperationNameGenerator - [startingWith,41] - Generating unique operation named: exportUsingGET_82
16:54:57.927 [main] INFO  s.d.s.w.r.o.CachingOperationNameGenerator - [startingWith,41] - Generating unique operation named: listUsingGET_81
16:54:57.935 [main] INFO  s.d.s.w.r.o.CachingOperationNameGenerator - [startingWith,41] - Generating unique operation named: exportUsingGET_83
16:54:57.942 [main] INFO  s.d.s.w.r.o.CachingOperationNameGenerator - [startingWith,41] - Generating unique operation named: listUsingGET_82
16:54:58.010 [main] INFO  s.d.s.w.r.o.CachingOperationNameGenerator - [startingWith,41] - Generating unique operation named: addUsingPOST_76
16:54:58.014 [main] INFO  s.d.s.w.r.o.CachingOperationNameGenerator - [startingWith,41] - Generating unique operation named: editUsingPUT_76
16:54:58.020 [main] INFO  s.d.s.w.r.o.CachingOperationNameGenerator - [startingWith,41] - Generating unique operation named: exportUsingGET_84
16:54:58.025 [main] INFO  s.d.s.w.r.o.CachingOperationNameGenerator - [startingWith,41] - Generating unique operation named: getInfoUsingGET_79
16:54:58.028 [main] INFO  s.d.s.w.r.o.CachingOperationNameGenerator - [startingWith,41] - Generating unique operation named: removeUsingDELETE_75
16:54:58.035 [main] INFO  s.d.s.w.r.o.CachingOperationNameGenerator - [startingWith,41] - Generating unique operation named: listUsingGET_83
16:54:58.044 [main] INFO  s.d.s.w.r.o.CachingOperationNameGenerator - [startingWith,41] - Generating unique operation named: exportUsingGET_85
16:54:58.050 [main] INFO  s.d.s.w.r.o.CachingOperationNameGenerator - [startingWith,41] - Generating unique operation named: listUsingGET_84
16:54:58.060 [main] INFO  s.d.s.w.r.o.CachingOperationNameGenerator - [startingWith,41] - Generating unique operation named: exportUsingGET_86
16:54:58.067 [main] INFO  s.d.s.w.r.o.CachingOperationNameGenerator - [startingWith,41] - Generating unique operation named: getInfoUsingGET_80
16:54:58.072 [main] INFO  s.d.s.w.r.o.CachingOperationNameGenerator - [startingWith,41] - Generating unique operation named: listUsingGET_85
16:54:58.079 [main] INFO  s.d.s.w.r.o.CachingOperationNameGenerator - [startingWith,41] - Generating unique operation named: exportUsingGET_87
16:54:58.084 [main] INFO  s.d.s.w.r.o.CachingOperationNameGenerator - [startingWith,41] - Generating unique operation named: getInfoUsingGET_81
16:54:58.089 [main] INFO  s.d.s.w.r.o.CachingOperationNameGenerator - [startingWith,41] - Generating unique operation named: listUsingGET_86
16:54:58.097 [main] INFO  s.d.s.w.r.o.CachingOperationNameGenerator - [startingWith,41] - Generating unique operation named: exportUsingGET_88
16:54:58.102 [main] INFO  s.d.s.w.r.o.CachingOperationNameGenerator - [startingWith,41] - Generating unique operation named: getInfoUsingGET_82
16:54:58.108 [main] INFO  s.d.s.w.r.o.CachingOperationNameGenerator - [startingWith,41] - Generating unique operation named: listUsingGET_87
16:54:58.115 [main] INFO  s.d.s.w.r.o.CachingOperationNameGenerator - [startingWith,41] - Generating unique operation named: addUsingPOST_77
16:54:58.118 [main] INFO  s.d.s.w.r.o.CachingOperationNameGenerator - [startingWith,41] - Generating unique operation named: auditUsingPUT_8
16:54:58.121 [main] INFO  s.d.s.w.r.o.CachingOperationNameGenerator - [startingWith,41] - Generating unique operation named: editUsingPUT_77
16:54:58.128 [main] INFO  s.d.s.w.r.o.CachingOperationNameGenerator - [startingWith,41] - Generating unique operation named: exportUsingGET_89
16:54:58.132 [main] INFO  s.d.s.w.r.o.CachingOperationNameGenerator - [startingWith,41] - Generating unique operation named: getInfoUsingGET_83
16:54:58.134 [main] INFO  s.d.s.w.r.o.CachingOperationNameGenerator - [startingWith,41] - Generating unique operation named: removeUsingDELETE_76
16:54:58.135 [main] INFO  s.d.s.w.r.o.CachingOperationNameGenerator - [startingWith,41] - Generating unique operation named: submitUsingPUT_8
16:54:58.140 [main] INFO  s.d.s.w.r.o.CachingOperationNameGenerator - [startingWith,41] - Generating unique operation named: listUsingGET_88
16:54:58.145 [main] INFO  s.d.s.w.r.o.CachingOperationNameGenerator - [startingWith,41] - Generating unique operation named: list4AuditUsingGET_8
16:54:58.150 [main] INFO  s.d.s.w.r.o.CachingOperationNameGenerator - [startingWith,41] - Generating unique operation named: addUsingPOST_78
16:54:58.154 [main] INFO  s.d.s.w.r.o.CachingOperationNameGenerator - [startingWith,41] - Generating unique operation named: editUsingPUT_78
16:54:58.158 [main] INFO  s.d.s.w.r.o.CachingOperationNameGenerator - [startingWith,41] - Generating unique operation named: exportUsingGET_90
16:54:58.164 [main] INFO  s.d.s.w.r.o.CachingOperationNameGenerator - [startingWith,41] - Generating unique operation named: getInfoUsingGET_84
16:54:58.168 [main] INFO  s.d.s.w.r.o.CachingOperationNameGenerator - [startingWith,41] - Generating unique operation named: removeUsingDELETE_77
16:54:58.171 [main] INFO  s.d.s.w.r.o.CachingOperationNameGenerator - [startingWith,41] - Generating unique operation named: listUsingGET_89
16:54:58.176 [main] INFO  s.d.s.w.r.o.CachingOperationNameGenerator - [startingWith,41] - Generating unique operation named: addUsingPOST_79
16:54:58.179 [main] INFO  s.d.s.w.r.o.CachingOperationNameGenerator - [startingWith,41] - Generating unique operation named: editUsingPUT_79
16:54:58.186 [main] INFO  s.d.s.w.r.o.CachingOperationNameGenerator - [startingWith,41] - Generating unique operation named: exportUsingGET_91
16:54:58.192 [main] INFO  s.d.s.w.r.o.CachingOperationNameGenerator - [startingWith,41] - Generating unique operation named: getInfoUsingGET_85
16:54:58.195 [main] INFO  s.d.s.w.r.o.CachingOperationNameGenerator - [startingWith,41] - Generating unique operation named: removeUsingDELETE_78
16:54:58.201 [main] INFO  s.d.s.w.r.o.CachingOperationNameGenerator - [startingWith,41] - Generating unique operation named: listUsingGET_90
16:54:58.207 [main] INFO  s.d.s.w.r.o.CachingOperationNameGenerator - [startingWith,41] - Generating unique operation named: addUsingPOST_80
16:54:58.213 [main] INFO  s.d.s.w.r.o.CachingOperationNameGenerator - [startingWith,41] - Generating unique operation named: editUsingPUT_80
16:54:58.218 [main] INFO  s.d.s.w.r.o.CachingOperationNameGenerator - [startingWith,41] - Generating unique operation named: exportUsingGET_92
16:54:58.222 [main] INFO  s.d.s.w.r.o.CachingOperationNameGenerator - [startingWith,41] - Generating unique operation named: getInfoUsingGET_86
16:54:58.225 [main] INFO  s.d.s.w.r.o.CachingOperationNameGenerator - [startingWith,41] - Generating unique operation named: removeUsingDELETE_79
16:54:58.228 [main] INFO  s.d.s.w.r.o.CachingOperationNameGenerator - [startingWith,41] - Generating unique operation named: listUsingGET_91
16:54:58.234 [main] INFO  s.d.s.w.r.o.CachingOperationNameGenerator - [startingWith,41] - Generating unique operation named: addUsingPOST_81
16:54:58.237 [main] INFO  s.d.s.w.r.o.CachingOperationNameGenerator - [startingWith,41] - Generating unique operation named: editUsingPUT_81
16:54:58.243 [main] INFO  s.d.s.w.r.o.CachingOperationNameGenerator - [startingWith,41] - Generating unique operation named: exportUsingGET_93
16:54:58.247 [main] INFO  s.d.s.w.r.o.CachingOperationNameGenerator - [startingWith,41] - Generating unique operation named: getInfoUsingGET_87
16:54:58.251 [main] INFO  s.d.s.w.r.o.CachingOperationNameGenerator - [startingWith,41] - Generating unique operation named: removeUsingDELETE_80
16:54:58.258 [main] INFO  s.d.s.w.r.o.CachingOperationNameGenerator - [startingWith,41] - Generating unique operation named: listUsingGET_92
16:54:58.265 [main] INFO  s.d.s.w.r.o.CachingOperationNameGenerator - [startingWith,41] - Generating unique operation named: addUsingPOST_82
16:54:58.269 [main] INFO  s.d.s.w.r.o.CachingOperationNameGenerator - [startingWith,41] - Generating unique operation named: editUsingPUT_82
16:54:58.274 [main] INFO  s.d.s.w.r.o.CachingOperationNameGenerator - [startingWith,41] - Generating unique operation named: exportUsingGET_94
16:54:58.279 [main] INFO  s.d.s.w.r.o.CachingOperationNameGenerator - [startingWith,41] - Generating unique operation named: getInfoUsingGET_88
16:54:58.283 [main] INFO  s.d.s.w.r.o.CachingOperationNameGenerator - [startingWith,41] - Generating unique operation named: removeUsingDELETE_81
16:54:58.288 [main] INFO  s.d.s.w.r.o.CachingOperationNameGenerator - [startingWith,41] - Generating unique operation named: listUsingGET_93
16:54:58.295 [main] INFO  s.d.s.w.r.o.CachingOperationNameGenerator - [startingWith,41] - Generating unique operation named: addUsingPOST_83
16:54:58.298 [main] INFO  s.d.s.w.r.o.CachingOperationNameGenerator - [startingWith,41] - Generating unique operation named: auditUsingPUT_9
16:54:58.301 [main] INFO  s.d.s.w.r.o.CachingOperationNameGenerator - [startingWith,41] - Generating unique operation named: editUsingPUT_83
16:54:58.307 [main] INFO  s.d.s.w.r.o.CachingOperationNameGenerator - [startingWith,41] - Generating unique operation named: exportUsingGET_95
16:54:58.316 [main] INFO  s.d.s.w.r.o.CachingOperationNameGenerator - [startingWith,41] - Generating unique operation named: getInfoUsingGET_89
16:54:58.321 [main] INFO  s.d.s.w.r.o.CachingOperationNameGenerator - [startingWith,41] - Generating unique operation named: removeUsingDELETE_82
16:54:58.325 [main] INFO  s.d.s.w.r.o.CachingOperationNameGenerator - [startingWith,41] - Generating unique operation named: submitUsingPUT_9
16:54:58.330 [main] INFO  s.d.s.w.r.o.CachingOperationNameGenerator - [startingWith,41] - Generating unique operation named: listUsingGET_94
16:54:58.335 [main] INFO  s.d.s.w.r.o.CachingOperationNameGenerator - [startingWith,41] - Generating unique operation named: list4AuditUsingGET_9
16:54:58.342 [main] INFO  s.d.s.w.r.o.CachingOperationNameGenerator - [startingWith,41] - Generating unique operation named: addUsingPOST_84
16:54:58.346 [main] INFO  s.d.s.w.r.o.CachingOperationNameGenerator - [startingWith,41] - Generating unique operation named: editUsingPUT_84
16:54:58.348 [main] INFO  s.d.s.w.r.o.CachingOperationNameGenerator - [startingWith,41] - Generating unique operation named: exportUsingGET_96
16:54:58.353 [main] INFO  s.d.s.w.r.o.CachingOperationNameGenerator - [startingWith,41] - Generating unique operation named: getInfoUsingGET_90
16:54:58.355 [main] INFO  s.d.s.w.r.o.CachingOperationNameGenerator - [startingWith,41] - Generating unique operation named: removeUsingDELETE_83
16:54:58.360 [main] INFO  s.d.s.w.r.o.CachingOperationNameGenerator - [startingWith,41] - Generating unique operation named: listUsingGET_95
16:54:58.366 [main] INFO  s.d.s.w.r.o.CachingOperationNameGenerator - [startingWith,41] - Generating unique operation named: addUsingPOST_85
16:54:58.370 [main] INFO  s.d.s.w.r.o.CachingOperationNameGenerator - [startingWith,41] - Generating unique operation named: editUsingPUT_85
16:54:58.377 [main] INFO  s.d.s.w.r.o.CachingOperationNameGenerator - [startingWith,41] - Generating unique operation named: exportUsingGET_97
16:54:58.383 [main] INFO  s.d.s.w.r.o.CachingOperationNameGenerator - [startingWith,41] - Generating unique operation named: getInfoUsingGET_91
16:54:58.388 [main] INFO  s.d.s.w.r.o.CachingOperationNameGenerator - [startingWith,41] - Generating unique operation named: listUsingGET_96
16:54:58.391 [main] INFO  s.d.s.w.r.o.CachingOperationNameGenerator - [startingWith,41] - Generating unique operation named: removeUsingDELETE_84
16:54:58.397 [main] INFO  s.d.s.w.r.o.CachingOperationNameGenerator - [startingWith,41] - Generating unique operation named: addUsingPOST_86
16:54:58.401 [main] INFO  s.d.s.w.r.o.CachingOperationNameGenerator - [startingWith,41] - Generating unique operation named: editUsingPUT_86
16:54:58.405 [main] INFO  s.d.s.w.r.o.CachingOperationNameGenerator - [startingWith,41] - Generating unique operation named: exportUsingGET_98
16:54:58.411 [main] INFO  s.d.s.w.r.o.CachingOperationNameGenerator - [startingWith,41] - Generating unique operation named: getInfoUsingGET_92
16:54:58.414 [main] INFO  s.d.s.w.r.o.CachingOperationNameGenerator - [startingWith,41] - Generating unique operation named: removeUsingDELETE_85
16:54:58.419 [main] INFO  s.d.s.w.r.o.CachingOperationNameGenerator - [startingWith,41] - Generating unique operation named: listUsingGET_97
16:54:58.427 [main] INFO  s.d.s.w.r.o.CachingOperationNameGenerator - [startingWith,41] - Generating unique operation named: addUsingPOST_87
16:54:58.433 [main] INFO  s.d.s.w.r.o.CachingOperationNameGenerator - [startingWith,41] - Generating unique operation named: editUsingPUT_87
16:54:58.438 [main] INFO  s.d.s.w.r.o.CachingOperationNameGenerator - [startingWith,41] - Generating unique operation named: exportUsingGET_99
16:54:58.442 [main] INFO  s.d.s.w.r.o.CachingOperationNameGenerator - [startingWith,41] - Generating unique operation named: getInfoUsingGET_93
16:54:58.445 [main] INFO  s.d.s.w.r.o.CachingOperationNameGenerator - [startingWith,41] - Generating unique operation named: removeUsingDELETE_86
16:54:58.452 [main] INFO  s.d.s.w.r.o.CachingOperationNameGenerator - [startingWith,41] - Generating unique operation named: listUsingGET_98
16:54:58.463 [main] INFO  s.d.s.w.r.o.CachingOperationNameGenerator - [startingWith,41] - Generating unique operation named: addUsingPOST_88
16:54:58.468 [main] INFO  s.d.s.w.r.o.CachingOperationNameGenerator - [startingWith,41] - Generating unique operation named: auditUsingPUT_10
16:54:58.484 [main] INFO  s.d.s.w.r.o.CachingOperationNameGenerator - [startingWith,41] - Generating unique operation named: editUsingPUT_88
16:54:58.495 [main] INFO  s.d.s.w.r.o.CachingOperationNameGenerator - [startingWith,41] - Generating unique operation named: exportUsingGET_100
16:54:58.501 [main] INFO  s.d.s.w.r.o.CachingOperationNameGenerator - [startingWith,41] - Generating unique operation named: getInfoUsingGET_94
16:54:58.509 [main] INFO  s.d.s.w.r.o.CachingOperationNameGenerator - [startingWith,41] - Generating unique operation named: removeUsingDELETE_87
16:54:58.513 [main] INFO  s.d.s.w.r.o.CachingOperationNameGenerator - [startingWith,41] - Generating unique operation named: submitUsingPUT_10
16:54:58.518 [main] INFO  s.d.s.w.r.o.CachingOperationNameGenerator - [startingWith,41] - Generating unique operation named: listUsingGET_99
16:54:58.524 [main] INFO  s.d.s.w.r.o.CachingOperationNameGenerator - [startingWith,41] - Generating unique operation named: list4AuditUsingGET_10
16:54:58.532 [main] INFO  s.d.s.w.r.o.CachingOperationNameGenerator - [startingWith,41] - Generating unique operation named: addUsingPOST_89
16:54:58.537 [main] INFO  s.d.s.w.r.o.CachingOperationNameGenerator - [startingWith,41] - Generating unique operation named: editUsingPUT_89
16:54:58.543 [main] INFO  s.d.s.w.r.o.CachingOperationNameGenerator - [startingWith,41] - Generating unique operation named: exportUsingGET_101
16:54:58.551 [main] INFO  s.d.s.w.r.o.CachingOperationNameGenerator - [startingWith,41] - Generating unique operation named: getInfoUsingGET_95
16:54:58.557 [main] INFO  s.d.s.w.r.o.CachingOperationNameGenerator - [startingWith,41] - Generating unique operation named: removeUsingDELETE_88
16:54:58.562 [main] INFO  s.d.s.w.r.o.CachingOperationNameGenerator - [startingWith,41] - Generating unique operation named: listUsingGET_100
16:54:58.570 [main] INFO  s.d.s.w.r.o.CachingOperationNameGenerator - [startingWith,41] - Generating unique operation named: addUsingPOST_90
16:54:58.576 [main] INFO  s.d.s.w.r.o.CachingOperationNameGenerator - [startingWith,41] - Generating unique operation named: editUsingPUT_90
16:54:58.582 [main] INFO  s.d.s.w.r.o.CachingOperationNameGenerator - [startingWith,41] - Generating unique operation named: exportUsingGET_102
16:54:58.591 [main] INFO  s.d.s.w.r.o.CachingOperationNameGenerator - [startingWith,41] - Generating unique operation named: getInfoUsingGET_96
16:54:58.598 [main] INFO  s.d.s.w.r.o.CachingOperationNameGenerator - [startingWith,41] - Generating unique operation named: removeUsingDELETE_89
16:54:58.604 [main] INFO  s.d.s.w.r.o.CachingOperationNameGenerator - [startingWith,41] - Generating unique operation named: listUsingGET_101
16:54:58.614 [main] INFO  s.d.s.w.r.o.CachingOperationNameGenerator - [startingWith,41] - Generating unique operation named: addUsingPOST_91
16:54:58.620 [main] INFO  s.d.s.w.r.o.CachingOperationNameGenerator - [startingWith,41] - Generating unique operation named: auditUsingPUT_11
16:54:58.625 [main] INFO  s.d.s.w.r.o.CachingOperationNameGenerator - [startingWith,41] - Generating unique operation named: editUsingPUT_91
16:54:58.634 [main] INFO  s.d.s.w.r.o.CachingOperationNameGenerator - [startingWith,41] - Generating unique operation named: exportUsingGET_103
16:54:58.646 [main] INFO  s.d.s.w.r.o.CachingOperationNameGenerator - [startingWith,41] - Generating unique operation named: getInfoUsingGET_97
16:54:58.650 [main] INFO  s.d.s.w.r.o.CachingOperationNameGenerator - [startingWith,41] - Generating unique operation named: removeUsingDELETE_90
16:54:58.655 [main] INFO  s.d.s.w.r.o.CachingOperationNameGenerator - [startingWith,41] - Generating unique operation named: submitUsingPUT_11
16:54:58.662 [main] INFO  s.d.s.w.r.o.CachingOperationNameGenerator - [startingWith,41] - Generating unique operation named: listUsingGET_102
16:54:58.671 [main] INFO  s.d.s.w.r.o.CachingOperationNameGenerator - [startingWith,41] - Generating unique operation named: list4AuditUsingGET_11
16:54:58.679 [main] INFO  s.d.s.w.r.o.CachingOperationNameGenerator - [startingWith,41] - Generating unique operation named: addUsingPOST_92
16:54:58.685 [main] INFO  s.d.s.w.r.o.CachingOperationNameGenerator - [startingWith,41] - Generating unique operation named: editUsingPUT_92
16:54:58.690 [main] INFO  s.d.s.w.r.o.CachingOperationNameGenerator - [startingWith,41] - Generating unique operation named: exportUsingGET_104
16:54:58.697 [main] INFO  s.d.s.w.r.o.CachingOperationNameGenerator - [startingWith,41] - Generating unique operation named: getInfoUsingGET_98
16:54:58.700 [main] INFO  s.d.s.w.r.o.CachingOperationNameGenerator - [startingWith,41] - Generating unique operation named: removeUsingDELETE_91
16:54:58.707 [main] INFO  s.d.s.w.r.o.CachingOperationNameGenerator - [startingWith,41] - Generating unique operation named: listUsingGET_103
16:54:58.715 [main] INFO  s.d.s.w.r.o.CachingOperationNameGenerator - [startingWith,41] - Generating unique operation named: addUsingPOST_93
16:54:58.719 [main] INFO  s.d.s.w.r.o.CachingOperationNameGenerator - [startingWith,41] - Generating unique operation named: editUsingPUT_93
16:54:58.724 [main] INFO  s.d.s.w.r.o.CachingOperationNameGenerator - [startingWith,41] - Generating unique operation named: exportUsingGET_105
16:54:58.730 [main] INFO  s.d.s.w.r.o.CachingOperationNameGenerator - [startingWith,41] - Generating unique operation named: getInfoUsingGET_99
16:54:58.733 [main] INFO  s.d.s.w.r.o.CachingOperationNameGenerator - [startingWith,41] - Generating unique operation named: removeUsingDELETE_92
16:54:58.736 [main] INFO  s.d.s.w.r.o.CachingOperationNameGenerator - [startingWith,41] - Generating unique operation named: listUsingGET_104
16:54:58.741 [main] INFO  s.d.s.w.r.o.CachingOperationNameGenerator - [startingWith,41] - Generating unique operation named: addUsingPOST_94
16:54:58.745 [main] INFO  s.d.s.w.r.o.CachingOperationNameGenerator - [startingWith,41] - Generating unique operation named: editUsingPUT_94
16:54:58.752 [main] INFO  s.d.s.w.r.o.CachingOperationNameGenerator - [startingWith,41] - Generating unique operation named: exportUsingGET_106
16:54:58.757 [main] INFO  s.d.s.w.r.o.CachingOperationNameGenerator - [startingWith,41] - Generating unique operation named: getInfoUsingGET_100
16:54:58.762 [main] INFO  s.d.s.w.r.o.CachingOperationNameGenerator - [startingWith,41] - Generating unique operation named: removeUsingDELETE_93
16:54:58.767 [main] INFO  s.d.s.w.r.o.CachingOperationNameGenerator - [startingWith,41] - Generating unique operation named: listUsingGET_105
16:54:58.773 [main] INFO  s.d.s.w.r.o.CachingOperationNameGenerator - [startingWith,41] - Generating unique operation named: addUsingPOST_95
16:54:58.776 [main] INFO  s.d.s.w.r.o.CachingOperationNameGenerator - [startingWith,41] - Generating unique operation named: editUsingPUT_95
16:54:58.781 [main] INFO  s.d.s.w.r.o.CachingOperationNameGenerator - [startingWith,41] - Generating unique operation named: exportUsingGET_107
16:54:58.786 [main] INFO  s.d.s.w.r.o.CachingOperationNameGenerator - [startingWith,41] - Generating unique operation named: getInfoUsingGET_101
16:54:58.789 [main] INFO  s.d.s.w.r.o.CachingOperationNameGenerator - [startingWith,41] - Generating unique operation named: removeUsingDELETE_94
16:54:58.792 [main] INFO  s.d.s.w.r.o.CachingOperationNameGenerator - [startingWith,41] - Generating unique operation named: listUsingGET_106
16:54:58.799 [main] INFO  s.d.s.w.r.o.CachingOperationNameGenerator - [startingWith,41] - Generating unique operation named: addUsingPOST_96
16:54:58.802 [main] INFO  s.d.s.w.r.o.CachingOperationNameGenerator - [startingWith,41] - Generating unique operation named: editUsingPUT_96
16:54:58.812 [main] INFO  s.d.s.w.r.o.CachingOperationNameGenerator - [startingWith,41] - Generating unique operation named: exportUsingGET_108
16:54:58.819 [main] INFO  s.d.s.w.r.o.CachingOperationNameGenerator - [startingWith,41] - Generating unique operation named: getInfoUsingGET_102
16:54:58.824 [main] INFO  s.d.s.w.r.o.CachingOperationNameGenerator - [startingWith,41] - Generating unique operation named: removeUsingDELETE_95
16:54:58.830 [main] INFO  s.d.s.w.r.o.CachingOperationNameGenerator - [startingWith,41] - Generating unique operation named: listUsingGET_107
16:54:58.838 [main] INFO  s.d.s.w.r.o.CachingOperationNameGenerator - [startingWith,41] - Generating unique operation named: addUsingPOST_97
16:54:58.842 [main] INFO  s.d.s.w.r.o.CachingOperationNameGenerator - [startingWith,41] - Generating unique operation named: editUsingPUT_97
16:54:58.847 [main] INFO  s.d.s.w.r.o.CachingOperationNameGenerator - [startingWith,41] - Generating unique operation named: exportUsingGET_109
16:54:58.852 [main] INFO  s.d.s.w.r.o.CachingOperationNameGenerator - [startingWith,41] - Generating unique operation named: getInfoUsingGET_103
16:54:58.857 [main] INFO  s.d.s.w.r.o.CachingOperationNameGenerator - [startingWith,41] - Generating unique operation named: removeUsingDELETE_96
16:54:58.861 [main] INFO  s.d.s.w.r.o.CachingOperationNameGenerator - [startingWith,41] - Generating unique operation named: listUsingGET_108
16:54:58.871 [main] INFO  s.d.s.w.r.o.CachingOperationNameGenerator - [startingWith,41] - Generating unique operation named: addUsingPOST_98
16:54:58.875 [main] INFO  s.d.s.w.r.o.CachingOperationNameGenerator - [startingWith,41] - Generating unique operation named: editUsingPUT_98
16:54:58.882 [main] INFO  s.d.s.w.r.o.CachingOperationNameGenerator - [startingWith,41] - Generating unique operation named: exportUsingGET_110
16:54:58.888 [main] INFO  s.d.s.w.r.o.CachingOperationNameGenerator - [startingWith,41] - Generating unique operation named: getInfoUsingGET_104
16:54:58.896 [main] INFO  s.d.s.w.r.o.CachingOperationNameGenerator - [startingWith,41] - Generating unique operation named: removeUsingDELETE_97
16:54:58.901 [main] INFO  s.d.s.w.r.o.CachingOperationNameGenerator - [startingWith,41] - Generating unique operation named: listUsingGET_109
16:54:58.907 [main] INFO  s.d.s.w.r.o.CachingOperationNameGenerator - [startingWith,41] - Generating unique operation named: addUsingPOST_99
16:54:58.910 [main] INFO  s.d.s.w.r.o.CachingOperationNameGenerator - [startingWith,41] - Generating unique operation named: editUsingPUT_99
16:54:58.915 [main] INFO  s.d.s.w.r.o.CachingOperationNameGenerator - [startingWith,41] - Generating unique operation named: exportUsingGET_111
16:54:58.919 [main] INFO  s.d.s.w.r.o.CachingOperationNameGenerator - [startingWith,41] - Generating unique operation named: getInfoUsingGET_105
16:54:58.922 [main] INFO  s.d.s.w.r.o.CachingOperationNameGenerator - [startingWith,41] - Generating unique operation named: removeUsingDELETE_98
16:54:58.927 [main] INFO  s.d.s.w.r.o.CachingOperationNameGenerator - [startingWith,41] - Generating unique operation named: listUsingGET_110
16:54:58.947 [main] INFO  o.a.c.h.Http11NioProtocol - [log,173] - Starting ProtocolHandler ["http-nio-9090"]
16:54:58.976 [main] INFO  c.neu.NeuApplication - [logStarted,61] - Started NeuApplication in 19.076 seconds (JVM running for 19.562)
16:54:59.971 [Quartz Scheduler [RuoyiScheduler]] INFO  o.q.c.QuartzScheduler - [start,547] - Scheduler RuoyiScheduler_$_LAPTOP-802K4BVQ1778748890572 started.
16:55:15.020 [http-nio-9090-exec-1] INFO  o.a.c.c.C.[.[.[/] - [log,173] - Initializing Spring DispatcherServlet 'dispatcherServlet'
17:42:42.850 [schedule-pool-1] INFO  sys-user - [run,56] - [127.0.0.1]内网IP[admin][Logout][退出成功]
17:42:50.458 [schedule-pool-1] INFO  sys-user - [run,56] - [127.0.0.1]内网IP[admin][Success][登录成功]
17:58:34.488 [background-preinit] INFO  o.h.v.i.util.Version - [<clinit>,21] - HV000001: Hibernate Validator 6.0.21.Final
17:58:34.507 [main] INFO  c.neu.NeuApplication - [logStarting,55] - Starting NeuApplication on LAPTOP-802K4BVQ with PID 30248 (D:\Users\002\Desktop\后端\neu-admin\target\carbon.jar started by 002 in C:\Users\002\.openclaw\workspace)
17:58:34.509 [main] INFO  c.neu.NeuApplication - [logStartupProfileInfo,655] - The following profiles are active: druid
17:58:38.003 [main] INFO  o.a.c.h.Http11NioProtocol - [log,173] - Initializing ProtocolHandler ["http-nio-9090"]
17:58:38.004 [main] INFO  o.a.c.c.StandardService - [log,173] - Starting service [Tomcat]
17:58:38.005 [main] INFO  o.a.c.c.StandardEngine - [log,173] - Starting Servlet engine: [Apache Tomcat/9.0.41]
17:58:38.092 [main] INFO  o.a.c.c.C.[.[.[/] - [log,173] - Initializing Spring embedded WebApplicationContext
17:58:41.761 [main] INFO  c.a.d.p.DruidDataSource - [init,985] - {dataSource-1} inited
17:58:42.137 [main] INFO  i.l.c.EpollProvider - [<clinit>,68] - Starting without optional epoll library
17:58:42.139 [main] INFO  i.l.c.KqueueProvider - [<clinit>,70] - Starting without optional kqueue library
17:58:44.695 [main] INFO  o.q.i.StdSchedulerFactory - [instantiate,1220] - Using default implementation for ThreadExecutor
17:58:44.724 [main] INFO  o.q.c.SchedulerSignalerImpl - [<init>,61] - Initialized Scheduler Signaller of type: class org.quartz.core.SchedulerSignalerImpl
17:58:44.724 [main] INFO  o.q.c.QuartzScheduler - [<init>,229] - Quartz Scheduler v.2.3.2 created.
17:58:44.734 [main] INFO  o.q.c.QuartzScheduler - [initialize,294] - Scheduler meta-data: Quartz Scheduler (v2.3.2) 'RuoyiScheduler' with instanceId 'LAPTOP-802K4BVQ1778752724698'
  Scheduler class: 'org.quartz.core.QuartzScheduler' - running locally.
  NOT STARTED.
  Currently in standby mode.
  Number of jobs executed: 0
  Using thread pool 'org.quartz.simpl.SimpleThreadPool' - with 20 threads.
  Using job-store 'org.springframework.scheduling.quartz.LocalDataSourceJobStore' - which supports persistence. and is clustered.

17:58:44.735 [main] INFO  o.q.i.StdSchedulerFactory - [instantiate,1374] - Quartz scheduler 'RuoyiScheduler' initialized from an externally provided properties instance.
17:58:44.735 [main] INFO  o.q.i.StdSchedulerFactory - [instantiate,1378] - Quartz scheduler version: 2.3.2
17:58:44.737 [main] INFO  o.q.c.QuartzScheduler - [setJobFactory,2293] - JobFactory set to: org.springframework.scheduling.quartz.AdaptableJobFactory@54f5f647
17:58:47.366 [main] INFO  s.d.s.w.WebMvcPropertySourcedRequestMappingHandlerMapping - [initHandlerMethods,69] - Mapped URL path [/v2/api-docs] onto method [springfox.documentation.swagger2.web.Swagger2ControllerWebMvc#getDocumentation(String, HttpServletRequest)]
17:58:48.441 [main] INFO  s.d.s.w.p.DocumentationPluginsBootstrapper - [start,93] - Documentation plugins bootstrapped
17:58:48.449 [main] INFO  s.d.s.w.p.DocumentationPluginsBootstrapper - [bootstrapDocumentationPlugins,79] - Found 1 custom documentation plugin(s)
17:58:48.754 [main] INFO  s.d.s.w.s.ApiListingReferenceScanner - [scan,44] - Scanning for api listing references
17:58:49.146 [main] INFO  s.d.s.w.r.o.CachingOperationNameGenerator - [startingWith,41] - Generating unique operation named: getInfoUsingGET_1
17:58:49.191 [main] INFO  s.d.s.w.r.o.CachingOperationNameGenerator - [startingWith,41] - Generating unique operation named: addUsingPOST_1
17:58:49.197 [main] INFO  s.d.s.w.r.o.CachingOperationNameGenerator - [startingWith,41] - Generating unique operation named: editUsingPUT_1
17:58:49.223 [main] INFO  s.d.s.w.r.o.CachingOperationNameGenerator - [startingWith,41] - Generating unique operation named: exportUsingGET_1
17:58:49.253 [main] INFO  s.d.s.w.r.o.CachingOperationNameGenerator - [startingWith,41] - Generating unique operation named: getInfoUsingGET_2
17:58:49.261 [main] INFO  s.d.s.w.r.o.CachingOperationNameGenerator - [startingWith,41] - Generating unique operation named: removeUsingDELETE_1
17:58:49.295 [main] INFO  s.d.s.w.r.o.CachingOperationNameGenerator - [startingWith,41] - Generating unique operation named: listUsingGET_1
17:58:49.323 [main] INFO  s.d.s.w.r.o.CachingOperationNameGenerator - [startingWith,41] - Generating unique operation named: addUsingPOST_2
17:58:49.329 [main] INFO  s.d.s.w.r.o.CachingOperationNameGenerator - [startingWith,41] - Generating unique operation named: editUsingPUT_2
17:58:49.333 [main] INFO  s.d.s.w.r.o.CachingOperationNameGenerator - [startingWith,41] - Generating unique operation named: exportUsingGET_2
17:58:49.337 [main] INFO  s.d.s.w.r.o.CachingOperationNameGenerator - [startingWith,41] - Generating unique operation named: getInfoUsingGET_3
17:58:49.342 [main] INFO  s.d.s.w.r.o.CachingOperationNameGenerator - [startingWith,41] - Generating unique operation named: removeUsingDELETE_2
17:58:49.346 [main] INFO  s.d.s.w.r.o.CachingOperationNameGenerator - [startingWith,41] - Generating unique operation named: listUsingGET_2
17:58:49.368 [main] INFO  s.d.s.w.r.o.CachingOperationNameGenerator - [startingWith,41] - Generating unique operation named: addUsingPOST_3
17:58:49.374 [main] INFO  s.d.s.w.r.o.CachingOperationNameGenerator - [startingWith,41] - Generating unique operation named: editUsingPUT_3
17:58:49.382 [main] INFO  s.d.s.w.r.o.CachingOperationNameGenerator - [startingWith,41] - Generating unique operation named: exportUsingGET_3
17:58:49.398 [main] INFO  s.d.s.w.r.o.CachingOperationNameGenerator - [startingWith,41] - Generating unique operation named: frontGetInfoUsingGET_1
17:58:49.404 [main] INFO  s.d.s.w.r.o.CachingOperationNameGenerator - [startingWith,41] - Generating unique operation named: getInfoUsingGET_4
17:58:49.407 [main] INFO  s.d.s.w.r.o.CachingOperationNameGenerator - [startingWith,41] - Generating unique operation named: removeUsingDELETE_3
17:58:49.411 [main] INFO  s.d.s.w.r.o.CachingOperationNameGenerator - [startingWith,41] - Generating unique operation named: frontListUsingGET_1
17:58:49.416 [main] INFO  s.d.s.w.r.o.CachingOperationNameGenerator - [startingWith,41] - Generating unique operation named: listUsingGET_3
17:58:49.423 [main] INFO  s.d.s.w.r.o.CachingOperationNameGenerator - [startingWith,41] - Generating unique operation named: addUsingPOST_4
17:58:49.425 [main] INFO  s.d.s.w.r.o.CachingOperationNameGenerator - [startingWith,41] - Generating unique operation named: editUsingPUT_4
17:58:49.428 [main] INFO  s.d.s.w.r.o.CachingOperationNameGenerator - [startingWith,41] - Generating unique operation named: exportUsingGET_4
17:58:49.434 [main] INFO  s.d.s.w.r.o.CachingOperationNameGenerator - [startingWith,41] - Generating unique operation named: getInfoUsingGET_5
17:58:49.437 [main] INFO  s.d.s.w.r.o.CachingOperationNameGenerator - [startingWith,41] - Generating unique operation named: removeUsingDELETE_4
17:58:49.442 [main] INFO  s.d.s.w.r.o.CachingOperationNameGenerator - [startingWith,41] - Generating unique operation named: listUsingGET_4
17:58:49.449 [main] INFO  s.d.s.w.r.o.CachingOperationNameGenerator - [startingWith,41] - Generating unique operation named: addUsingPOST_5
17:58:49.453 [main] INFO  s.d.s.w.r.o.CachingOperationNameGenerator - [startingWith,41] - Generating unique operation named: editUsingPUT_5
17:58:49.460 [main] INFO  s.d.s.w.r.o.CachingOperationNameGenerator - [startingWith,41] - Generating unique operation named: exportUsingGET_5
17:58:49.469 [main] INFO  s.d.s.w.r.o.CachingOperationNameGenerator - [startingWith,41] - Generating unique operation named: frontGetInfoUsingGET_2
17:58:49.472 [main] INFO  s.d.s.w.r.o.CachingOperationNameGenerator - [startingWith,41] - Generating unique operation named: getInfoUsingGET_6
17:58:49.475 [main] INFO  s.d.s.w.r.o.CachingOperationNameGenerator - [startingWith,41] - Generating unique operation named: removeUsingDELETE_5
17:58:49.484 [main] INFO  s.d.s.w.r.o.CachingOperationNameGenerator - [startingWith,41] - Generating unique operation named: frontListUsingGET_2
17:58:49.495 [main] INFO  s.d.s.w.r.o.CachingOperationNameGenerator - [startingWith,41] - Generating unique operation named: listUsingGET_5
17:58:49.501 [main] INFO  s.d.s.w.r.o.CachingOperationNameGenerator - [startingWith,41] - Generating unique operation named: addUsingPOST_6
17:58:49.505 [main] INFO  s.d.s.w.r.o.CachingOperationNameGenerator - [startingWith,41] - Generating unique operation named: editUsingPUT_6
17:58:49.508 [main] INFO  s.d.s.w.r.o.CachingOperationNameGenerator - [startingWith,41] - Generating unique operation named: exportUsingGET_6
17:58:49.513 [main] INFO  s.d.s.w.r.o.CachingOperationNameGenerator - [startingWith,41] - Generating unique operation named: getInfoUsingGET_7
17:58:49.516 [main] INFO  s.d.s.w.r.o.CachingOperationNameGenerator - [startingWith,41] - Generating unique operation named: removeUsingDELETE_6
17:58:49.522 [main] INFO  s.d.s.w.r.o.CachingOperationNameGenerator - [startingWith,41] - Generating unique operation named: listUsingGET_6
17:58:49.526 [main] INFO  s.d.s.w.r.o.CachingOperationNameGenerator - [startingWith,41] - Generating unique operation named: addUsingPOST_7
17:58:49.530 [main] INFO  s.d.s.w.r.o.CachingOperationNameGenerator - [startingWith,41] - Generating unique operation named: editUsingPUT_7
17:58:49.533 [main] INFO  s.d.s.w.r.o.CachingOperationNameGenerator - [startingWith,41] - Generating unique operation named: exportUsingGET_7
17:58:49.538 [main] INFO  s.d.s.w.r.o.CachingOperationNameGenerator - [startingWith,41] - Generating unique operation named: frontAddUsingPOST_1
17:58:49.544 [main] INFO  s.d.s.w.r.o.CachingOperationNameGenerator - [startingWith,41] - Generating unique operation named: frontGetInfoUsingGET_3
17:58:49.547 [main] INFO  s.d.s.w.r.o.CachingOperationNameGenerator - [startingWith,41] - Generating unique operation named: getInfoUsingGET_8
17:58:49.551 [main] INFO  s.d.s.w.r.o.CachingOperationNameGenerator - [startingWith,41] - Generating unique operation named: removeUsingDELETE_7
17:58:49.555 [main] INFO  s.d.s.w.r.o.CachingOperationNameGenerator - [startingWith,41] - Generating unique operation named: frontListUsingGET_3
17:58:49.559 [main] INFO  s.d.s.w.r.o.CachingOperationNameGenerator - [startingWith,41] - Generating unique operation named: listUsingGET_7
17:58:49.566 [main] INFO  s.d.s.w.r.o.CachingOperationNameGenerator - [startingWith,41] - Generating unique operation named: addUsingPOST_8
17:58:49.571 [main] INFO  s.d.s.w.r.o.CachingOperationNameGenerator - [startingWith,41] - Generating unique operation named: editUsingPUT_8
17:58:49.578 [main] INFO  s.d.s.w.r.o.CachingOperationNameGenerator - [startingWith,41] - Generating unique operation named: exportUsingGET_8
17:58:49.584 [main] INFO  s.d.s.w.r.o.CachingOperationNameGenerator - [startingWith,41] - Generating unique operation named: frontGetInfoUsingGET_4
17:58:49.589 [main] INFO  s.d.s.w.r.o.CachingOperationNameGenerator - [startingWith,41] - Generating unique operation named: getInfoUsingGET_9
17:58:49.591 [main] INFO  s.d.s.w.r.o.CachingOperationNameGenerator - [startingWith,41] - Generating unique operation named: removeUsingDELETE_8
17:58:49.596 [main] INFO  s.d.s.w.r.o.CachingOperationNameGenerator - [startingWith,41] - Generating unique operation named: frontListUsingGET_4
17:58:49.602 [main] INFO  s.d.s.w.r.o.CachingOperationNameGenerator - [startingWith,41] - Generating unique operation named: listUsingGET_8
17:58:49.610 [main] INFO  s.d.s.w.r.o.CachingOperationNameGenerator - [startingWith,41] - Generating unique operation named: addUsingPOST_9
17:58:49.614 [main] INFO  s.d.s.w.r.o.CachingOperationNameGenerator - [startingWith,41] - Generating unique operation named: editUsingPUT_9
17:58:49.620 [main] INFO  s.d.s.w.r.o.CachingOperationNameGenerator - [startingWith,41] - Generating unique operation named: exportUsingGET_9
17:58:49.627 [main] INFO  s.d.s.w.r.o.CachingOperationNameGenerator - [startingWith,41] - Generating unique operation named: frontGetInfoUsingGET_5
17:58:49.632 [main] INFO  s.d.s.w.r.o.CachingOperationNameGenerator - [startingWith,41] - Generating unique operation named: getInfoUsingGET_10
17:58:49.642 [main] INFO  s.d.s.w.r.o.CachingOperationNameGenerator - [startingWith,41] - Generating unique operation named: removeUsingDELETE_9
17:58:49.650 [main] INFO  s.d.s.w.r.o.CachingOperationNameGenerator - [startingWith,41] - Generating unique operation named: frontListUsingGET_5
17:58:49.656 [main] INFO  s.d.s.w.r.o.CachingOperationNameGenerator - [startingWith,41] - Generating unique operation named: listUsingGET_9
17:58:49.663 [main] INFO  s.d.s.w.r.o.CachingOperationNameGenerator - [startingWith,41] - Generating unique operation named: addUsingPOST_10
17:58:49.667 [main] INFO  s.d.s.w.r.o.CachingOperationNameGenerator - [startingWith,41] - Generating unique operation named: editUsingPUT_10
17:58:49.672 [main] INFO  s.d.s.w.r.o.CachingOperationNameGenerator - [startingWith,41] - Generating unique operation named: exportUsingGET_10
17:58:49.682 [main] INFO  s.d.s.w.r.o.CachingOperationNameGenerator - [startingWith,41] - Generating unique operation named: getInfoUsingGET_11
17:58:49.697 [main] INFO  s.d.s.w.r.o.CachingOperationNameGenerator - [startingWith,41] - Generating unique operation named: removeUsingDELETE_10
17:58:49.703 [main] INFO  s.d.s.w.r.o.CachingOperationNameGenerator - [startingWith,41] - Generating unique operation named: listUsingGET_10
17:58:49.709 [main] INFO  s.d.s.w.r.o.CachingOperationNameGenerator - [startingWith,41] - Generating unique operation named: addUsingPOST_11
17:58:49.713 [main] INFO  s.d.s.w.r.o.CachingOperationNameGenerator - [startingWith,41] - Generating unique operation named: editUsingPUT_11
17:58:49.720 [main] INFO  s.d.s.w.r.o.CachingOperationNameGenerator - [startingWith,41] - Generating unique operation named: exportUsingGET_11
17:58:49.725 [main] INFO  s.d.s.w.r.o.CachingOperationNameGenerator - [startingWith,41] - Generating unique operation named: getInfoUsingGET_12
17:58:49.727 [main] INFO  s.d.s.w.r.o.CachingOperationNameGenerator - [startingWith,41] - Generating unique operation named: removeUsingDELETE_11
17:58:49.732 [main] INFO  s.d.s.w.r.o.CachingOperationNameGenerator - [startingWith,41] - Generating unique operation named: listUsingGET_11
17:58:49.738 [main] INFO  s.d.s.w.r.o.CachingOperationNameGenerator - [startingWith,41] - Generating unique operation named: addUsingPOST_12
17:58:49.743 [main] INFO  s.d.s.w.r.o.CachingOperationNameGenerator - [startingWith,41] - Generating unique operation named: editUsingPUT_12
17:58:49.751 [main] INFO  s.d.s.w.r.o.CachingOperationNameGenerator - [startingWith,41] - Generating unique operation named: exportUsingGET_12
17:58:49.757 [main] INFO  s.d.s.w.r.o.CachingOperationNameGenerator - [startingWith,41] - Generating unique operation named: frontGetInfoUsingGET_6
17:58:49.761 [main] INFO  s.d.s.w.r.o.CachingOperationNameGenerator - [startingWith,41] - Generating unique operation named: getInfoUsingGET_13
17:58:49.766 [main] INFO  s.d.s.w.r.o.CachingOperationNameGenerator - [startingWith,41] - Generating unique operation named: removeUsingDELETE_12
17:58:49.771 [main] INFO  s.d.s.w.r.o.CachingOperationNameGenerator - [startingWith,41] - Generating unique operation named: frontListUsingGET_6
17:58:49.774 [main] INFO  s.d.s.w.r.o.CachingOperationNameGenerator - [startingWith,41] - Generating unique operation named: listUsingGET_12
17:58:49.786 [main] INFO  s.d.s.w.r.o.CachingOperationNameGenerator - [startingWith,41] - Generating unique operation named: addUsingPOST_13
17:58:49.790 [main] INFO  s.d.s.w.r.o.CachingOperationNameGenerator - [startingWith,41] - Generating unique operation named: editUsingPUT_13
17:58:49.797 [main] INFO  s.d.s.w.r.o.CachingOperationNameGenerator - [startingWith,41] - Generating unique operation named: exportUsingGET_13
17:58:49.805 [main] INFO  s.d.s.w.r.o.CachingOperationNameGenerator - [startingWith,41] - Generating unique operation named: frontGetInfoUsingGET_7
17:58:49.808 [main] INFO  s.d.s.w.r.o.CachingOperationNameGenerator - [startingWith,41] - Generating unique operation named: getInfoUsingGET_14
17:58:49.811 [main] INFO  s.d.s.w.r.o.CachingOperationNameGenerator - [startingWith,41] - Generating unique operation named: removeUsingDELETE_13
17:58:49.817 [main] INFO  s.d.s.w.r.o.CachingOperationNameGenerator - [startingWith,41] - Generating unique operation named: frontListUsingGET_7
17:58:49.821 [main] INFO  s.d.s.w.r.o.CachingOperationNameGenerator - [startingWith,41] - Generating unique operation named: listUsingGET_13
17:58:49.825 [main] INFO  s.d.s.w.r.o.CachingOperationNameGenerator - [startingWith,41] - Generating unique operation named: addUsingPOST_14
17:58:49.828 [main] INFO  s.d.s.w.r.o.CachingOperationNameGenerator - [startingWith,41] - Generating unique operation named: editUsingPUT_14
17:58:49.831 [main] INFO  s.d.s.w.r.o.CachingOperationNameGenerator - [startingWith,41] - Generating unique operation named: exportUsingGET_14
17:58:49.837 [main] INFO  s.d.s.w.r.o.CachingOperationNameGenerator - [startingWith,41] - Generating unique operation named: getInfoUsingGET_15
17:58:49.840 [main] INFO  s.d.s.w.r.o.CachingOperationNameGenerator - [startingWith,41] - Generating unique operation named: removeUsingDELETE_14
17:58:49.848 [main] INFO  s.d.s.w.r.o.CachingOperationNameGenerator - [startingWith,41] - Generating unique operation named: listUsingGET_14
17:58:49.865 [main] INFO  s.d.s.w.r.o.CachingOperationNameGenerator - [startingWith,41] - Generating unique operation named: addUsingPOST_15
17:58:49.870 [main] INFO  s.d.s.w.r.o.CachingOperationNameGenerator - [startingWith,41] - Generating unique operation named: editUsingPUT_15
17:58:49.874 [main] INFO  s.d.s.w.r.o.CachingOperationNameGenerator - [startingWith,41] - Generating unique operation named: exportUsingGET_15
17:58:49.879 [main] INFO  s.d.s.w.r.o.CachingOperationNameGenerator - [startingWith,41] - Generating unique operation named: getInfoUsingGET_16
17:58:49.883 [main] INFO  s.d.s.w.r.o.CachingOperationNameGenerator - [startingWith,41] - Generating unique operation named: removeUsingDELETE_15
17:58:49.889 [main] INFO  s.d.s.w.r.o.CachingOperationNameGenerator - [startingWith,41] - Generating unique operation named: listUsingGET_15
17:58:49.898 [main] INFO  s.d.s.w.r.o.CachingOperationNameGenerator - [startingWith,41] - Generating unique operation named: addUsingPOST_16
17:58:49.903 [main] INFO  s.d.s.w.r.o.CachingOperationNameGenerator - [startingWith,41] - Generating unique operation named: editUsingPUT_16
17:58:49.908 [main] INFO  s.d.s.w.r.o.CachingOperationNameGenerator - [startingWith,41] - Generating unique operation named: exportUsingGET_16
17:58:49.914 [main] INFO  s.d.s.w.r.o.CachingOperationNameGenerator - [startingWith,41] - Generating unique operation named: getInfoUsingGET_17
17:58:49.918 [main] INFO  s.d.s.w.r.o.CachingOperationNameGenerator - [startingWith,41] - Generating unique operation named: removeUsingDELETE_16
17:58:49.923 [main] INFO  s.d.s.w.r.o.CachingOperationNameGenerator - [startingWith,41] - Generating unique operation named: listUsingGET_16
17:58:49.928 [main] INFO  s.d.s.w.r.o.CachingOperationNameGenerator - [startingWith,41] - Generating unique operation named: addUsingPOST_17
17:58:49.932 [main] INFO  s.d.s.w.r.o.CachingOperationNameGenerator - [startingWith,41] - Generating unique operation named: editUsingPUT_17
17:58:49.938 [main] INFO  s.d.s.w.r.o.CachingOperationNameGenerator - [startingWith,41] - Generating unique operation named: exportUsingGET_17
17:58:49.944 [main] INFO  s.d.s.w.r.o.CachingOperationNameGenerator - [startingWith,41] - Generating unique operation named: getInfoUsingGET_18
17:58:49.947 [main] INFO  s.d.s.w.r.o.CachingOperationNameGenerator - [startingWith,41] - Generating unique operation named: removeUsingDELETE_17
17:58:49.953 [main] INFO  s.d.s.w.r.o.CachingOperationNameGenerator - [startingWith,41] - Generating unique operation named: listUsingGET_17
17:58:49.961 [main] INFO  s.d.s.w.r.o.CachingOperationNameGenerator - [startingWith,41] - Generating unique operation named: addUsingPOST_18
17:58:49.966 [main] INFO  s.d.s.w.r.o.CachingOperationNameGenerator - [startingWith,41] - Generating unique operation named: editUsingPUT_18
17:58:49.973 [main] INFO  s.d.s.w.r.o.CachingOperationNameGenerator - [startingWith,41] - Generating unique operation named: exportUsingGET_18
17:58:49.980 [main] INFO  s.d.s.w.r.o.CachingOperationNameGenerator - [startingWith,41] - Generating unique operation named: getInfoUsingGET_19
17:58:49.985 [main] INFO  s.d.s.w.r.o.CachingOperationNameGenerator - [startingWith,41] - Generating unique operation named: removeUsingDELETE_18
17:58:49.990 [main] INFO  s.d.s.w.r.o.CachingOperationNameGenerator - [startingWith,41] - Generating unique operation named: listUsingGET_18
17:58:50.000 [main] INFO  s.d.s.w.r.o.CachingOperationNameGenerator - [startingWith,41] - Generating unique operation named: addUsingPOST_19
17:58:50.005 [main] INFO  s.d.s.w.r.o.CachingOperationNameGenerator - [startingWith,41] - Generating unique operation named: editUsingPUT_19
17:58:50.012 [main] INFO  s.d.s.w.r.o.CachingOperationNameGenerator - [startingWith,41] - Generating unique operation named: exportUsingGET_19
17:58:50.016 [main] INFO  s.d.s.w.r.o.CachingOperationNameGenerator - [startingWith,41] - Generating unique operation named: removeUsingDELETE_19
17:58:50.023 [main] INFO  s.d.s.w.r.o.CachingOperationNameGenerator - [startingWith,41] - Generating unique operation named: getInfoUsingGET_20
17:58:50.027 [main] INFO  s.d.s.w.r.o.CachingOperationNameGenerator - [startingWith,41] - Generating unique operation named: listUsingGET_19
17:58:50.035 [main] INFO  s.d.s.w.r.o.CachingOperationNameGenerator - [startingWith,41] - Generating unique operation named: addUsingPOST_20
17:58:50.039 [main] INFO  s.d.s.w.r.o.CachingOperationNameGenerator - [startingWith,41] - Generating unique operation named: editUsingPUT_20
17:58:50.047 [main] INFO  s.d.s.w.r.o.CachingOperationNameGenerator - [startingWith,41] - Generating unique operation named: exportUsingGET_20
17:58:50.053 [main] INFO  s.d.s.w.r.o.CachingOperationNameGenerator - [startingWith,41] - Generating unique operation named: getInfoUsingGET_21
17:58:50.056 [main] INFO  s.d.s.w.r.o.CachingOperationNameGenerator - [startingWith,41] - Generating unique operation named: removeUsingDELETE_20
17:58:50.060 [main] INFO  s.d.s.w.r.o.CachingOperationNameGenerator - [startingWith,41] - Generating unique operation named: listUsingGET_20
17:58:50.073 [main] INFO  s.d.s.w.r.o.CachingOperationNameGenerator - [startingWith,41] - Generating unique operation named: addUsingPOST_21
17:58:50.077 [main] INFO  s.d.s.w.r.o.CachingOperationNameGenerator - [startingWith,41] - Generating unique operation named: getInfoUsingGET_22
17:58:50.123 [main] INFO  s.d.s.w.r.o.CachingOperationNameGenerator - [startingWith,41] - Generating unique operation named: frontListUsingGET_8
17:58:50.172 [main] INFO  s.d.s.w.r.o.CachingOperationNameGenerator - [startingWith,41] - Generating unique operation named: addUsingPOST_22
17:58:50.178 [main] INFO  s.d.s.w.r.o.CachingOperationNameGenerator - [startingWith,41] - Generating unique operation named: editUsingPUT_21
17:58:50.185 [main] INFO  s.d.s.w.r.o.CachingOperationNameGenerator - [startingWith,41] - Generating unique operation named: exportUsingGET_21
17:58:50.191 [main] INFO  s.d.s.w.r.o.CachingOperationNameGenerator - [startingWith,41] - Generating unique operation named: getInfoUsingGET_23
17:58:50.194 [main] INFO  s.d.s.w.r.o.CachingOperationNameGenerator - [startingWith,41] - Generating unique operation named: removeUsingDELETE_21
17:58:50.200 [main] INFO  s.d.s.w.r.o.CachingOperationNameGenerator - [startingWith,41] - Generating unique operation named: listUsingGET_21
17:58:50.208 [main] INFO  s.d.s.w.r.o.CachingOperationNameGenerator - [startingWith,41] - Generating unique operation named: addUsingPOST_23
17:58:50.214 [main] INFO  s.d.s.w.r.o.CachingOperationNameGenerator - [startingWith,41] - Generating unique operation named: editUsingPUT_22
17:58:50.218 [main] INFO  s.d.s.w.r.o.CachingOperationNameGenerator - [startingWith,41] - Generating unique operation named: exportUsingGET_22
17:58:50.222 [main] INFO  s.d.s.w.r.o.CachingOperationNameGenerator - [startingWith,41] - Generating unique operation named: getInfoUsingGET_24
17:58:50.226 [main] INFO  s.d.s.w.r.o.CachingOperationNameGenerator - [startingWith,41] - Generating unique operation named: removeUsingDELETE_22
17:58:50.231 [main] INFO  s.d.s.w.r.o.CachingOperationNameGenerator - [startingWith,41] - Generating unique operation named: listUsingGET_22
17:58:50.239 [main] INFO  s.d.s.w.r.o.CachingOperationNameGenerator - [startingWith,41] - Generating unique operation named: addUsingPOST_24
17:58:50.244 [main] INFO  s.d.s.w.r.o.CachingOperationNameGenerator - [startingWith,41] - Generating unique operation named: editUsingPUT_23
17:58:50.253 [main] INFO  s.d.s.w.r.o.CachingOperationNameGenerator - [startingWith,41] - Generating unique operation named: exportUsingGET_23
17:58:50.260 [main] INFO  s.d.s.w.r.o.CachingOperationNameGenerator - [startingWith,41] - Generating unique operation named: getInfoUsingGET_25
17:58:50.266 [main] INFO  s.d.s.w.r.o.CachingOperationNameGenerator - [startingWith,41] - Generating unique operation named: removeUsingDELETE_23
17:58:50.271 [main] INFO  s.d.s.w.r.o.CachingOperationNameGenerator - [startingWith,41] - Generating unique operation named: listUsingGET_23
17:58:50.279 [main] INFO  s.d.s.w.r.o.CachingOperationNameGenerator - [startingWith,41] - Generating unique operation named: addUsingPOST_25
17:58:50.283 [main] INFO  s.d.s.w.r.o.CachingOperationNameGenerator - [startingWith,41] - Generating unique operation named: editUsingPUT_24
17:58:50.290 [main] INFO  s.d.s.w.r.o.CachingOperationNameGenerator - [startingWith,41] - Generating unique operation named: exportUsingGET_24
17:58:50.296 [main] INFO  s.d.s.w.r.o.CachingOperationNameGenerator - [startingWith,41] - Generating unique operation named: getInfoUsingGET_26
17:58:50.301 [main] INFO  s.d.s.w.r.o.CachingOperationNameGenerator - [startingWith,41] - Generating unique operation named: removeUsingDELETE_24
17:58:50.307 [main] INFO  s.d.s.w.r.o.CachingOperationNameGenerator - [startingWith,41] - Generating unique operation named: listUsingGET_24
17:58:50.312 [main] INFO  s.d.s.w.r.o.CachingOperationNameGenerator - [startingWith,41] - Generating unique operation named: addUsingPOST_26
17:58:50.317 [main] INFO  s.d.s.w.r.o.CachingOperationNameGenerator - [startingWith,41] - Generating unique operation named: editUsingPUT_25
17:58:50.321 [main] INFO  s.d.s.w.r.o.CachingOperationNameGenerator - [startingWith,41] - Generating unique operation named: exportUsingGET_25
17:58:50.325 [main] INFO  s.d.s.w.r.o.CachingOperationNameGenerator - [startingWith,41] - Generating unique operation named: getInfoUsingGET_27
17:58:50.329 [main] INFO  s.d.s.w.r.o.CachingOperationNameGenerator - [startingWith,41] - Generating unique operation named: removeUsingDELETE_25
17:58:50.335 [main] INFO  s.d.s.w.r.o.CachingOperationNameGenerator - [startingWith,41] - Generating unique operation named: listUsingGET_25
17:58:50.342 [main] INFO  s.d.s.w.r.o.CachingOperationNameGenerator - [startingWith,41] - Generating unique operation named: addUsingPOST_27
17:58:50.344 [main] INFO  s.d.s.w.r.o.CachingOperationNameGenerator - [startingWith,41] - Generating unique operation named: editUsingPUT_26
17:58:50.352 [main] INFO  s.d.s.w.r.o.CachingOperationNameGenerator - [startingWith,41] - Generating unique operation named: exportUsingGET_26
17:58:50.357 [main] INFO  s.d.s.w.r.o.CachingOperationNameGenerator - [startingWith,41] - Generating unique operation named: getInfoUsingGET_28
17:58:50.361 [main] INFO  s.d.s.w.r.o.CachingOperationNameGenerator - [startingWith,41] - Generating unique operation named: removeUsingDELETE_26
17:58:50.367 [main] INFO  s.d.s.w.r.o.CachingOperationNameGenerator - [startingWith,41] - Generating unique operation named: listUsingGET_26
17:58:50.375 [main] INFO  s.d.s.w.r.o.CachingOperationNameGenerator - [startingWith,41] - Generating unique operation named: addUsingPOST_28
17:58:50.379 [main] INFO  s.d.s.w.r.o.CachingOperationNameGenerator - [startingWith,41] - Generating unique operation named: editUsingPUT_27
17:58:50.385 [main] INFO  s.d.s.w.r.o.CachingOperationNameGenerator - [startingWith,41] - Generating unique operation named: exportUsingGET_27
17:58:50.390 [main] INFO  s.d.s.w.r.o.CachingOperationNameGenerator - [startingWith,41] - Generating unique operation named: getInfoUsingGET_29
17:58:50.394 [main] INFO  s.d.s.w.r.o.CachingOperationNameGenerator - [startingWith,41] - Generating unique operation named: removeUsingDELETE_27
17:58:50.400 [main] INFO  s.d.s.w.r.o.CachingOperationNameGenerator - [startingWith,41] - Generating unique operation named: listUsingGET_27
17:58:50.406 [main] INFO  s.d.s.w.r.o.CachingOperationNameGenerator - [startingWith,41] - Generating unique operation named: addUsingPOST_29
17:58:50.411 [main] INFO  s.d.s.w.r.o.CachingOperationNameGenerator - [startingWith,41] - Generating unique operation named: editUsingPUT_28
17:58:50.420 [main] INFO  s.d.s.w.r.o.CachingOperationNameGenerator - [startingWith,41] - Generating unique operation named: exportUsingGET_28
17:58:50.426 [main] INFO  s.d.s.w.r.o.CachingOperationNameGenerator - [startingWith,41] - Generating unique operation named: getInfoUsingGET_30
17:58:50.430 [main] INFO  s.d.s.w.r.o.CachingOperationNameGenerator - [startingWith,41] - Generating unique operation named: removeUsingDELETE_28
17:58:50.435 [main] INFO  s.d.s.w.r.o.CachingOperationNameGenerator - [startingWith,41] - Generating unique operation named: listUsingGET_28
17:58:50.481 [main] INFO  s.d.s.w.r.o.CachingOperationNameGenerator - [startingWith,41] - Generating unique operation named: exportUsingGET_29
17:58:50.491 [main] INFO  s.d.s.w.r.o.CachingOperationNameGenerator - [startingWith,41] - Generating unique operation named: listUsingGET_29
17:58:50.500 [main] INFO  s.d.s.w.r.o.CachingOperationNameGenerator - [startingWith,41] - Generating unique operation named: addUsingPOST_30
17:58:50.504 [main] INFO  s.d.s.w.r.o.CachingOperationNameGenerator - [startingWith,41] - Generating unique operation named: editUsingPUT_29
17:58:50.509 [main] INFO  s.d.s.w.r.o.CachingOperationNameGenerator - [startingWith,41] - Generating unique operation named: exportUsingGET_30
17:58:50.516 [main] INFO  s.d.s.w.r.o.CachingOperationNameGenerator - [startingWith,41] - Generating unique operation named: getInfoUsingGET_31
17:58:50.521 [main] INFO  s.d.s.w.r.o.CachingOperationNameGenerator - [startingWith,41] - Generating unique operation named: removeUsingDELETE_29
17:58:50.525 [main] INFO  s.d.s.w.r.o.CachingOperationNameGenerator - [startingWith,41] - Generating unique operation named: listUsingGET_30
17:58:50.532 [main] INFO  s.d.s.w.r.o.CachingOperationNameGenerator - [startingWith,41] - Generating unique operation named: addUsingPOST_31
17:58:50.537 [main] INFO  s.d.s.w.r.o.CachingOperationNameGenerator - [startingWith,41] - Generating unique operation named: editUsingPUT_30
17:58:50.542 [main] INFO  s.d.s.w.r.o.CachingOperationNameGenerator - [startingWith,41] - Generating unique operation named: exportUsingGET_31
17:58:50.549 [main] INFO  s.d.s.w.r.o.CachingOperationNameGenerator - [startingWith,41] - Generating unique operation named: getInfoUsingGET_32
17:58:50.553 [main] INFO  s.d.s.w.r.o.CachingOperationNameGenerator - [startingWith,41] - Generating unique operation named: removeUsingDELETE_30
17:58:50.557 [main] INFO  s.d.s.w.r.o.CachingOperationNameGenerator - [startingWith,41] - Generating unique operation named: listUsingGET_31
17:58:50.563 [main] INFO  s.d.s.w.r.o.CachingOperationNameGenerator - [startingWith,41] - Generating unique operation named: addUsingPOST_32
17:58:50.568 [main] INFO  s.d.s.w.r.o.CachingOperationNameGenerator - [startingWith,41] - Generating unique operation named: editUsingPUT_31
17:58:50.576 [main] INFO  s.d.s.w.r.o.CachingOperationNameGenerator - [startingWith,41] - Generating unique operation named: exportUsingGET_32
17:58:50.583 [main] INFO  s.d.s.w.r.o.CachingOperationNameGenerator - [startingWith,41] - Generating unique operation named: getInfoUsingGET_33
17:58:50.586 [main] INFO  s.d.s.w.r.o.CachingOperationNameGenerator - [startingWith,41] - Generating unique operation named: removeUsingDELETE_31
17:58:50.591 [main] INFO  s.d.s.w.r.o.CachingOperationNameGenerator - [startingWith,41] - Generating unique operation named: listUsingGET_32
17:58:50.601 [main] INFO  s.d.s.w.r.o.CachingOperationNameGenerator - [startingWith,41] - Generating unique operation named: addUsingPOST_33
17:58:50.607 [main] INFO  s.d.s.w.r.o.CachingOperationNameGenerator - [startingWith,41] - Generating unique operation named: editUsingPUT_32
17:58:50.611 [main] INFO  s.d.s.w.r.o.CachingOperationNameGenerator - [startingWith,41] - Generating unique operation named: exportUsingGET_33
17:58:50.618 [main] INFO  s.d.s.w.r.o.CachingOperationNameGenerator - [startingWith,41] - Generating unique operation named: getInfoUsingGET_34
17:58:50.623 [main] INFO  s.d.s.w.r.o.CachingOperationNameGenerator - [startingWith,41] - Generating unique operation named: removeUsingDELETE_32
17:58:50.630 [main] INFO  s.d.s.w.r.o.CachingOperationNameGenerator - [startingWith,41] - Generating unique operation named: listUsingGET_33
17:58:50.641 [main] INFO  s.d.s.w.r.o.CachingOperationNameGenerator - [startingWith,41] - Generating unique operation named: addUsingPOST_34
17:58:50.646 [main] INFO  s.d.s.w.r.o.CachingOperationNameGenerator - [startingWith,41] - Generating unique operation named: editUsingPUT_33
17:58:50.655 [main] INFO  s.d.s.w.r.o.CachingOperationNameGenerator - [startingWith,41] - Generating unique operation named: exportUsingGET_34
17:58:50.663 [main] INFO  s.d.s.w.r.o.CachingOperationNameGenerator - [startingWith,41] - Generating unique operation named: getInfoUsingGET_35
17:58:50.669 [main] INFO  s.d.s.w.r.o.CachingOperationNameGenerator - [startingWith,41] - Generating unique operation named: removeUsingDELETE_33
17:58:50.674 [main] INFO  s.d.s.w.r.o.CachingOperationNameGenerator - [startingWith,41] - Generating unique operation named: listUsingGET_34
17:58:50.684 [main] INFO  s.d.s.w.r.o.CachingOperationNameGenerator - [startingWith,41] - Generating unique operation named: addUsingPOST_35
17:58:50.691 [main] INFO  s.d.s.w.r.o.CachingOperationNameGenerator - [startingWith,41] - Generating unique operation named: editUsingPUT_34
17:58:50.700 [main] INFO  s.d.s.w.r.o.CachingOperationNameGenerator - [startingWith,41] - Generating unique operation named: exportUsingGET_35
17:58:50.707 [main] INFO  s.d.s.w.r.o.CachingOperationNameGenerator - [startingWith,41] - Generating unique operation named: getInfoUsingGET_36
17:58:50.711 [main] INFO  s.d.s.w.r.o.CachingOperationNameGenerator - [startingWith,41] - Generating unique operation named: removeUsingDELETE_34
17:58:50.722 [main] INFO  s.d.s.w.r.o.CachingOperationNameGenerator - [startingWith,41] - Generating unique operation named: listUsingGET_35
17:58:50.731 [main] INFO  s.d.s.w.r.o.CachingOperationNameGenerator - [startingWith,41] - Generating unique operation named: addUsingPOST_36
17:58:50.735 [main] INFO  s.d.s.w.r.o.CachingOperationNameGenerator - [startingWith,41] - Generating unique operation named: editUsingPUT_35
17:58:50.738 [main] INFO  s.d.s.w.r.o.CachingOperationNameGenerator - [startingWith,41] - Generating unique operation named: exportUsingGET_36
17:58:50.742 [main] INFO  s.d.s.w.r.o.CachingOperationNameGenerator - [startingWith,41] - Generating unique operation named: getInfoUsingGET_37
17:58:50.744 [main] INFO  s.d.s.w.r.o.CachingOperationNameGenerator - [startingWith,41] - Generating unique operation named: removeUsingDELETE_35
17:58:50.749 [main] INFO  s.d.s.w.r.o.CachingOperationNameGenerator - [startingWith,41] - Generating unique operation named: listUsingGET_36
17:58:50.756 [main] INFO  s.d.s.w.r.o.CachingOperationNameGenerator - [startingWith,41] - Generating unique operation named: addUsingPOST_37
17:58:50.759 [main] INFO  s.d.s.w.r.o.CachingOperationNameGenerator - [startingWith,41] - Generating unique operation named: editUsingPUT_36
17:58:50.764 [main] INFO  s.d.s.w.r.o.CachingOperationNameGenerator - [startingWith,41] - Generating unique operation named: exportUsingGET_37
17:58:50.770 [main] INFO  s.d.s.w.r.o.CachingOperationNameGenerator - [startingWith,41] - Generating unique operation named: getInfoUsingGET_38
17:58:50.773 [main] INFO  s.d.s.w.r.o.CachingOperationNameGenerator - [startingWith,41] - Generating unique operation named: removeUsingDELETE_36
17:58:50.776 [main] INFO  s.d.s.w.r.o.CachingOperationNameGenerator - [startingWith,41] - Generating unique operation named: listUsingGET_37
17:58:50.783 [main] INFO  s.d.s.w.r.o.CachingOperationNameGenerator - [startingWith,41] - Generating unique operation named: addUsingPOST_38
17:58:50.786 [main] INFO  s.d.s.w.r.o.CachingOperationNameGenerator - [startingWith,41] - Generating unique operation named: editUsingPUT_37
17:58:50.791 [main] INFO  s.d.s.w.r.o.CachingOperationNameGenerator - [startingWith,41] - Generating unique operation named: exportUsingGET_38
17:58:50.796 [main] INFO  s.d.s.w.r.o.CachingOperationNameGenerator - [startingWith,41] - Generating unique operation named: getInfoUsingGET_39
17:58:50.799 [main] INFO  s.d.s.w.r.o.CachingOperationNameGenerator - [startingWith,41] - Generating unique operation named: removeUsingDELETE_37
17:58:50.803 [main] INFO  s.d.s.w.r.o.CachingOperationNameGenerator - [startingWith,41] - Generating unique operation named: listUsingGET_38
17:58:50.808 [main] INFO  s.d.s.w.r.o.CachingOperationNameGenerator - [startingWith,41] - Generating unique operation named: addUsingPOST_39
17:58:50.810 [main] INFO  s.d.s.w.r.o.CachingOperationNameGenerator - [startingWith,41] - Generating unique operation named: editUsingPUT_38
17:58:50.818 [main] INFO  s.d.s.w.r.o.CachingOperationNameGenerator - [startingWith,41] - Generating unique operation named: exportUsingGET_39
17:58:50.823 [main] INFO  s.d.s.w.r.o.CachingOperationNameGenerator - [startingWith,41] - Generating unique operation named: getInfoUsingGET_40
17:58:50.826 [main] INFO  s.d.s.w.r.o.CachingOperationNameGenerator - [startingWith,41] - Generating unique operation named: removeUsingDELETE_38
17:58:50.831 [main] INFO  s.d.s.w.r.o.CachingOperationNameGenerator - [startingWith,41] - Generating unique operation named: listUsingGET_39
17:58:50.837 [main] INFO  s.d.s.w.r.o.CachingOperationNameGenerator - [startingWith,41] - Generating unique operation named: addUsingPOST_40
17:58:50.841 [main] INFO  s.d.s.w.r.o.CachingOperationNameGenerator - [startingWith,41] - Generating unique operation named: editUsingPUT_39
17:58:50.848 [main] INFO  s.d.s.w.r.o.CachingOperationNameGenerator - [startingWith,41] - Generating unique operation named: exportUsingGET_40
17:58:50.853 [main] INFO  s.d.s.w.r.o.CachingOperationNameGenerator - [startingWith,41] - Generating unique operation named: getInfoUsingGET_41
17:58:50.857 [main] INFO  s.d.s.w.r.o.CachingOperationNameGenerator - [startingWith,41] - Generating unique operation named: removeUsingDELETE_39
17:58:50.861 [main] INFO  s.d.s.w.r.o.CachingOperationNameGenerator - [startingWith,41] - Generating unique operation named: listUsingGET_40
17:58:50.869 [main] INFO  s.d.s.w.r.o.CachingOperationNameGenerator - [startingWith,41] - Generating unique operation named: addUsingPOST_41
17:58:50.872 [main] INFO  s.d.s.w.r.o.CachingOperationNameGenerator - [startingWith,41] - Generating unique operation named: editUsingPUT_40
17:58:50.875 [main] INFO  s.d.s.w.r.o.CachingOperationNameGenerator - [startingWith,41] - Generating unique operation named: exportUsingGET_41
17:58:50.882 [main] INFO  s.d.s.w.r.o.CachingOperationNameGenerator - [startingWith,41] - Generating unique operation named: getInfoUsingGET_42
17:58:50.886 [main] INFO  s.d.s.w.r.o.CachingOperationNameGenerator - [startingWith,41] - Generating unique operation named: removeUsingDELETE_40
17:58:50.891 [main] INFO  s.d.s.w.r.o.CachingOperationNameGenerator - [startingWith,41] - Generating unique operation named: listUsingGET_41
17:58:50.901 [main] INFO  s.d.s.w.r.o.CachingOperationNameGenerator - [startingWith,41] - Generating unique operation named: addUsingPOST_42
17:58:50.905 [main] INFO  s.d.s.w.r.o.CachingOperationNameGenerator - [startingWith,41] - Generating unique operation named: editUsingPUT_41
17:58:50.910 [main] INFO  s.d.s.w.r.o.CachingOperationNameGenerator - [startingWith,41] - Generating unique operation named: exportUsingGET_42
17:58:50.915 [main] INFO  s.d.s.w.r.o.CachingOperationNameGenerator - [startingWith,41] - Generating unique operation named: getInfoUsingGET_43
17:58:50.920 [main] INFO  s.d.s.w.r.o.CachingOperationNameGenerator - [startingWith,41] - Generating unique operation named: removeUsingDELETE_41
17:58:50.926 [main] INFO  s.d.s.w.r.o.CachingOperationNameGenerator - [startingWith,41] - Generating unique operation named: listUsingGET_42
17:58:50.937 [main] INFO  s.d.s.w.r.o.CachingOperationNameGenerator - [startingWith,41] - Generating unique operation named: addUsingPOST_43
17:58:50.942 [main] INFO  s.d.s.w.r.o.CachingOperationNameGenerator - [startingWith,41] - Generating unique operation named: editUsingPUT_42
17:58:50.949 [main] INFO  s.d.s.w.r.o.CachingOperationNameGenerator - [startingWith,41] - Generating unique operation named: exportUsingGET_43
17:58:50.957 [main] INFO  s.d.s.w.r.o.CachingOperationNameGenerator - [startingWith,41] - Generating unique operation named: getInfoUsingGET_44
17:58:50.960 [main] INFO  s.d.s.w.r.o.CachingOperationNameGenerator - [startingWith,41] - Generating unique operation named: removeUsingDELETE_42
17:58:50.971 [main] INFO  s.d.s.w.r.o.CachingOperationNameGenerator - [startingWith,41] - Generating unique operation named: listUsingGET_43
17:58:50.980 [main] INFO  s.d.s.w.r.o.CachingOperationNameGenerator - [startingWith,41] - Generating unique operation named: addUsingPOST_44
17:58:50.990 [main] INFO  s.d.s.w.r.o.CachingOperationNameGenerator - [startingWith,41] - Generating unique operation named: editUsingPUT_43
17:58:50.999 [main] INFO  s.d.s.w.r.o.CachingOperationNameGenerator - [startingWith,41] - Generating unique operation named: exportUsingGET_44
17:58:51.006 [main] INFO  s.d.s.w.r.o.CachingOperationNameGenerator - [startingWith,41] - Generating unique operation named: getInfoUsingGET_45
17:58:51.009 [main] INFO  s.d.s.w.r.o.CachingOperationNameGenerator - [startingWith,41] - Generating unique operation named: removeUsingDELETE_43
17:58:51.016 [main] INFO  s.d.s.w.r.o.CachingOperationNameGenerator - [startingWith,41] - Generating unique operation named: listUsingGET_44
17:58:51.042 [main] INFO  s.d.s.w.r.o.CachingOperationNameGenerator - [startingWith,41] - Generating unique operation named: addUsingPOST_45
17:58:51.046 [main] INFO  s.d.s.w.r.o.CachingOperationNameGenerator - [startingWith,41] - Generating unique operation named: editUsingPUT_44
17:58:51.052 [main] INFO  s.d.s.w.r.o.CachingOperationNameGenerator - [startingWith,41] - Generating unique operation named: exportUsingGET_45
17:58:51.058 [main] INFO  s.d.s.w.r.o.CachingOperationNameGenerator - [startingWith,41] - Generating unique operation named: getInfoUsingGET_46
17:58:51.062 [main] INFO  s.d.s.w.r.o.CachingOperationNameGenerator - [startingWith,41] - Generating unique operation named: removeUsingDELETE_44
17:58:51.067 [main] INFO  s.d.s.w.r.o.CachingOperationNameGenerator - [startingWith,41] - Generating unique operation named: listUsingGET_45
17:58:51.074 [main] INFO  s.d.s.w.r.o.CachingOperationNameGenerator - [startingWith,41] - Generating unique operation named: addUsingPOST_46
17:58:51.077 [main] INFO  s.d.s.w.r.o.CachingOperationNameGenerator - [startingWith,41] - Generating unique operation named: editUsingPUT_45
17:58:51.084 [main] INFO  s.d.s.w.r.o.CachingOperationNameGenerator - [startingWith,41] - Generating unique operation named: exportUsingGET_46
17:58:51.089 [main] INFO  s.d.s.w.r.o.CachingOperationNameGenerator - [startingWith,41] - Generating unique operation named: getInfoUsingGET_47
17:58:51.092 [main] INFO  s.d.s.w.r.o.CachingOperationNameGenerator - [startingWith,41] - Generating unique operation named: removeUsingDELETE_45
17:58:51.095 [main] INFO  s.d.s.w.r.o.CachingOperationNameGenerator - [startingWith,41] - Generating unique operation named: listUsingGET_46
17:58:51.100 [main] INFO  s.d.s.w.r.o.CachingOperationNameGenerator - [startingWith,41] - Generating unique operation named: addUsingPOST_47
17:58:51.103 [main] INFO  s.d.s.w.r.o.CachingOperationNameGenerator - [startingWith,41] - Generating unique operation named: editUsingPUT_46
17:58:51.106 [main] INFO  s.d.s.w.r.o.CachingOperationNameGenerator - [startingWith,41] - Generating unique operation named: exportUsingGET_47
17:58:51.111 [main] INFO  s.d.s.w.r.o.CachingOperationNameGenerator - [startingWith,41] - Generating unique operation named: getInfoUsingGET_48
17:58:51.114 [main] INFO  s.d.s.w.r.o.CachingOperationNameGenerator - [startingWith,41] - Generating unique operation named: removeUsingDELETE_46
17:58:51.117 [main] INFO  s.d.s.w.r.o.CachingOperationNameGenerator - [startingWith,41] - Generating unique operation named: listUsingGET_47
17:58:51.124 [main] INFO  s.d.s.w.r.o.CachingOperationNameGenerator - [startingWith,41] - Generating unique operation named: addUsingPOST_48
17:58:51.127 [main] INFO  s.d.s.w.r.o.CachingOperationNameGenerator - [startingWith,41] - Generating unique operation named: auditUsingPUT_1
17:58:51.130 [main] INFO  s.d.s.w.r.o.CachingOperationNameGenerator - [startingWith,41] - Generating unique operation named: editUsingPUT_47
17:58:51.137 [main] INFO  s.d.s.w.r.o.CachingOperationNameGenerator - [startingWith,41] - Generating unique operation named: exportUsingGET_48
17:58:51.142 [main] INFO  s.d.s.w.r.o.CachingOperationNameGenerator - [startingWith,41] - Generating unique operation named: getInfoUsingGET_49
17:58:51.146 [main] INFO  s.d.s.w.r.o.CachingOperationNameGenerator - [startingWith,41] - Generating unique operation named: removeUsingDELETE_47
17:58:51.150 [main] INFO  s.d.s.w.r.o.CachingOperationNameGenerator - [startingWith,41] - Generating unique operation named: submitUsingPUT_1
17:58:51.154 [main] INFO  s.d.s.w.r.o.CachingOperationNameGenerator - [startingWith,41] - Generating unique operation named: listUsingGET_48
17:58:51.159 [main] INFO  s.d.s.w.r.o.CachingOperationNameGenerator - [startingWith,41] - Generating unique operation named: list4AuditUsingGET_1
17:58:51.165 [main] INFO  s.d.s.w.r.o.CachingOperationNameGenerator - [startingWith,41] - Generating unique operation named: addUsingPOST_49
17:58:51.168 [main] INFO  s.d.s.w.r.o.CachingOperationNameGenerator - [startingWith,41] - Generating unique operation named: editUsingPUT_48
17:58:51.171 [main] INFO  s.d.s.w.r.o.CachingOperationNameGenerator - [startingWith,41] - Generating unique operation named: exportUsingGET_49
17:58:51.176 [main] INFO  s.d.s.w.r.o.CachingOperationNameGenerator - [startingWith,41] - Generating unique operation named: getInfoUsingGET_50
17:58:51.179 [main] INFO  s.d.s.w.r.o.CachingOperationNameGenerator - [startingWith,41] - Generating unique operation named: removeUsingDELETE_48
17:58:51.184 [main] INFO  s.d.s.w.r.o.CachingOperationNameGenerator - [startingWith,41] - Generating unique operation named: listUsingGET_49
17:58:51.191 [main] INFO  s.d.s.w.r.o.CachingOperationNameGenerator - [startingWith,41] - Generating unique operation named: addUsingPOST_50
17:58:51.194 [main] INFO  s.d.s.w.r.o.CachingOperationNameGenerator - [startingWith,41] - Generating unique operation named: editUsingPUT_49
17:58:51.204 [main] INFO  s.d.s.w.r.o.CachingOperationNameGenerator - [startingWith,41] - Generating unique operation named: exportUsingGET_50
17:58:51.210 [main] INFO  s.d.s.w.r.o.CachingOperationNameGenerator - [startingWith,41] - Generating unique operation named: getInfoUsingGET_51
17:58:51.217 [main] INFO  s.d.s.w.r.o.CachingOperationNameGenerator - [startingWith,41] - Generating unique operation named: removeUsingDELETE_49
17:58:51.221 [main] INFO  s.d.s.w.r.o.CachingOperationNameGenerator - [startingWith,41] - Generating unique operation named: listUsingGET_50
17:58:51.226 [main] INFO  s.d.s.w.r.o.CachingOperationNameGenerator - [startingWith,41] - Generating unique operation named: addUsingPOST_51
17:58:51.230 [main] INFO  s.d.s.w.r.o.CachingOperationNameGenerator - [startingWith,41] - Generating unique operation named: editUsingPUT_50
17:58:51.233 [main] INFO  s.d.s.w.r.o.CachingOperationNameGenerator - [startingWith,41] - Generating unique operation named: exportUsingGET_51
17:58:51.239 [main] INFO  s.d.s.w.r.o.CachingOperationNameGenerator - [startingWith,41] - Generating unique operation named: getInfoUsingGET_52
17:58:51.242 [main] INFO  s.d.s.w.r.o.CachingOperationNameGenerator - [startingWith,41] - Generating unique operation named: removeUsingDELETE_50
17:58:51.245 [main] INFO  s.d.s.w.r.o.CachingOperationNameGenerator - [startingWith,41] - Generating unique operation named: listUsingGET_51
17:58:51.251 [main] INFO  s.d.s.w.r.o.CachingOperationNameGenerator - [startingWith,41] - Generating unique operation named: addUsingPOST_52
17:58:51.254 [main] INFO  s.d.s.w.r.o.CachingOperationNameGenerator - [startingWith,41] - Generating unique operation named: editUsingPUT_51
17:58:51.257 [main] INFO  s.d.s.w.r.o.CachingOperationNameGenerator - [startingWith,41] - Generating unique operation named: exportUsingGET_52
17:58:51.261 [main] INFO  s.d.s.w.r.o.CachingOperationNameGenerator - [startingWith,41] - Generating unique operation named: getInfoUsingGET_53
17:58:51.268 [main] INFO  s.d.s.w.r.o.CachingOperationNameGenerator - [startingWith,41] - Generating unique operation named: removeUsingDELETE_51
17:58:51.273 [main] INFO  s.d.s.w.r.o.CachingOperationNameGenerator - [startingWith,41] - Generating unique operation named: listUsingGET_52
17:58:51.293 [main] INFO  s.d.s.w.r.o.CachingOperationNameGenerator - [startingWith,41] - Generating unique operation named: addUsingPOST_53
17:58:51.298 [main] INFO  s.d.s.w.r.o.CachingOperationNameGenerator - [startingWith,41] - Generating unique operation named: editUsingPUT_52
17:58:51.303 [main] INFO  s.d.s.w.r.o.CachingOperationNameGenerator - [startingWith,41] - Generating unique operation named: exportUsingGET_53
17:58:51.308 [main] INFO  s.d.s.w.r.o.CachingOperationNameGenerator - [startingWith,41] - Generating unique operation named: getInfoUsingGET_54
17:58:51.312 [main] INFO  s.d.s.w.r.o.CachingOperationNameGenerator - [startingWith,41] - Generating unique operation named: removeUsingDELETE_52
17:58:51.317 [main] INFO  s.d.s.w.r.o.CachingOperationNameGenerator - [startingWith,41] - Generating unique operation named: listUsingGET_53
17:58:51.324 [main] INFO  s.d.s.w.r.o.CachingOperationNameGenerator - [startingWith,41] - Generating unique operation named: addUsingPOST_54
17:58:51.330 [main] INFO  s.d.s.w.r.o.CachingOperationNameGenerator - [startingWith,41] - Generating unique operation named: auditUsingPUT_2
17:58:51.335 [main] INFO  s.d.s.w.r.o.CachingOperationNameGenerator - [startingWith,41] - Generating unique operation named: editUsingPUT_53
17:58:51.348 [main] INFO  s.d.s.w.r.o.CachingOperationNameGenerator - [startingWith,41] - Generating unique operation named: exportUsingGET_54
17:58:51.356 [main] INFO  s.d.s.w.r.o.CachingOperationNameGenerator - [startingWith,41] - Generating unique operation named: getInfoUsingGET_55
17:58:51.359 [main] INFO  s.d.s.w.r.o.CachingOperationNameGenerator - [startingWith,41] - Generating unique operation named: removeUsingDELETE_53
17:58:51.362 [main] INFO  s.d.s.w.r.o.CachingOperationNameGenerator - [startingWith,41] - Generating unique operation named: submitUsingPUT_2
17:58:51.367 [main] INFO  s.d.s.w.r.o.CachingOperationNameGenerator - [startingWith,41] - Generating unique operation named: listUsingGET_54
17:58:51.372 [main] INFO  s.d.s.w.r.o.CachingOperationNameGenerator - [startingWith,41] - Generating unique operation named: list4AuditUsingGET_2
17:58:51.377 [main] INFO  s.d.s.w.r.o.CachingOperationNameGenerator - [startingWith,41] - Generating unique operation named: addUsingPOST_55
17:58:51.380 [main] INFO  s.d.s.w.r.o.CachingOperationNameGenerator - [startingWith,41] - Generating unique operation named: editUsingPUT_54
17:58:51.384 [main] INFO  s.d.s.w.r.o.CachingOperationNameGenerator - [startingWith,41] - Generating unique operation named: exportUsingGET_55
17:58:51.389 [main] INFO  s.d.s.w.r.o.CachingOperationNameGenerator - [startingWith,41] - Generating unique operation named: getInfoUsingGET_56
17:58:51.392 [main] INFO  s.d.s.w.r.o.CachingOperationNameGenerator - [startingWith,41] - Generating unique operation named: removeUsingDELETE_54
17:58:51.396 [main] INFO  s.d.s.w.r.o.CachingOperationNameGenerator - [startingWith,41] - Generating unique operation named: listUsingGET_55
17:58:51.404 [main] INFO  s.d.s.w.r.o.CachingOperationNameGenerator - [startingWith,41] - Generating unique operation named: addUsingPOST_56
17:58:51.407 [main] INFO  s.d.s.w.r.o.CachingOperationNameGenerator - [startingWith,41] - Generating unique operation named: editUsingPUT_55
17:58:51.414 [main] INFO  s.d.s.w.r.o.CachingOperationNameGenerator - [startingWith,41] - Generating unique operation named: exportUsingGET_56
17:58:51.419 [main] INFO  s.d.s.w.r.o.CachingOperationNameGenerator - [startingWith,41] - Generating unique operation named: getInfoUsingGET_57
17:58:51.422 [main] INFO  s.d.s.w.r.o.CachingOperationNameGenerator - [startingWith,41] - Generating unique operation named: removeUsingDELETE_55
17:58:51.426 [main] INFO  s.d.s.w.r.o.CachingOperationNameGenerator - [startingWith,41] - Generating unique operation named: listUsingGET_56
17:58:51.433 [main] INFO  s.d.s.w.r.o.CachingOperationNameGenerator - [startingWith,41] - Generating unique operation named: addUsingPOST_57
17:58:51.437 [main] INFO  s.d.s.w.r.o.CachingOperationNameGenerator - [startingWith,41] - Generating unique operation named: editUsingPUT_56
17:58:51.441 [main] INFO  s.d.s.w.r.o.CachingOperationNameGenerator - [startingWith,41] - Generating unique operation named: exportUsingGET_57
17:58:51.447 [main] INFO  s.d.s.w.r.o.CachingOperationNameGenerator - [startingWith,41] - Generating unique operation named: getInfoUsingGET_58
17:58:51.452 [main] INFO  s.d.s.w.r.o.CachingOperationNameGenerator - [startingWith,41] - Generating unique operation named: removeUsingDELETE_56
17:58:51.456 [main] INFO  s.d.s.w.r.o.CachingOperationNameGenerator - [startingWith,41] - Generating unique operation named: listUsingGET_57
17:58:51.464 [main] INFO  s.d.s.w.r.o.CachingOperationNameGenerator - [startingWith,41] - Generating unique operation named: addUsingPOST_58
17:58:51.467 [main] INFO  s.d.s.w.r.o.CachingOperationNameGenerator - [startingWith,41] - Generating unique operation named: auditUsingPUT_3
17:58:51.471 [main] INFO  s.d.s.w.r.o.CachingOperationNameGenerator - [startingWith,41] - Generating unique operation named: editUsingPUT_57
17:58:51.478 [main] INFO  s.d.s.w.r.o.CachingOperationNameGenerator - [startingWith,41] - Generating unique operation named: exportUsingGET_58
17:58:51.486 [main] INFO  s.d.s.w.r.o.CachingOperationNameGenerator - [startingWith,41] - Generating unique operation named: getInfoUsingGET_59
17:58:51.491 [main] INFO  s.d.s.w.r.o.CachingOperationNameGenerator - [startingWith,41] - Generating unique operation named: removeUsingDELETE_57
17:58:51.495 [main] INFO  s.d.s.w.r.o.CachingOperationNameGenerator - [startingWith,41] - Generating unique operation named: submitUsingPUT_3
17:58:51.503 [main] INFO  s.d.s.w.r.o.CachingOperationNameGenerator - [startingWith,41] - Generating unique operation named: listUsingGET_58
17:58:51.510 [main] INFO  s.d.s.w.r.o.CachingOperationNameGenerator - [startingWith,41] - Generating unique operation named: list4AuditUsingGET_3
17:58:51.520 [main] INFO  s.d.s.w.r.o.CachingOperationNameGenerator - [startingWith,41] - Generating unique operation named: addUsingPOST_59
17:58:51.525 [main] INFO  s.d.s.w.r.o.CachingOperationNameGenerator - [startingWith,41] - Generating unique operation named: editUsingPUT_58
17:58:51.530 [main] INFO  s.d.s.w.r.o.CachingOperationNameGenerator - [startingWith,41] - Generating unique operation named: exportUsingGET_59
17:58:51.536 [main] INFO  s.d.s.w.r.o.CachingOperationNameGenerator - [startingWith,41] - Generating unique operation named: getInfoUsingGET_60
17:58:51.540 [main] INFO  s.d.s.w.r.o.CachingOperationNameGenerator - [startingWith,41] - Generating unique operation named: removeUsingDELETE_58
17:58:51.544 [main] INFO  s.d.s.w.r.o.CachingOperationNameGenerator - [startingWith,41] - Generating unique operation named: listUsingGET_59
17:58:51.552 [main] INFO  s.d.s.w.r.o.CachingOperationNameGenerator - [startingWith,41] - Generating unique operation named: addUsingPOST_60
17:58:51.555 [main] INFO  s.d.s.w.r.o.CachingOperationNameGenerator - [startingWith,41] - Generating unique operation named: auditUsingPUT_4
17:58:51.557 [main] INFO  s.d.s.w.r.o.CachingOperationNameGenerator - [startingWith,41] - Generating unique operation named: editUsingPUT_59
17:58:51.563 [main] INFO  s.d.s.w.r.o.CachingOperationNameGenerator - [startingWith,41] - Generating unique operation named: exportUsingGET_60
17:58:51.568 [main] INFO  s.d.s.w.r.o.CachingOperationNameGenerator - [startingWith,41] - Generating unique operation named: getInfoUsingGET_61
17:58:51.573 [main] INFO  s.d.s.w.r.o.CachingOperationNameGenerator - [startingWith,41] - Generating unique operation named: removeUsingDELETE_59
17:58:51.577 [main] INFO  s.d.s.w.r.o.CachingOperationNameGenerator - [startingWith,41] - Generating unique operation named: submitUsingPUT_4
17:58:51.583 [main] INFO  s.d.s.w.r.o.CachingOperationNameGenerator - [startingWith,41] - Generating unique operation named: listUsingGET_60
17:58:51.588 [main] INFO  s.d.s.w.r.o.CachingOperationNameGenerator - [startingWith,41] - Generating unique operation named: list4AuditUsingGET_4
17:58:51.594 [main] INFO  s.d.s.w.r.o.CachingOperationNameGenerator - [startingWith,41] - Generating unique operation named: addUsingPOST_61
17:58:51.600 [main] INFO  s.d.s.w.r.o.CachingOperationNameGenerator - [startingWith,41] - Generating unique operation named: editUsingPUT_60
17:58:51.605 [main] INFO  s.d.s.w.r.o.CachingOperationNameGenerator - [startingWith,41] - Generating unique operation named: exportUsingGET_61
17:58:51.609 [main] INFO  s.d.s.w.r.o.CachingOperationNameGenerator - [startingWith,41] - Generating unique operation named: getInfoUsingGET_62
17:58:51.613 [main] INFO  s.d.s.w.r.o.CachingOperationNameGenerator - [startingWith,41] - Generating unique operation named: removeUsingDELETE_60
17:58:51.617 [main] INFO  s.d.s.w.r.o.CachingOperationNameGenerator - [startingWith,41] - Generating unique operation named: listUsingGET_61
17:58:51.622 [main] INFO  s.d.s.w.r.o.CachingOperationNameGenerator - [startingWith,41] - Generating unique operation named: exportUsingGET_62
17:58:51.627 [main] INFO  s.d.s.w.r.o.CachingOperationNameGenerator - [startingWith,41] - Generating unique operation named: exportUsingGET_63
17:58:51.635 [main] INFO  s.d.s.w.r.o.CachingOperationNameGenerator - [startingWith,41] - Generating unique operation named: listUsingGET_62
17:58:51.640 [main] INFO  s.d.s.w.r.o.CachingOperationNameGenerator - [startingWith,41] - Generating unique operation named: listUsingGET_63
17:58:51.659 [main] INFO  s.d.s.w.r.o.CachingOperationNameGenerator - [startingWith,41] - Generating unique operation named: addUsingPOST_62
17:58:51.662 [main] INFO  s.d.s.w.r.o.CachingOperationNameGenerator - [startingWith,41] - Generating unique operation named: editUsingPUT_61
17:58:51.670 [main] INFO  s.d.s.w.r.o.CachingOperationNameGenerator - [startingWith,41] - Generating unique operation named: exportUsingGET_64
17:58:51.676 [main] INFO  s.d.s.w.r.o.CachingOperationNameGenerator - [startingWith,41] - Generating unique operation named: getInfoUsingGET_63
17:58:51.680 [main] INFO  s.d.s.w.r.o.CachingOperationNameGenerator - [startingWith,41] - Generating unique operation named: removeUsingDELETE_61
17:58:51.686 [main] INFO  s.d.s.w.r.o.CachingOperationNameGenerator - [startingWith,41] - Generating unique operation named: listUsingGET_64
17:58:51.693 [main] INFO  s.d.s.w.r.o.CachingOperationNameGenerator - [startingWith,41] - Generating unique operation named: addUsingPOST_63
17:58:51.697 [main] INFO  s.d.s.w.r.o.CachingOperationNameGenerator - [startingWith,41] - Generating unique operation named: editUsingPUT_62
17:58:51.701 [main] INFO  s.d.s.w.r.o.CachingOperationNameGenerator - [startingWith,41] - Generating unique operation named: exportUsingGET_65
17:58:51.706 [main] INFO  s.d.s.w.r.o.CachingOperationNameGenerator - [startingWith,41] - Generating unique operation named: getInfoUsingGET_64
17:58:51.709 [main] INFO  s.d.s.w.r.o.CachingOperationNameGenerator - [startingWith,41] - Generating unique operation named: removeUsingDELETE_62
17:58:51.712 [main] INFO  s.d.s.w.r.o.CachingOperationNameGenerator - [startingWith,41] - Generating unique operation named: listUsingGET_65
17:58:51.719 [main] INFO  s.d.s.w.r.o.CachingOperationNameGenerator - [startingWith,41] - Generating unique operation named: addUsingPOST_64
17:58:51.723 [main] INFO  s.d.s.w.r.o.CachingOperationNameGenerator - [startingWith,41] - Generating unique operation named: auditUsingPUT_5
17:58:51.726 [main] INFO  s.d.s.w.r.o.CachingOperationNameGenerator - [startingWith,41] - Generating unique operation named: editUsingPUT_63
17:58:51.732 [main] INFO  s.d.s.w.r.o.CachingOperationNameGenerator - [startingWith,41] - Generating unique operation named: exportUsingGET_66
17:58:51.738 [main] INFO  s.d.s.w.r.o.CachingOperationNameGenerator - [startingWith,41] - Generating unique operation named: getInfoUsingGET_65
17:58:51.741 [main] INFO  s.d.s.w.r.o.CachingOperationNameGenerator - [startingWith,41] - Generating unique operation named: removeUsingDELETE_63
17:58:51.744 [main] INFO  s.d.s.w.r.o.CachingOperationNameGenerator - [startingWith,41] - Generating unique operation named: submitUsingPUT_5
17:58:51.748 [main] INFO  s.d.s.w.r.o.CachingOperationNameGenerator - [startingWith,41] - Generating unique operation named: listUsingGET_66
17:58:51.753 [main] INFO  s.d.s.w.r.o.CachingOperationNameGenerator - [startingWith,41] - Generating unique operation named: list4AuditUsingGET_5
17:58:51.762 [main] INFO  s.d.s.w.r.o.CachingOperationNameGenerator - [startingWith,41] - Generating unique operation named: addUsingPOST_65
17:58:51.767 [main] INFO  s.d.s.w.r.o.CachingOperationNameGenerator - [startingWith,41] - Generating unique operation named: auditUsingPUT_6
17:58:51.771 [main] INFO  s.d.s.w.r.o.CachingOperationNameGenerator - [startingWith,41] - Generating unique operation named: editUsingPUT_64
17:58:51.780 [main] INFO  s.d.s.w.r.o.CachingOperationNameGenerator - [startingWith,41] - Generating unique operation named: exportUsingGET_67
17:58:51.794 [main] INFO  s.d.s.w.r.o.CachingOperationNameGenerator - [startingWith,41] - Generating unique operation named: getInfoUsingGET_66
17:58:51.797 [main] INFO  s.d.s.w.r.o.CachingOperationNameGenerator - [startingWith,41] - Generating unique operation named: removeUsingDELETE_64
17:58:51.803 [main] INFO  s.d.s.w.r.o.CachingOperationNameGenerator - [startingWith,41] - Generating unique operation named: submitUsingPUT_6
17:58:51.808 [main] INFO  s.d.s.w.r.o.CachingOperationNameGenerator - [startingWith,41] - Generating unique operation named: listUsingGET_67
17:58:51.815 [main] INFO  s.d.s.w.r.o.CachingOperationNameGenerator - [startingWith,41] - Generating unique operation named: list4AuditUsingGET_6
17:58:51.822 [main] INFO  s.d.s.w.r.o.CachingOperationNameGenerator - [startingWith,41] - Generating unique operation named: addUsingPOST_66
17:58:51.826 [main] INFO  s.d.s.w.r.o.CachingOperationNameGenerator - [startingWith,41] - Generating unique operation named: editUsingPUT_65
17:58:51.830 [main] INFO  s.d.s.w.r.o.CachingOperationNameGenerator - [startingWith,41] - Generating unique operation named: exportUsingGET_68
17:58:51.836 [main] INFO  s.d.s.w.r.o.CachingOperationNameGenerator - [startingWith,41] - Generating unique operation named: getInfoUsingGET_67
17:58:51.839 [main] INFO  s.d.s.w.r.o.CachingOperationNameGenerator - [startingWith,41] - Generating unique operation named: removeUsingDELETE_65
17:58:51.843 [main] INFO  s.d.s.w.r.o.CachingOperationNameGenerator - [startingWith,41] - Generating unique operation named: listUsingGET_68
17:58:51.854 [main] INFO  s.d.s.w.r.o.CachingOperationNameGenerator - [startingWith,41] - Generating unique operation named: addUsingPOST_67
17:58:51.859 [main] INFO  s.d.s.w.r.o.CachingOperationNameGenerator - [startingWith,41] - Generating unique operation named: editUsingPUT_66
17:58:51.865 [main] INFO  s.d.s.w.r.o.CachingOperationNameGenerator - [startingWith,41] - Generating unique operation named: exportUsingGET_69
17:58:51.872 [main] INFO  s.d.s.w.r.o.CachingOperationNameGenerator - [startingWith,41] - Generating unique operation named: getInfoUsingGET_68
17:58:51.875 [main] INFO  s.d.s.w.r.o.CachingOperationNameGenerator - [startingWith,41] - Generating unique operation named: removeUsingDELETE_66
17:58:51.879 [main] INFO  s.d.s.w.r.o.CachingOperationNameGenerator - [startingWith,41] - Generating unique operation named: listUsingGET_69
17:58:51.885 [main] INFO  s.d.s.w.r.o.CachingOperationNameGenerator - [startingWith,41] - Generating unique operation named: addUsingPOST_68
17:58:51.888 [main] INFO  s.d.s.w.r.o.CachingOperationNameGenerator - [startingWith,41] - Generating unique operation named: editUsingPUT_67
17:58:51.896 [main] INFO  s.d.s.w.r.o.CachingOperationNameGenerator - [startingWith,41] - Generating unique operation named: exportUsingGET_70
17:58:51.904 [main] INFO  s.d.s.w.r.o.CachingOperationNameGenerator - [startingWith,41] - Generating unique operation named: getInfoUsingGET_69
17:58:51.907 [main] INFO  s.d.s.w.r.o.CachingOperationNameGenerator - [startingWith,41] - Generating unique operation named: removeUsingDELETE_67
17:58:51.912 [main] INFO  s.d.s.w.r.o.CachingOperationNameGenerator - [startingWith,41] - Generating unique operation named: listUsingGET_70
17:58:51.918 [main] INFO  s.d.s.w.r.o.CachingOperationNameGenerator - [startingWith,41] - Generating unique operation named: addUsingPOST_69
17:58:51.923 [main] INFO  s.d.s.w.r.o.CachingOperationNameGenerator - [startingWith,41] - Generating unique operation named: editUsingPUT_68
17:58:51.927 [main] INFO  s.d.s.w.r.o.CachingOperationNameGenerator - [startingWith,41] - Generating unique operation named: exportUsingGET_71
17:58:51.931 [main] INFO  s.d.s.w.r.o.CachingOperationNameGenerator - [startingWith,41] - Generating unique operation named: getInfoUsingGET_70
17:58:51.940 [main] INFO  s.d.s.w.r.o.CachingOperationNameGenerator - [startingWith,41] - Generating unique operation named: removeUsingDELETE_68
17:58:51.947 [main] INFO  s.d.s.w.r.o.CachingOperationNameGenerator - [startingWith,41] - Generating unique operation named: listUsingGET_71
17:58:51.955 [main] INFO  s.d.s.w.r.o.CachingOperationNameGenerator - [startingWith,41] - Generating unique operation named: addUsingPOST_70
17:58:51.959 [main] INFO  s.d.s.w.r.o.CachingOperationNameGenerator - [startingWith,41] - Generating unique operation named: auditUsingPUT_7
17:58:51.964 [main] INFO  s.d.s.w.r.o.CachingOperationNameGenerator - [startingWith,41] - Generating unique operation named: editUsingPUT_69
17:58:51.973 [main] INFO  s.d.s.w.r.o.CachingOperationNameGenerator - [startingWith,41] - Generating unique operation named: exportUsingGET_72
17:58:51.978 [main] INFO  s.d.s.w.r.o.CachingOperationNameGenerator - [startingWith,41] - Generating unique operation named: getInfoUsingGET_71
17:58:51.982 [main] INFO  s.d.s.w.r.o.CachingOperationNameGenerator - [startingWith,41] - Generating unique operation named: removeUsingDELETE_69
17:58:51.986 [main] INFO  s.d.s.w.r.o.CachingOperationNameGenerator - [startingWith,41] - Generating unique operation named: submitUsingPUT_7
17:58:51.990 [main] INFO  s.d.s.w.r.o.CachingOperationNameGenerator - [startingWith,41] - Generating unique operation named: listUsingGET_72
17:58:51.993 [main] INFO  s.d.s.w.r.o.CachingOperationNameGenerator - [startingWith,41] - Generating unique operation named: list4AuditUsingGET_7
17:58:51.998 [main] INFO  s.d.s.w.r.o.CachingOperationNameGenerator - [startingWith,41] - Generating unique operation named: addUsingPOST_71
17:58:52.002 [main] INFO  s.d.s.w.r.o.CachingOperationNameGenerator - [startingWith,41] - Generating unique operation named: editUsingPUT_70
17:58:52.007 [main] INFO  s.d.s.w.r.o.CachingOperationNameGenerator - [startingWith,41] - Generating unique operation named: exportUsingGET_73
17:58:52.011 [main] INFO  s.d.s.w.r.o.CachingOperationNameGenerator - [startingWith,41] - Generating unique operation named: getInfoUsingGET_72
17:58:52.015 [main] INFO  s.d.s.w.r.o.CachingOperationNameGenerator - [startingWith,41] - Generating unique operation named: removeUsingDELETE_70
17:58:52.020 [main] INFO  s.d.s.w.r.o.CachingOperationNameGenerator - [startingWith,41] - Generating unique operation named: listUsingGET_73
17:58:52.025 [main] INFO  s.d.s.w.r.o.CachingOperationNameGenerator - [startingWith,41] - Generating unique operation named: addUsingPOST_72
17:58:52.028 [main] INFO  s.d.s.w.r.o.CachingOperationNameGenerator - [startingWith,41] - Generating unique operation named: editUsingPUT_71
17:58:52.035 [main] INFO  s.d.s.w.r.o.CachingOperationNameGenerator - [startingWith,41] - Generating unique operation named: exportUsingGET_74
17:58:52.041 [main] INFO  s.d.s.w.r.o.CachingOperationNameGenerator - [startingWith,41] - Generating unique operation named: getInfoUsingGET_73
17:58:52.043 [main] INFO  s.d.s.w.r.o.CachingOperationNameGenerator - [startingWith,41] - Generating unique operation named: removeUsingDELETE_71
17:58:52.048 [main] INFO  s.d.s.w.r.o.CachingOperationNameGenerator - [startingWith,41] - Generating unique operation named: listUsingGET_74
17:58:52.052 [main] INFO  s.d.s.w.r.o.CachingOperationNameGenerator - [startingWith,41] - Generating unique operation named: addUsingPOST_73
17:58:52.056 [main] INFO  s.d.s.w.r.o.CachingOperationNameGenerator - [startingWith,41] - Generating unique operation named: editUsingPUT_72
17:58:52.059 [main] INFO  s.d.s.w.r.o.CachingOperationNameGenerator - [startingWith,41] - Generating unique operation named: exportUsingGET_75
17:58:52.063 [main] INFO  s.d.s.w.r.o.CachingOperationNameGenerator - [startingWith,41] - Generating unique operation named: getInfoUsingGET_74
17:58:52.067 [main] INFO  s.d.s.w.r.o.CachingOperationNameGenerator - [startingWith,41] - Generating unique operation named: removeUsingDELETE_72
17:58:52.072 [main] INFO  s.d.s.w.r.o.CachingOperationNameGenerator - [startingWith,41] - Generating unique operation named: listUsingGET_75
17:58:52.079 [main] INFO  s.d.s.w.r.o.CachingOperationNameGenerator - [startingWith,41] - Generating unique operation named: exportUsingGET_76
17:58:52.085 [main] INFO  s.d.s.w.r.o.CachingOperationNameGenerator - [startingWith,41] - Generating unique operation named: exportUsingGET_77
17:58:52.095 [main] INFO  s.d.s.w.r.o.CachingOperationNameGenerator - [startingWith,41] - Generating unique operation named: listUsingGET_76
17:58:52.108 [main] INFO  s.d.s.w.r.o.CachingOperationNameGenerator - [startingWith,41] - Generating unique operation named: selectContractDeliveryReturnMonthReportUsingGET_1
17:58:52.114 [main] INFO  s.d.s.w.r.o.CachingOperationNameGenerator - [startingWith,41] - Generating unique operation named: selectContractDeliveryReturnQuarterReportUsingGET_1
17:58:52.129 [main] INFO  s.d.s.w.r.o.CachingOperationNameGenerator - [startingWith,41] - Generating unique operation named: addUsingPOST_74
17:58:52.138 [main] INFO  s.d.s.w.r.o.CachingOperationNameGenerator - [startingWith,41] - Generating unique operation named: editUsingPUT_73
17:58:52.146 [main] INFO  s.d.s.w.r.o.CachingOperationNameGenerator - [startingWith,41] - Generating unique operation named: exportUsingGET_78
17:58:52.154 [main] INFO  s.d.s.w.r.o.CachingOperationNameGenerator - [startingWith,41] - Generating unique operation named: getInfoUsingGET_75
17:58:52.157 [main] INFO  s.d.s.w.r.o.CachingOperationNameGenerator - [startingWith,41] - Generating unique operation named: removeUsingDELETE_73
17:58:52.163 [main] INFO  s.d.s.w.r.o.CachingOperationNameGenerator - [startingWith,41] - Generating unique operation named: listUsingGET_77
17:58:52.171 [main] INFO  s.d.s.w.r.o.CachingOperationNameGenerator - [startingWith,41] - Generating unique operation named: addUsingPOST_75
17:58:52.177 [main] INFO  s.d.s.w.r.o.CachingOperationNameGenerator - [startingWith,41] - Generating unique operation named: editUsingPUT_74
17:58:52.181 [main] INFO  s.d.s.w.r.o.CachingOperationNameGenerator - [startingWith,41] - Generating unique operation named: exportUsingGET_79
17:58:52.186 [main] INFO  s.d.s.w.r.o.CachingOperationNameGenerator - [startingWith,41] - Generating unique operation named: getInfoUsingGET_76
17:58:52.190 [main] INFO  s.d.s.w.r.o.CachingOperationNameGenerator - [startingWith,41] - Generating unique operation named: removeUsingDELETE_74
17:58:52.195 [main] INFO  s.d.s.w.r.o.CachingOperationNameGenerator - [startingWith,41] - Generating unique operation named: listUsingGET_78
17:58:52.232 [main] INFO  s.d.s.w.r.o.CachingOperationNameGenerator - [startingWith,41] - Generating unique operation named: editUsingPUT_75
17:58:52.250 [main] INFO  s.d.s.w.r.o.CachingOperationNameGenerator - [startingWith,41] - Generating unique operation named: exportUsingGET_80
17:58:52.257 [main] INFO  s.d.s.w.r.o.CachingOperationNameGenerator - [startingWith,41] - Generating unique operation named: getInfoUsingGET_77
17:58:52.263 [main] INFO  s.d.s.w.r.o.CachingOperationNameGenerator - [startingWith,41] - Generating unique operation named: listUsingGET_79
17:58:52.282 [main] INFO  s.d.s.w.r.o.CachingOperationNameGenerator - [startingWith,41] - Generating unique operation named: exportUsingGET_81
17:58:52.287 [main] INFO  s.d.s.w.r.o.CachingOperationNameGenerator - [startingWith,41] - Generating unique operation named: getInfoUsingGET_78
17:58:52.296 [main] INFO  s.d.s.w.r.o.CachingOperationNameGenerator - [startingWith,41] - Generating unique operation named: listUsingGET_80
17:58:52.303 [main] INFO  s.d.s.w.r.o.CachingOperationNameGenerator - [startingWith,41] - Generating unique operation named: reportByDayUsingGET_1
17:58:52.329 [main] INFO  s.d.s.w.r.o.CachingOperationNameGenerator - [startingWith,41] - Generating unique operation named: exportUsingGET_82
17:58:52.337 [main] INFO  s.d.s.w.r.o.CachingOperationNameGenerator - [startingWith,41] - Generating unique operation named: listUsingGET_81
17:58:52.344 [main] INFO  s.d.s.w.r.o.CachingOperationNameGenerator - [startingWith,41] - Generating unique operation named: exportUsingGET_83
17:58:52.351 [main] INFO  s.d.s.w.r.o.CachingOperationNameGenerator - [startingWith,41] - Generating unique operation named: listUsingGET_82
17:58:52.438 [main] INFO  s.d.s.w.r.o.CachingOperationNameGenerator - [startingWith,41] - Generating unique operation named: addUsingPOST_76
17:58:52.441 [main] INFO  s.d.s.w.r.o.CachingOperationNameGenerator - [startingWith,41] - Generating unique operation named: editUsingPUT_76
17:58:52.445 [main] INFO  s.d.s.w.r.o.CachingOperationNameGenerator - [startingWith,41] - Generating unique operation named: exportUsingGET_84
17:58:52.451 [main] INFO  s.d.s.w.r.o.CachingOperationNameGenerator - [startingWith,41] - Generating unique operation named: getInfoUsingGET_79
17:58:52.456 [main] INFO  s.d.s.w.r.o.CachingOperationNameGenerator - [startingWith,41] - Generating unique operation named: removeUsingDELETE_75
17:58:52.461 [main] INFO  s.d.s.w.r.o.CachingOperationNameGenerator - [startingWith,41] - Generating unique operation named: listUsingGET_83
17:58:52.468 [main] INFO  s.d.s.w.r.o.CachingOperationNameGenerator - [startingWith,41] - Generating unique operation named: exportUsingGET_85
17:58:52.473 [main] INFO  s.d.s.w.r.o.CachingOperationNameGenerator - [startingWith,41] - Generating unique operation named: listUsingGET_84
17:58:52.479 [main] INFO  s.d.s.w.r.o.CachingOperationNameGenerator - [startingWith,41] - Generating unique operation named: exportUsingGET_86
17:58:52.484 [main] INFO  s.d.s.w.r.o.CachingOperationNameGenerator - [startingWith,41] - Generating unique operation named: getInfoUsingGET_80
17:58:52.488 [main] INFO  s.d.s.w.r.o.CachingOperationNameGenerator - [startingWith,41] - Generating unique operation named: listUsingGET_85
17:58:52.495 [main] INFO  s.d.s.w.r.o.CachingOperationNameGenerator - [startingWith,41] - Generating unique operation named: exportUsingGET_87
17:58:52.500 [main] INFO  s.d.s.w.r.o.CachingOperationNameGenerator - [startingWith,41] - Generating unique operation named: getInfoUsingGET_81
17:58:52.506 [main] INFO  s.d.s.w.r.o.CachingOperationNameGenerator - [startingWith,41] - Generating unique operation named: listUsingGET_86
17:58:52.515 [main] INFO  s.d.s.w.r.o.CachingOperationNameGenerator - [startingWith,41] - Generating unique operation named: exportUsingGET_88
17:58:52.521 [main] INFO  s.d.s.w.r.o.CachingOperationNameGenerator - [startingWith,41] - Generating unique operation named: getInfoUsingGET_82
17:58:52.525 [main] INFO  s.d.s.w.r.o.CachingOperationNameGenerator - [startingWith,41] - Generating unique operation named: listUsingGET_87
17:58:52.534 [main] INFO  s.d.s.w.r.o.CachingOperationNameGenerator - [startingWith,41] - Generating unique operation named: addUsingPOST_77
17:58:52.539 [main] INFO  s.d.s.w.r.o.CachingOperationNameGenerator - [startingWith,41] - Generating unique operation named: auditUsingPUT_8
17:58:52.542 [main] INFO  s.d.s.w.r.o.CachingOperationNameGenerator - [startingWith,41] - Generating unique operation named: editUsingPUT_77
17:58:52.548 [main] INFO  s.d.s.w.r.o.CachingOperationNameGenerator - [startingWith,41] - Generating unique operation named: exportUsingGET_89
17:58:52.553 [main] INFO  s.d.s.w.r.o.CachingOperationNameGenerator - [startingWith,41] - Generating unique operation named: getInfoUsingGET_83
17:58:52.556 [main] INFO  s.d.s.w.r.o.CachingOperationNameGenerator - [startingWith,41] - Generating unique operation named: removeUsingDELETE_76
17:58:52.558 [main] INFO  s.d.s.w.r.o.CachingOperationNameGenerator - [startingWith,41] - Generating unique operation named: submitUsingPUT_8
17:58:52.561 [main] INFO  s.d.s.w.r.o.CachingOperationNameGenerator - [startingWith,41] - Generating unique operation named: listUsingGET_88
17:58:52.565 [main] INFO  s.d.s.w.r.o.CachingOperationNameGenerator - [startingWith,41] - Generating unique operation named: list4AuditUsingGET_8
17:58:52.571 [main] INFO  s.d.s.w.r.o.CachingOperationNameGenerator - [startingWith,41] - Generating unique operation named: addUsingPOST_78
17:58:52.574 [main] INFO  s.d.s.w.r.o.CachingOperationNameGenerator - [startingWith,41] - Generating unique operation named: editUsingPUT_78
17:58:52.578 [main] INFO  s.d.s.w.r.o.CachingOperationNameGenerator - [startingWith,41] - Generating unique operation named: exportUsingGET_90
17:58:52.586 [main] INFO  s.d.s.w.r.o.CachingOperationNameGenerator - [startingWith,41] - Generating unique operation named: getInfoUsingGET_84
17:58:52.589 [main] INFO  s.d.s.w.r.o.CachingOperationNameGenerator - [startingWith,41] - Generating unique operation named: removeUsingDELETE_77
17:58:52.594 [main] INFO  s.d.s.w.r.o.CachingOperationNameGenerator - [startingWith,41] - Generating unique operation named: listUsingGET_89
17:58:52.602 [main] INFO  s.d.s.w.r.o.CachingOperationNameGenerator - [startingWith,41] - Generating unique operation named: addUsingPOST_79
17:58:52.606 [main] INFO  s.d.s.w.r.o.CachingOperationNameGenerator - [startingWith,41] - Generating unique operation named: editUsingPUT_79
17:58:52.613 [main] INFO  s.d.s.w.r.o.CachingOperationNameGenerator - [startingWith,41] - Generating unique operation named: exportUsingGET_91
17:58:52.619 [main] INFO  s.d.s.w.r.o.CachingOperationNameGenerator - [startingWith,41] - Generating unique operation named: getInfoUsingGET_85
17:58:52.623 [main] INFO  s.d.s.w.r.o.CachingOperationNameGenerator - [startingWith,41] - Generating unique operation named: removeUsingDELETE_78
17:58:52.633 [main] INFO  s.d.s.w.r.o.CachingOperationNameGenerator - [startingWith,41] - Generating unique operation named: listUsingGET_90
17:58:52.640 [main] INFO  s.d.s.w.r.o.CachingOperationNameGenerator - [startingWith,41] - Generating unique operation named: addUsingPOST_80
17:58:52.645 [main] INFO  s.d.s.w.r.o.CachingOperationNameGenerator - [startingWith,41] - Generating unique operation named: editUsingPUT_80
17:58:52.649 [main] INFO  s.d.s.w.r.o.CachingOperationNameGenerator - [startingWith,41] - Generating unique operation named: exportUsingGET_92
17:58:52.653 [main] INFO  s.d.s.w.r.o.CachingOperationNameGenerator - [startingWith,41] - Generating unique operation named: getInfoUsingGET_86
17:58:52.656 [main] INFO  s.d.s.w.r.o.CachingOperationNameGenerator - [startingWith,41] - Generating unique operation named: removeUsingDELETE_79
17:58:52.660 [main] INFO  s.d.s.w.r.o.CachingOperationNameGenerator - [startingWith,41] - Generating unique operation named: listUsingGET_91
17:58:52.667 [main] INFO  s.d.s.w.r.o.CachingOperationNameGenerator - [startingWith,41] - Generating unique operation named: addUsingPOST_81
17:58:52.672 [main] INFO  s.d.s.w.r.o.CachingOperationNameGenerator - [startingWith,41] - Generating unique operation named: editUsingPUT_81
17:58:52.678 [main] INFO  s.d.s.w.r.o.CachingOperationNameGenerator - [startingWith,41] - Generating unique operation named: exportUsingGET_93
17:58:52.684 [main] INFO  s.d.s.w.r.o.CachingOperationNameGenerator - [startingWith,41] - Generating unique operation named: getInfoUsingGET_87
17:58:52.691 [main] INFO  s.d.s.w.r.o.CachingOperationNameGenerator - [startingWith,41] - Generating unique operation named: removeUsingDELETE_80
17:58:52.697 [main] INFO  s.d.s.w.r.o.CachingOperationNameGenerator - [startingWith,41] - Generating unique operation named: listUsingGET_92
17:58:52.705 [main] INFO  s.d.s.w.r.o.CachingOperationNameGenerator - [startingWith,41] - Generating unique operation named: addUsingPOST_82
17:58:52.710 [main] INFO  s.d.s.w.r.o.CachingOperationNameGenerator - [startingWith,41] - Generating unique operation named: editUsingPUT_82
17:58:52.713 [main] INFO  s.d.s.w.r.o.CachingOperationNameGenerator - [startingWith,41] - Generating unique operation named: exportUsingGET_94
17:58:52.718 [main] INFO  s.d.s.w.r.o.CachingOperationNameGenerator - [startingWith,41] - Generating unique operation named: getInfoUsingGET_88
17:58:52.721 [main] INFO  s.d.s.w.r.o.CachingOperationNameGenerator - [startingWith,41] - Generating unique operation named: removeUsingDELETE_81
17:58:52.724 [main] INFO  s.d.s.w.r.o.CachingOperationNameGenerator - [startingWith,41] - Generating unique operation named: listUsingGET_93
17:58:52.730 [main] INFO  s.d.s.w.r.o.CachingOperationNameGenerator - [startingWith,41] - Generating unique operation named: addUsingPOST_83
17:58:52.734 [main] INFO  s.d.s.w.r.o.CachingOperationNameGenerator - [startingWith,41] - Generating unique operation named: auditUsingPUT_9
17:58:52.738 [main] INFO  s.d.s.w.r.o.CachingOperationNameGenerator - [startingWith,41] - Generating unique operation named: editUsingPUT_83
17:58:52.745 [main] INFO  s.d.s.w.r.o.CachingOperationNameGenerator - [startingWith,41] - Generating unique operation named: exportUsingGET_95
17:58:52.752 [main] INFO  s.d.s.w.r.o.CachingOperationNameGenerator - [startingWith,41] - Generating unique operation named: getInfoUsingGET_89
17:58:52.759 [main] INFO  s.d.s.w.r.o.CachingOperationNameGenerator - [startingWith,41] - Generating unique operation named: removeUsingDELETE_82
17:58:52.762 [main] INFO  s.d.s.w.r.o.CachingOperationNameGenerator - [startingWith,41] - Generating unique operation named: submitUsingPUT_9
17:58:52.768 [main] INFO  s.d.s.w.r.o.CachingOperationNameGenerator - [startingWith,41] - Generating unique operation named: listUsingGET_94
17:58:52.773 [main] INFO  s.d.s.w.r.o.CachingOperationNameGenerator - [startingWith,41] - Generating unique operation named: list4AuditUsingGET_9
17:58:52.779 [main] INFO  s.d.s.w.r.o.CachingOperationNameGenerator - [startingWith,41] - Generating unique operation named: addUsingPOST_84
17:58:52.785 [main] INFO  s.d.s.w.r.o.CachingOperationNameGenerator - [startingWith,41] - Generating unique operation named: editUsingPUT_84
17:58:52.788 [main] INFO  s.d.s.w.r.o.CachingOperationNameGenerator - [startingWith,41] - Generating unique operation named: exportUsingGET_96
17:58:52.793 [main] INFO  s.d.s.w.r.o.CachingOperationNameGenerator - [startingWith,41] - Generating unique operation named: getInfoUsingGET_90
17:58:52.805 [main] INFO  s.d.s.w.r.o.CachingOperationNameGenerator - [startingWith,41] - Generating unique operation named: removeUsingDELETE_83
17:58:52.811 [main] INFO  s.d.s.w.r.o.CachingOperationNameGenerator - [startingWith,41] - Generating unique operation named: listUsingGET_95
17:58:52.819 [main] INFO  s.d.s.w.r.o.CachingOperationNameGenerator - [startingWith,41] - Generating unique operation named: addUsingPOST_85
17:58:52.823 [main] INFO  s.d.s.w.r.o.CachingOperationNameGenerator - [startingWith,41] - Generating unique operation named: editUsingPUT_85
17:58:52.830 [main] INFO  s.d.s.w.r.o.CachingOperationNameGenerator - [startingWith,41] - Generating unique operation named: exportUsingGET_97
17:58:52.837 [main] INFO  s.d.s.w.r.o.CachingOperationNameGenerator - [startingWith,41] - Generating unique operation named: getInfoUsingGET_91
17:58:52.842 [main] INFO  s.d.s.w.r.o.CachingOperationNameGenerator - [startingWith,41] - Generating unique operation named: listUsingGET_96
17:58:52.847 [main] INFO  s.d.s.w.r.o.CachingOperationNameGenerator - [startingWith,41] - Generating unique operation named: removeUsingDELETE_84
17:58:52.854 [main] INFO  s.d.s.w.r.o.CachingOperationNameGenerator - [startingWith,41] - Generating unique operation named: addUsingPOST_86
17:58:52.859 [main] INFO  s.d.s.w.r.o.CachingOperationNameGenerator - [startingWith,41] - Generating unique operation named: editUsingPUT_86
17:58:52.865 [main] INFO  s.d.s.w.r.o.CachingOperationNameGenerator - [startingWith,41] - Generating unique operation named: exportUsingGET_98
17:58:52.871 [main] INFO  s.d.s.w.r.o.CachingOperationNameGenerator - [startingWith,41] - Generating unique operation named: getInfoUsingGET_92
17:58:52.877 [main] INFO  s.d.s.w.r.o.CachingOperationNameGenerator - [startingWith,41] - Generating unique operation named: removeUsingDELETE_85
17:58:52.883 [main] INFO  s.d.s.w.r.o.CachingOperationNameGenerator - [startingWith,41] - Generating unique operation named: listUsingGET_97
17:58:52.892 [main] INFO  s.d.s.w.r.o.CachingOperationNameGenerator - [startingWith,41] - Generating unique operation named: addUsingPOST_87
17:58:52.897 [main] INFO  s.d.s.w.r.o.CachingOperationNameGenerator - [startingWith,41] - Generating unique operation named: editUsingPUT_87
17:58:52.904 [main] INFO  s.d.s.w.r.o.CachingOperationNameGenerator - [startingWith,41] - Generating unique operation named: exportUsingGET_99
17:58:52.912 [main] INFO  s.d.s.w.r.o.CachingOperationNameGenerator - [startingWith,41] - Generating unique operation named: getInfoUsingGET_93
17:58:52.918 [main] INFO  s.d.s.w.r.o.CachingOperationNameGenerator - [startingWith,41] - Generating unique operation named: removeUsingDELETE_86
17:58:52.924 [main] INFO  s.d.s.w.r.o.CachingOperationNameGenerator - [startingWith,41] - Generating unique operation named: listUsingGET_98
17:58:52.936 [main] INFO  s.d.s.w.r.o.CachingOperationNameGenerator - [startingWith,41] - Generating unique operation named: addUsingPOST_88
17:58:52.941 [main] INFO  s.d.s.w.r.o.CachingOperationNameGenerator - [startingWith,41] - Generating unique operation named: auditUsingPUT_10
17:58:52.955 [main] INFO  s.d.s.w.r.o.CachingOperationNameGenerator - [startingWith,41] - Generating unique operation named: editUsingPUT_88
17:58:52.965 [main] INFO  s.d.s.w.r.o.CachingOperationNameGenerator - [startingWith,41] - Generating unique operation named: exportUsingGET_100
17:58:52.971 [main] INFO  s.d.s.w.r.o.CachingOperationNameGenerator - [startingWith,41] - Generating unique operation named: getInfoUsingGET_94
17:58:52.980 [main] INFO  s.d.s.w.r.o.CachingOperationNameGenerator - [startingWith,41] - Generating unique operation named: removeUsingDELETE_87
17:58:52.985 [main] INFO  s.d.s.w.r.o.CachingOperationNameGenerator - [startingWith,41] - Generating unique operation named: submitUsingPUT_10
17:58:52.991 [main] INFO  s.d.s.w.r.o.CachingOperationNameGenerator - [startingWith,41] - Generating unique operation named: listUsingGET_99
17:58:52.996 [main] INFO  s.d.s.w.r.o.CachingOperationNameGenerator - [startingWith,41] - Generating unique operation named: list4AuditUsingGET_10
17:58:53.005 [main] INFO  s.d.s.w.r.o.CachingOperationNameGenerator - [startingWith,41] - Generating unique operation named: addUsingPOST_89
17:58:53.010 [main] INFO  s.d.s.w.r.o.CachingOperationNameGenerator - [startingWith,41] - Generating unique operation named: editUsingPUT_89
17:58:53.015 [main] INFO  s.d.s.w.r.o.CachingOperationNameGenerator - [startingWith,41] - Generating unique operation named: exportUsingGET_101
17:58:53.022 [main] INFO  s.d.s.w.r.o.CachingOperationNameGenerator - [startingWith,41] - Generating unique operation named: getInfoUsingGET_95
17:58:53.026 [main] INFO  s.d.s.w.r.o.CachingOperationNameGenerator - [startingWith,41] - Generating unique operation named: removeUsingDELETE_88
17:58:53.032 [main] INFO  s.d.s.w.r.o.CachingOperationNameGenerator - [startingWith,41] - Generating unique operation named: listUsingGET_100
17:58:53.041 [main] INFO  s.d.s.w.r.o.CachingOperationNameGenerator - [startingWith,41] - Generating unique operation named: addUsingPOST_90
17:58:53.046 [main] INFO  s.d.s.w.r.o.CachingOperationNameGenerator - [startingWith,41] - Generating unique operation named: editUsingPUT_90
17:58:53.053 [main] INFO  s.d.s.w.r.o.CachingOperationNameGenerator - [startingWith,41] - Generating unique operation named: exportUsingGET_102
17:58:53.060 [main] INFO  s.d.s.w.r.o.CachingOperationNameGenerator - [startingWith,41] - Generating unique operation named: getInfoUsingGET_96
17:58:53.066 [main] INFO  s.d.s.w.r.o.CachingOperationNameGenerator - [startingWith,41] - Generating unique operation named: removeUsingDELETE_89
17:58:53.072 [main] INFO  s.d.s.w.r.o.CachingOperationNameGenerator - [startingWith,41] - Generating unique operation named: listUsingGET_101
17:58:53.085 [main] INFO  s.d.s.w.r.o.CachingOperationNameGenerator - [startingWith,41] - Generating unique operation named: addUsingPOST_91
17:58:53.089 [main] INFO  s.d.s.w.r.o.CachingOperationNameGenerator - [startingWith,41] - Generating unique operation named: auditUsingPUT_11
17:58:53.095 [main] INFO  s.d.s.w.r.o.CachingOperationNameGenerator - [startingWith,41] - Generating unique operation named: editUsingPUT_91
17:58:53.106 [main] INFO  s.d.s.w.r.o.CachingOperationNameGenerator - [startingWith,41] - Generating unique operation named: exportUsingGET_103
17:58:53.120 [main] INFO  s.d.s.w.r.o.CachingOperationNameGenerator - [startingWith,41] - Generating unique operation named: getInfoUsingGET_97
17:58:53.126 [main] INFO  s.d.s.w.r.o.CachingOperationNameGenerator - [startingWith,41] - Generating unique operation named: removeUsingDELETE_90
17:58:53.133 [main] INFO  s.d.s.w.r.o.CachingOperationNameGenerator - [startingWith,41] - Generating unique operation named: submitUsingPUT_11
17:58:53.139 [main] INFO  s.d.s.w.r.o.CachingOperationNameGenerator - [startingWith,41] - Generating unique operation named: listUsingGET_102
17:58:53.146 [main] INFO  s.d.s.w.r.o.CachingOperationNameGenerator - [startingWith,41] - Generating unique operation named: list4AuditUsingGET_11
17:58:53.155 [main] INFO  s.d.s.w.r.o.CachingOperationNameGenerator - [startingWith,41] - Generating unique operation named: addUsingPOST_92
17:58:53.163 [main] INFO  s.d.s.w.r.o.CachingOperationNameGenerator - [startingWith,41] - Generating unique operation named: editUsingPUT_92
17:58:53.169 [main] INFO  s.d.s.w.r.o.CachingOperationNameGenerator - [startingWith,41] - Generating unique operation named: exportUsingGET_104
17:58:53.175 [main] INFO  s.d.s.w.r.o.CachingOperationNameGenerator - [startingWith,41] - Generating unique operation named: getInfoUsingGET_98
17:58:53.180 [main] INFO  s.d.s.w.r.o.CachingOperationNameGenerator - [startingWith,41] - Generating unique operation named: removeUsingDELETE_91
17:58:53.186 [main] INFO  s.d.s.w.r.o.CachingOperationNameGenerator - [startingWith,41] - Generating unique operation named: listUsingGET_103
17:58:53.197 [main] INFO  s.d.s.w.r.o.CachingOperationNameGenerator - [startingWith,41] - Generating unique operation named: addUsingPOST_93
17:58:53.204 [main] INFO  s.d.s.w.r.o.CachingOperationNameGenerator - [startingWith,41] - Generating unique operation named: editUsingPUT_93
17:58:53.211 [main] INFO  s.d.s.w.r.o.CachingOperationNameGenerator - [startingWith,41] - Generating unique operation named: exportUsingGET_105
17:58:53.219 [main] INFO  s.d.s.w.r.o.CachingOperationNameGenerator - [startingWith,41] - Generating unique operation named: getInfoUsingGET_99
17:58:53.223 [main] INFO  s.d.s.w.r.o.CachingOperationNameGenerator - [startingWith,41] - Generating unique operation named: removeUsingDELETE_92
17:58:53.228 [main] INFO  s.d.s.w.r.o.CachingOperationNameGenerator - [startingWith,41] - Generating unique operation named: listUsingGET_104
17:58:53.236 [main] INFO  s.d.s.w.r.o.CachingOperationNameGenerator - [startingWith,41] - Generating unique operation named: addUsingPOST_94
17:58:53.242 [main] INFO  s.d.s.w.r.o.CachingOperationNameGenerator - [startingWith,41] - Generating unique operation named: editUsingPUT_94
17:58:53.249 [main] INFO  s.d.s.w.r.o.CachingOperationNameGenerator - [startingWith,41] - Generating unique operation named: exportUsingGET_106
17:58:53.256 [main] INFO  s.d.s.w.r.o.CachingOperationNameGenerator - [startingWith,41] - Generating unique operation named: getInfoUsingGET_100
17:58:53.260 [main] INFO  s.d.s.w.r.o.CachingOperationNameGenerator - [startingWith,41] - Generating unique operation named: removeUsingDELETE_93
17:58:53.267 [main] INFO  s.d.s.w.r.o.CachingOperationNameGenerator - [startingWith,41] - Generating unique operation named: listUsingGET_105
17:58:53.274 [main] INFO  s.d.s.w.r.o.CachingOperationNameGenerator - [startingWith,41] - Generating unique operation named: addUsingPOST_95
17:58:53.281 [main] INFO  s.d.s.w.r.o.CachingOperationNameGenerator - [startingWith,41] - Generating unique operation named: editUsingPUT_95
17:58:53.288 [main] INFO  s.d.s.w.r.o.CachingOperationNameGenerator - [startingWith,41] - Generating unique operation named: exportUsingGET_107
17:58:53.295 [main] INFO  s.d.s.w.r.o.CachingOperationNameGenerator - [startingWith,41] - Generating unique operation named: getInfoUsingGET_101
17:58:53.301 [main] INFO  s.d.s.w.r.o.CachingOperationNameGenerator - [startingWith,41] - Generating unique operation named: removeUsingDELETE_94
17:58:53.305 [main] INFO  s.d.s.w.r.o.CachingOperationNameGenerator - [startingWith,41] - Generating unique operation named: listUsingGET_106
17:58:53.312 [main] INFO  s.d.s.w.r.o.CachingOperationNameGenerator - [startingWith,41] - Generating unique operation named: addUsingPOST_96
17:58:53.318 [main] INFO  s.d.s.w.r.o.CachingOperationNameGenerator - [startingWith,41] - Generating unique operation named: editUsingPUT_96
17:58:53.328 [main] INFO  s.d.s.w.r.o.CachingOperationNameGenerator - [startingWith,41] - Generating unique operation named: exportUsingGET_108
17:58:53.336 [main] INFO  s.d.s.w.r.o.CachingOperationNameGenerator - [startingWith,41] - Generating unique operation named: getInfoUsingGET_102
17:58:53.340 [main] INFO  s.d.s.w.r.o.CachingOperationNameGenerator - [startingWith,41] - Generating unique operation named: removeUsingDELETE_95
17:58:53.347 [main] INFO  s.d.s.w.r.o.CachingOperationNameGenerator - [startingWith,41] - Generating unique operation named: listUsingGET_107
17:58:53.355 [main] INFO  s.d.s.w.r.o.CachingOperationNameGenerator - [startingWith,41] - Generating unique operation named: addUsingPOST_97
17:58:53.359 [main] INFO  s.d.s.w.r.o.CachingOperationNameGenerator - [startingWith,41] - Generating unique operation named: editUsingPUT_97
17:58:53.364 [main] INFO  s.d.s.w.r.o.CachingOperationNameGenerator - [startingWith,41] - Generating unique operation named: exportUsingGET_109
17:58:53.372 [main] INFO  s.d.s.w.r.o.CachingOperationNameGenerator - [startingWith,41] - Generating unique operation named: getInfoUsingGET_103
17:58:53.377 [main] INFO  s.d.s.w.r.o.CachingOperationNameGenerator - [startingWith,41] - Generating unique operation named: removeUsingDELETE_96
17:58:53.384 [main] INFO  s.d.s.w.r.o.CachingOperationNameGenerator - [startingWith,41] - Generating unique operation named: listUsingGET_108
17:58:53.392 [main] INFO  s.d.s.w.r.o.CachingOperationNameGenerator - [startingWith,41] - Generating unique operation named: addUsingPOST_98
17:58:53.396 [main] INFO  s.d.s.w.r.o.CachingOperationNameGenerator - [startingWith,41] - Generating unique operation named: editUsingPUT_98
17:58:53.404 [main] INFO  s.d.s.w.r.o.CachingOperationNameGenerator - [startingWith,41] - Generating unique operation named: exportUsingGET_110
17:58:53.411 [main] INFO  s.d.s.w.r.o.CachingOperationNameGenerator - [startingWith,41] - Generating unique operation named: getInfoUsingGET_104
17:58:53.422 [main] INFO  s.d.s.w.r.o.CachingOperationNameGenerator - [startingWith,41] - Generating unique operation named: removeUsingDELETE_97
17:58:53.426 [main] INFO  s.d.s.w.r.o.CachingOperationNameGenerator - [startingWith,41] - Generating unique operation named: listUsingGET_109
17:58:53.433 [main] INFO  s.d.s.w.r.o.CachingOperationNameGenerator - [startingWith,41] - Generating unique operation named: addUsingPOST_99
17:58:53.438 [main] INFO  s.d.s.w.r.o.CachingOperationNameGenerator - [startingWith,41] - Generating unique operation named: editUsingPUT_99
17:58:53.443 [main] INFO  s.d.s.w.r.o.CachingOperationNameGenerator - [startingWith,41] - Generating unique operation named: exportUsingGET_111
17:58:53.448 [main] INFO  s.d.s.w.r.o.CachingOperationNameGenerator - [startingWith,41] - Generating unique operation named: getInfoUsingGET_105
17:58:53.452 [main] INFO  s.d.s.w.r.o.CachingOperationNameGenerator - [startingWith,41] - Generating unique operation named: removeUsingDELETE_98
17:58:53.457 [main] INFO  s.d.s.w.r.o.CachingOperationNameGenerator - [startingWith,41] - Generating unique operation named: listUsingGET_110
17:58:53.476 [main] INFO  o.a.c.h.Http11NioProtocol - [log,173] - Starting ProtocolHandler ["http-nio-9090"]
17:58:53.503 [main] INFO  c.neu.NeuApplication - [logStarted,61] - Started NeuApplication in 19.383 seconds (JVM running for 19.852)
17:58:54.503 [Quartz Scheduler [RuoyiScheduler]] INFO  o.q.c.QuartzScheduler - [start,547] - Scheduler RuoyiScheduler_$_LAPTOP-802K4BVQ1778752724698 started.
17:58:55.248 [http-nio-9090-exec-3] INFO  o.a.c.c.C.[.[.[/] - [log,173] - Initializing Spring DispatcherServlet 'dispatcherServlet'
18:18:08.812 [schedule-pool-1] INFO  sys-user - [run,56] - [127.0.0.1]内网IP[admin][Logout][退出成功]
18:18:14.834 [schedule-pool-1] INFO  sys-user - [run,56] - [127.0.0.1]内网IP[admin][Success][登录成功]
18:55:33.724 [background-preinit] INFO  o.h.v.i.util.Version - [<clinit>,21] - HV000001: Hibernate Validator 6.0.21.Final
18:55:33.740 [main] INFO  c.neu.NeuApplication - [logStarting,55] - Starting NeuApplication on LAPTOP-802K4BVQ with PID 34412 (D:\Users\002\Desktop\后端\neu-admin\target\carbon.jar started by 002 in C:\Users\002\.openclaw\workspace)
18:55:33.740 [main] INFO  c.neu.NeuApplication - [logStartupProfileInfo,655] - The following profiles are active: druid
18:55:37.310 [main] INFO  o.a.c.h.Http11NioProtocol - [log,173] - Initializing ProtocolHandler ["http-nio-9090"]
18:55:37.311 [main] INFO  o.a.c.c.StandardService - [log,173] - Starting service [Tomcat]
18:55:37.312 [main] INFO  o.a.c.c.StandardEngine - [log,173] - Starting Servlet engine: [Apache Tomcat/9.0.41]
18:55:37.423 [main] INFO  o.a.c.c.C.[.[.[/] - [log,173] - Initializing Spring embedded WebApplicationContext
18:55:41.264 [main] INFO  c.a.d.p.DruidDataSource - [init,985] - {dataSource-1} inited
18:55:41.660 [main] INFO  i.l.c.EpollProvider - [<clinit>,68] - Starting without optional epoll library
18:55:41.662 [main] INFO  i.l.c.KqueueProvider - [<clinit>,70] - Starting without optional kqueue library
18:55:44.299 [main] INFO  o.q.i.StdSchedulerFactory - [instantiate,1220] - Using default implementation for ThreadExecutor
18:55:44.320 [main] INFO  o.q.c.SchedulerSignalerImpl - [<init>,61] - Initialized Scheduler Signaller of type: class org.quartz.core.SchedulerSignalerImpl
18:55:44.320 [main] INFO  o.q.c.QuartzScheduler - [<init>,229] - Quartz Scheduler v.2.3.2 created.
18:55:44.327 [main] INFO  o.q.c.QuartzScheduler - [initialize,294] - Scheduler meta-data: Quartz Scheduler (v2.3.2) 'RuoyiScheduler' with instanceId 'LAPTOP-802K4BVQ1778756144301'
  Scheduler class: 'org.quartz.core.QuartzScheduler' - running locally.
  NOT STARTED.
  Currently in standby mode.
  Number of jobs executed: 0
  Using thread pool 'org.quartz.simpl.SimpleThreadPool' - with 20 threads.
  Using job-store 'org.springframework.scheduling.quartz.LocalDataSourceJobStore' - which supports persistence. and is clustered.

18:55:44.328 [main] INFO  o.q.i.StdSchedulerFactory - [instantiate,1374] - Quartz scheduler 'RuoyiScheduler' initialized from an externally provided properties instance.
18:55:44.328 [main] INFO  o.q.i.StdSchedulerFactory - [instantiate,1378] - Quartz scheduler version: 2.3.2
18:55:44.329 [main] INFO  o.q.c.QuartzScheduler - [setJobFactory,2293] - JobFactory set to: org.springframework.scheduling.quartz.AdaptableJobFactory@1ad777f
18:55:46.966 [main] INFO  o.q.c.QuartzScheduler - [shutdown,666] - Scheduler RuoyiScheduler_$_LAPTOP-802K4BVQ1778756144301 shutting down.
18:55:46.966 [main] INFO  o.q.c.QuartzScheduler - [standby,585] - Scheduler RuoyiScheduler_$_LAPTOP-802K4BVQ1778756144301 paused.
18:55:46.967 [main] INFO  o.q.c.QuartzScheduler - [shutdown,740] - Scheduler RuoyiScheduler_$_LAPTOP-802K4BVQ1778756144301 shutdown complete.
18:55:46.967 [main] INFO  sys-user - [shutdownAsyncManager,31] - ====关闭后台任务任务线程池====
18:55:46.981 [main] INFO  c.a.d.p.DruidDataSource - [close,2032] - {dataSource-1} closing ...
18:55:46.989 [main] INFO  c.a.d.p.DruidDataSource - [close,2104] - {dataSource-1} closed
18:55:47.123 [main] INFO  o.a.c.c.StandardService - [log,173] - Stopping service [Tomcat]
18:58:16.926 [background-preinit] INFO  o.h.v.i.util.Version - [<clinit>,21] - HV000001: Hibernate Validator 6.0.21.Final
18:58:16.946 [main] INFO  c.neu.NeuApplication - [logStarting,55] - Starting NeuApplication on LAPTOP-802K4BVQ with PID 34776 (D:\Users\002\Desktop\后端\neu-admin\target\carbon.jar started by 002 in C:\Users\002\.openclaw\workspace)
18:58:16.946 [main] INFO  c.neu.NeuApplication - [logStartupProfileInfo,655] - The following profiles are active: druid
18:58:20.460 [main] INFO  o.a.c.h.Http11NioProtocol - [log,173] - Initializing ProtocolHandler ["http-nio-9090"]
18:58:20.461 [main] INFO  o.a.c.c.StandardService - [log,173] - Starting service [Tomcat]
18:58:20.462 [main] INFO  o.a.c.c.StandardEngine - [log,173] - Starting Servlet engine: [Apache Tomcat/9.0.41]
18:58:20.566 [main] INFO  o.a.c.c.C.[.[.[/] - [log,173] - Initializing Spring embedded WebApplicationContext
18:58:24.524 [main] INFO  c.a.d.p.DruidDataSource - [init,985] - {dataSource-1} inited
18:58:24.915 [main] INFO  i.l.c.EpollProvider - [<clinit>,68] - Starting without optional epoll library
18:58:24.917 [main] INFO  i.l.c.KqueueProvider - [<clinit>,70] - Starting without optional kqueue library
18:58:28.137 [main] INFO  o.q.i.StdSchedulerFactory - [instantiate,1220] - Using default implementation for ThreadExecutor
18:58:28.154 [main] INFO  o.q.c.SchedulerSignalerImpl - [<init>,61] - Initialized Scheduler Signaller of type: class org.quartz.core.SchedulerSignalerImpl
18:58:28.155 [main] INFO  o.q.c.QuartzScheduler - [<init>,229] - Quartz Scheduler v.2.3.2 created.
18:58:28.161 [main] INFO  o.q.c.QuartzScheduler - [initialize,294] - Scheduler meta-data: Quartz Scheduler (v2.3.2) 'RuoyiScheduler' with instanceId 'LAPTOP-802K4BVQ1778756308139'
  Scheduler class: 'org.quartz.core.QuartzScheduler' - running locally.
  NOT STARTED.
  Currently in standby mode.
  Number of jobs executed: 0
  Using thread pool 'org.quartz.simpl.SimpleThreadPool' - with 20 threads.
  Using job-store 'org.springframework.scheduling.quartz.LocalDataSourceJobStore' - which supports persistence. and is clustered.

18:58:28.161 [main] INFO  o.q.i.StdSchedulerFactory - [instantiate,1374] - Quartz scheduler 'RuoyiScheduler' initialized from an externally provided properties instance.
18:58:28.161 [main] INFO  o.q.i.StdSchedulerFactory - [instantiate,1378] - Quartz scheduler version: 2.3.2
18:58:28.163 [main] INFO  o.q.c.QuartzScheduler - [setJobFactory,2293] - JobFactory set to: org.springframework.scheduling.quartz.AdaptableJobFactory@30457e14
18:58:30.409 [main] INFO  o.q.c.QuartzScheduler - [shutdown,666] - Scheduler RuoyiScheduler_$_LAPTOP-802K4BVQ1778756308139 shutting down.
18:58:30.410 [main] INFO  o.q.c.QuartzScheduler - [standby,585] - Scheduler RuoyiScheduler_$_LAPTOP-802K4BVQ1778756308139 paused.
18:58:30.411 [main] INFO  o.q.c.QuartzScheduler - [shutdown,740] - Scheduler RuoyiScheduler_$_LAPTOP-802K4BVQ1778756308139 shutdown complete.
18:58:30.411 [main] INFO  sys-user - [shutdownAsyncManager,31] - ====关闭后台任务任务线程池====
18:58:30.423 [main] INFO  c.a.d.p.DruidDataSource - [close,2032] - {dataSource-1} closing ...
18:58:30.431 [main] INFO  c.a.d.p.DruidDataSource - [close,2104] - {dataSource-1} closed
18:58:30.562 [main] INFO  o.a.c.c.StandardService - [log,173] - Stopping service [Tomcat]
19:04:52.817 [background-preinit] INFO  o.h.v.i.util.Version - [<clinit>,21] - HV000001: Hibernate Validator 6.0.21.Final
19:04:52.836 [main] INFO  c.neu.NeuApplication - [logStarting,55] - Starting NeuApplication on LAPTOP-802K4BVQ with PID 32384 (D:\Users\002\Desktop\后端\neu-admin\target\carbon.jar started by 002 in C:\Users\002\.openclaw\workspace)
19:04:52.838 [main] INFO  c.neu.NeuApplication - [logStartupProfileInfo,655] - The following profiles are active: druid
19:04:56.575 [main] INFO  o.a.c.h.Http11NioProtocol - [log,173] - Initializing ProtocolHandler ["http-nio-9090"]
19:04:56.577 [main] INFO  o.a.c.c.StandardService - [log,173] - Starting service [Tomcat]
19:04:56.577 [main] INFO  o.a.c.c.StandardEngine - [log,173] - Starting Servlet engine: [Apache Tomcat/9.0.41]
19:04:56.663 [main] INFO  o.a.c.c.C.[.[.[/] - [log,173] - Initializing Spring embedded WebApplicationContext
19:05:00.444 [main] INFO  c.a.d.p.DruidDataSource - [init,985] - {dataSource-1} inited
19:05:00.826 [main] INFO  i.l.c.EpollProvider - [<clinit>,68] - Starting without optional epoll library
19:05:00.828 [main] INFO  i.l.c.KqueueProvider - [<clinit>,70] - Starting without optional kqueue library
19:05:03.561 [main] INFO  o.q.i.StdSchedulerFactory - [instantiate,1220] - Using default implementation for ThreadExecutor
19:05:03.583 [main] INFO  o.q.c.SchedulerSignalerImpl - [<init>,61] - Initialized Scheduler Signaller of type: class org.quartz.core.SchedulerSignalerImpl
19:05:03.583 [main] INFO  o.q.c.QuartzScheduler - [<init>,229] - Quartz Scheduler v.2.3.2 created.
19:05:03.592 [main] INFO  o.q.c.QuartzScheduler - [initialize,294] - Scheduler meta-data: Quartz Scheduler (v2.3.2) 'RuoyiScheduler' with instanceId 'LAPTOP-802K4BVQ1778756703564'
  Scheduler class: 'org.quartz.core.QuartzScheduler' - running locally.
  NOT STARTED.
  Currently in standby mode.
  Number of jobs executed: 0
  Using thread pool 'org.quartz.simpl.SimpleThreadPool' - with 20 threads.
  Using job-store 'org.springframework.scheduling.quartz.LocalDataSourceJobStore' - which supports persistence. and is clustered.

19:05:03.592 [main] INFO  o.q.i.StdSchedulerFactory - [instantiate,1374] - Quartz scheduler 'RuoyiScheduler' initialized from an externally provided properties instance.
19:05:03.592 [main] INFO  o.q.i.StdSchedulerFactory - [instantiate,1378] - Quartz scheduler version: 2.3.2
19:05:03.594 [main] INFO  o.q.c.QuartzScheduler - [setJobFactory,2293] - JobFactory set to: org.springframework.scheduling.quartz.AdaptableJobFactory@3b582111
19:05:06.141 [main] INFO  s.d.s.w.WebMvcPropertySourcedRequestMappingHandlerMapping - [initHandlerMethods,69] - Mapped URL path [/v2/api-docs] onto method [springfox.documentation.swagger2.web.Swagger2ControllerWebMvc#getDocumentation(String, HttpServletRequest)]
19:05:07.229 [main] INFO  s.d.s.w.p.DocumentationPluginsBootstrapper - [start,93] - Documentation plugins bootstrapped
19:05:07.234 [main] INFO  s.d.s.w.p.DocumentationPluginsBootstrapper - [bootstrapDocumentationPlugins,79] - Found 1 custom documentation plugin(s)
19:05:07.554 [main] INFO  s.d.s.w.s.ApiListingReferenceScanner - [scan,44] - Scanning for api listing references
19:05:07.909 [main] INFO  s.d.s.w.r.o.CachingOperationNameGenerator - [startingWith,41] - Generating unique operation named: getInfoUsingGET_1
19:05:07.953 [main] INFO  s.d.s.w.r.o.CachingOperationNameGenerator - [startingWith,41] - Generating unique operation named: addUsingPOST_1
19:05:07.958 [main] INFO  s.d.s.w.r.o.CachingOperationNameGenerator - [startingWith,41] - Generating unique operation named: editUsingPUT_1
19:05:07.986 [main] INFO  s.d.s.w.r.o.CachingOperationNameGenerator - [startingWith,41] - Generating unique operation named: exportUsingGET_1
19:05:08.015 [main] INFO  s.d.s.w.r.o.CachingOperationNameGenerator - [startingWith,41] - Generating unique operation named: getInfoUsingGET_2
19:05:08.023 [main] INFO  s.d.s.w.r.o.CachingOperationNameGenerator - [startingWith,41] - Generating unique operation named: removeUsingDELETE_1
19:05:08.054 [main] INFO  s.d.s.w.r.o.CachingOperationNameGenerator - [startingWith,41] - Generating unique operation named: listUsingGET_1
19:05:08.062 [main] INFO  s.d.s.w.r.o.CachingOperationNameGenerator - [startingWith,41] - Generating unique operation named: addUsingPOST_2
19:05:08.066 [main] INFO  s.d.s.w.r.o.CachingOperationNameGenerator - [startingWith,41] - Generating unique operation named: editUsingPUT_2
19:05:08.070 [main] INFO  s.d.s.w.r.o.CachingOperationNameGenerator - [startingWith,41] - Generating unique operation named: exportUsingGET_2
19:05:08.074 [main] INFO  s.d.s.w.r.o.CachingOperationNameGenerator - [startingWith,41] - Generating unique operation named: getInfoUsingGET_3
19:05:08.078 [main] INFO  s.d.s.w.r.o.CachingOperationNameGenerator - [startingWith,41] - Generating unique operation named: removeUsingDELETE_2
19:05:08.082 [main] INFO  s.d.s.w.r.o.CachingOperationNameGenerator - [startingWith,41] - Generating unique operation named: listUsingGET_2
19:05:08.100 [main] INFO  s.d.s.w.r.o.CachingOperationNameGenerator - [startingWith,41] - Generating unique operation named: addUsingPOST_3
19:05:08.105 [main] INFO  s.d.s.w.r.o.CachingOperationNameGenerator - [startingWith,41] - Generating unique operation named: editUsingPUT_3
19:05:08.113 [main] INFO  s.d.s.w.r.o.CachingOperationNameGenerator - [startingWith,41] - Generating unique operation named: exportUsingGET_3
19:05:08.130 [main] INFO  s.d.s.w.r.o.CachingOperationNameGenerator - [startingWith,41] - Generating unique operation named: frontGetInfoUsingGET_1
19:05:08.134 [main] INFO  s.d.s.w.r.o.CachingOperationNameGenerator - [startingWith,41] - Generating unique operation named: getInfoUsingGET_4
19:05:08.138 [main] INFO  s.d.s.w.r.o.CachingOperationNameGenerator - [startingWith,41] - Generating unique operation named: removeUsingDELETE_3
19:05:08.144 [main] INFO  s.d.s.w.r.o.CachingOperationNameGenerator - [startingWith,41] - Generating unique operation named: frontListUsingGET_1
19:05:08.150 [main] INFO  s.d.s.w.r.o.CachingOperationNameGenerator - [startingWith,41] - Generating unique operation named: listUsingGET_3
19:05:08.158 [main] INFO  s.d.s.w.r.o.CachingOperationNameGenerator - [startingWith,41] - Generating unique operation named: addUsingPOST_4
19:05:08.162 [main] INFO  s.d.s.w.r.o.CachingOperationNameGenerator - [startingWith,41] - Generating unique operation named: editUsingPUT_4
19:05:08.167 [main] INFO  s.d.s.w.r.o.CachingOperationNameGenerator - [startingWith,41] - Generating unique operation named: exportUsingGET_4
19:05:08.172 [main] INFO  s.d.s.w.r.o.CachingOperationNameGenerator - [startingWith,41] - Generating unique operation named: getInfoUsingGET_5
19:05:08.175 [main] INFO  s.d.s.w.r.o.CachingOperationNameGenerator - [startingWith,41] - Generating unique operation named: removeUsingDELETE_4
19:05:08.180 [main] INFO  s.d.s.w.r.o.CachingOperationNameGenerator - [startingWith,41] - Generating unique operation named: listUsingGET_4
19:05:08.186 [main] INFO  s.d.s.w.r.o.CachingOperationNameGenerator - [startingWith,41] - Generating unique operation named: addUsingPOST_5
19:05:08.189 [main] INFO  s.d.s.w.r.o.CachingOperationNameGenerator - [startingWith,41] - Generating unique operation named: editUsingPUT_5
19:05:08.197 [main] INFO  s.d.s.w.r.o.CachingOperationNameGenerator - [startingWith,41] - Generating unique operation named: exportUsingGET_5
19:05:08.209 [main] INFO  s.d.s.w.r.o.CachingOperationNameGenerator - [startingWith,41] - Generating unique operation named: frontGetInfoUsingGET_2
19:05:08.215 [main] INFO  s.d.s.w.r.o.CachingOperationNameGenerator - [startingWith,41] - Generating unique operation named: getInfoUsingGET_6
19:05:08.219 [main] INFO  s.d.s.w.r.o.CachingOperationNameGenerator - [startingWith,41] - Generating unique operation named: removeUsingDELETE_5
19:05:08.228 [main] INFO  s.d.s.w.r.o.CachingOperationNameGenerator - [startingWith,41] - Generating unique operation named: frontListUsingGET_2
19:05:08.237 [main] INFO  s.d.s.w.r.o.CachingOperationNameGenerator - [startingWith,41] - Generating unique operation named: listUsingGET_5
19:05:08.245 [main] INFO  s.d.s.w.r.o.CachingOperationNameGenerator - [startingWith,41] - Generating unique operation named: addUsingPOST_6
19:05:08.248 [main] INFO  s.d.s.w.r.o.CachingOperationNameGenerator - [startingWith,41] - Generating unique operation named: editUsingPUT_6
19:05:08.253 [main] INFO  s.d.s.w.r.o.CachingOperationNameGenerator - [startingWith,41] - Generating unique operation named: exportUsingGET_6
19:05:08.257 [main] INFO  s.d.s.w.r.o.CachingOperationNameGenerator - [startingWith,41] - Generating unique operation named: getInfoUsingGET_7
19:05:08.262 [main] INFO  s.d.s.w.r.o.CachingOperationNameGenerator - [startingWith,41] - Generating unique operation named: removeUsingDELETE_6
19:05:08.268 [main] INFO  s.d.s.w.r.o.CachingOperationNameGenerator - [startingWith,41] - Generating unique operation named: listUsingGET_6
19:05:08.272 [main] INFO  s.d.s.w.r.o.CachingOperationNameGenerator - [startingWith,41] - Generating unique operation named: addUsingPOST_7
19:05:08.277 [main] INFO  s.d.s.w.r.o.CachingOperationNameGenerator - [startingWith,41] - Generating unique operation named: editUsingPUT_7
19:05:08.281 [main] INFO  s.d.s.w.r.o.CachingOperationNameGenerator - [startingWith,41] - Generating unique operation named: exportUsingGET_7
19:05:08.285 [main] INFO  s.d.s.w.r.o.CachingOperationNameGenerator - [startingWith,41] - Generating unique operation named: frontAddUsingPOST_1
19:05:08.292 [main] INFO  s.d.s.w.r.o.CachingOperationNameGenerator - [startingWith,41] - Generating unique operation named: frontGetInfoUsingGET_3
19:05:08.296 [main] INFO  s.d.s.w.r.o.CachingOperationNameGenerator - [startingWith,41] - Generating unique operation named: getInfoUsingGET_8
19:05:08.298 [main] INFO  s.d.s.w.r.o.CachingOperationNameGenerator - [startingWith,41] - Generating unique operation named: removeUsingDELETE_7
19:05:08.302 [main] INFO  s.d.s.w.r.o.CachingOperationNameGenerator - [startingWith,41] - Generating unique operation named: frontListUsingGET_3
19:05:08.305 [main] INFO  s.d.s.w.r.o.CachingOperationNameGenerator - [startingWith,41] - Generating unique operation named: listUsingGET_7
19:05:08.315 [main] INFO  s.d.s.w.r.o.CachingOperationNameGenerator - [startingWith,41] - Generating unique operation named: addUsingPOST_8
19:05:08.321 [main] INFO  s.d.s.w.r.o.CachingOperationNameGenerator - [startingWith,41] - Generating unique operation named: editUsingPUT_8
19:05:08.326 [main] INFO  s.d.s.w.r.o.CachingOperationNameGenerator - [startingWith,41] - Generating unique operation named: exportUsingGET_8
19:05:08.332 [main] INFO  s.d.s.w.r.o.CachingOperationNameGenerator - [startingWith,41] - Generating unique operation named: frontGetInfoUsingGET_4
19:05:08.337 [main] INFO  s.d.s.w.r.o.CachingOperationNameGenerator - [startingWith,41] - Generating unique operation named: getInfoUsingGET_9
19:05:08.340 [main] INFO  s.d.s.w.r.o.CachingOperationNameGenerator - [startingWith,41] - Generating unique operation named: removeUsingDELETE_8
19:05:08.347 [main] INFO  s.d.s.w.r.o.CachingOperationNameGenerator - [startingWith,41] - Generating unique operation named: frontListUsingGET_4
19:05:08.353 [main] INFO  s.d.s.w.r.o.CachingOperationNameGenerator - [startingWith,41] - Generating unique operation named: listUsingGET_8
19:05:08.365 [main] INFO  s.d.s.w.r.o.CachingOperationNameGenerator - [startingWith,41] - Generating unique operation named: addUsingPOST_9
19:05:08.369 [main] INFO  s.d.s.w.r.o.CachingOperationNameGenerator - [startingWith,41] - Generating unique operation named: editUsingPUT_9
19:05:08.376 [main] INFO  s.d.s.w.r.o.CachingOperationNameGenerator - [startingWith,41] - Generating unique operation named: exportUsingGET_9
19:05:08.385 [main] INFO  s.d.s.w.r.o.CachingOperationNameGenerator - [startingWith,41] - Generating unique operation named: frontGetInfoUsingGET_5
19:05:08.390 [main] INFO  s.d.s.w.r.o.CachingOperationNameGenerator - [startingWith,41] - Generating unique operation named: getInfoUsingGET_10
19:05:08.405 [main] INFO  s.d.s.w.r.o.CachingOperationNameGenerator - [startingWith,41] - Generating unique operation named: removeUsingDELETE_9
19:05:08.412 [main] INFO  s.d.s.w.r.o.CachingOperationNameGenerator - [startingWith,41] - Generating unique operation named: frontListUsingGET_5
19:05:08.418 [main] INFO  s.d.s.w.r.o.CachingOperationNameGenerator - [startingWith,41] - Generating unique operation named: listUsingGET_9
19:05:08.426 [main] INFO  s.d.s.w.r.o.CachingOperationNameGenerator - [startingWith,41] - Generating unique operation named: addUsingPOST_10
19:05:08.431 [main] INFO  s.d.s.w.r.o.CachingOperationNameGenerator - [startingWith,41] - Generating unique operation named: editUsingPUT_10
19:05:08.436 [main] INFO  s.d.s.w.r.o.CachingOperationNameGenerator - [startingWith,41] - Generating unique operation named: exportUsingGET_10
19:05:08.449 [main] INFO  s.d.s.w.r.o.CachingOperationNameGenerator - [startingWith,41] - Generating unique operation named: getInfoUsingGET_11
19:05:08.460 [main] INFO  s.d.s.w.r.o.CachingOperationNameGenerator - [startingWith,41] - Generating unique operation named: removeUsingDELETE_10
19:05:08.464 [main] INFO  s.d.s.w.r.o.CachingOperationNameGenerator - [startingWith,41] - Generating unique operation named: listUsingGET_10
19:05:08.471 [main] INFO  s.d.s.w.r.o.CachingOperationNameGenerator - [startingWith,41] - Generating unique operation named: addUsingPOST_11
19:05:08.474 [main] INFO  s.d.s.w.r.o.CachingOperationNameGenerator - [startingWith,41] - Generating unique operation named: editUsingPUT_11
19:05:08.479 [main] INFO  s.d.s.w.r.o.CachingOperationNameGenerator - [startingWith,41] - Generating unique operation named: exportUsingGET_11
19:05:08.484 [main] INFO  s.d.s.w.r.o.CachingOperationNameGenerator - [startingWith,41] - Generating unique operation named: getInfoUsingGET_12
19:05:08.487 [main] INFO  s.d.s.w.r.o.CachingOperationNameGenerator - [startingWith,41] - Generating unique operation named: removeUsingDELETE_11
19:05:08.491 [main] INFO  s.d.s.w.r.o.CachingOperationNameGenerator - [startingWith,41] - Generating unique operation named: listUsingGET_11
19:05:08.498 [main] INFO  s.d.s.w.r.o.CachingOperationNameGenerator - [startingWith,41] - Generating unique operation named: addUsingPOST_12
19:05:08.504 [main] INFO  s.d.s.w.r.o.CachingOperationNameGenerator - [startingWith,41] - Generating unique operation named: editUsingPUT_12
19:05:08.512 [main] INFO  s.d.s.w.r.o.CachingOperationNameGenerator - [startingWith,41] - Generating unique operation named: exportUsingGET_12
19:05:08.518 [main] INFO  s.d.s.w.r.o.CachingOperationNameGenerator - [startingWith,41] - Generating unique operation named: frontGetInfoUsingGET_6
19:05:08.525 [main] INFO  s.d.s.w.r.o.CachingOperationNameGenerator - [startingWith,41] - Generating unique operation named: getInfoUsingGET_13
19:05:08.530 [main] INFO  s.d.s.w.r.o.CachingOperationNameGenerator - [startingWith,41] - Generating unique operation named: removeUsingDELETE_12
19:05:08.535 [main] INFO  s.d.s.w.r.o.CachingOperationNameGenerator - [startingWith,41] - Generating unique operation named: frontListUsingGET_6
19:05:08.539 [main] INFO  s.d.s.w.r.o.CachingOperationNameGenerator - [startingWith,41] - Generating unique operation named: listUsingGET_12
19:05:08.549 [main] INFO  s.d.s.w.r.o.CachingOperationNameGenerator - [startingWith,41] - Generating unique operation named: addUsingPOST_13
19:05:08.553 [main] INFO  s.d.s.w.r.o.CachingOperationNameGenerator - [startingWith,41] - Generating unique operation named: editUsingPUT_13
19:05:08.560 [main] INFO  s.d.s.w.r.o.CachingOperationNameGenerator - [startingWith,41] - Generating unique operation named: exportUsingGET_13
19:05:08.567 [main] INFO  s.d.s.w.r.o.CachingOperationNameGenerator - [startingWith,41] - Generating unique operation named: frontGetInfoUsingGET_7
19:05:08.570 [main] INFO  s.d.s.w.r.o.CachingOperationNameGenerator - [startingWith,41] - Generating unique operation named: getInfoUsingGET_14
19:05:08.575 [main] INFO  s.d.s.w.r.o.CachingOperationNameGenerator - [startingWith,41] - Generating unique operation named: removeUsingDELETE_13
19:05:08.581 [main] INFO  s.d.s.w.r.o.CachingOperationNameGenerator - [startingWith,41] - Generating unique operation named: frontListUsingGET_7
19:05:08.585 [main] INFO  s.d.s.w.r.o.CachingOperationNameGenerator - [startingWith,41] - Generating unique operation named: listUsingGET_13
19:05:08.590 [main] INFO  s.d.s.w.r.o.CachingOperationNameGenerator - [startingWith,41] - Generating unique operation named: addUsingPOST_14
19:05:08.595 [main] INFO  s.d.s.w.r.o.CachingOperationNameGenerator - [startingWith,41] - Generating unique operation named: editUsingPUT_14
19:05:08.598 [main] INFO  s.d.s.w.r.o.CachingOperationNameGenerator - [startingWith,41] - Generating unique operation named: exportUsingGET_14
19:05:08.602 [main] INFO  s.d.s.w.r.o.CachingOperationNameGenerator - [startingWith,41] - Generating unique operation named: getInfoUsingGET_15
19:05:08.604 [main] INFO  s.d.s.w.r.o.CachingOperationNameGenerator - [startingWith,41] - Generating unique operation named: removeUsingDELETE_14
19:05:08.608 [main] INFO  s.d.s.w.r.o.CachingOperationNameGenerator - [startingWith,41] - Generating unique operation named: listUsingGET_14
19:05:08.628 [main] INFO  s.d.s.w.r.o.CachingOperationNameGenerator - [startingWith,41] - Generating unique operation named: addUsingPOST_15
19:05:08.633 [main] INFO  s.d.s.w.r.o.CachingOperationNameGenerator - [startingWith,41] - Generating unique operation named: editUsingPUT_15
19:05:08.638 [main] INFO  s.d.s.w.r.o.CachingOperationNameGenerator - [startingWith,41] - Generating unique operation named: exportUsingGET_15
19:05:08.643 [main] INFO  s.d.s.w.r.o.CachingOperationNameGenerator - [startingWith,41] - Generating unique operation named: getInfoUsingGET_16
19:05:08.647 [main] INFO  s.d.s.w.r.o.CachingOperationNameGenerator - [startingWith,41] - Generating unique operation named: removeUsingDELETE_15
19:05:08.654 [main] INFO  s.d.s.w.r.o.CachingOperationNameGenerator - [startingWith,41] - Generating unique operation named: listUsingGET_15
19:05:08.661 [main] INFO  s.d.s.w.r.o.CachingOperationNameGenerator - [startingWith,41] - Generating unique operation named: addUsingPOST_16
19:05:08.665 [main] INFO  s.d.s.w.r.o.CachingOperationNameGenerator - [startingWith,41] - Generating unique operation named: editUsingPUT_16
19:05:08.671 [main] INFO  s.d.s.w.r.o.CachingOperationNameGenerator - [startingWith,41] - Generating unique operation named: exportUsingGET_16
19:05:08.676 [main] INFO  s.d.s.w.r.o.CachingOperationNameGenerator - [startingWith,41] - Generating unique operation named: getInfoUsingGET_17
19:05:08.681 [main] INFO  s.d.s.w.r.o.CachingOperationNameGenerator - [startingWith,41] - Generating unique operation named: removeUsingDELETE_16
19:05:08.686 [main] INFO  s.d.s.w.r.o.CachingOperationNameGenerator - [startingWith,41] - Generating unique operation named: listUsingGET_16
19:05:08.694 [main] INFO  s.d.s.w.r.o.CachingOperationNameGenerator - [startingWith,41] - Generating unique operation named: addUsingPOST_17
19:05:08.699 [main] INFO  s.d.s.w.r.o.CachingOperationNameGenerator - [startingWith,41] - Generating unique operation named: editUsingPUT_17
19:05:08.706 [main] INFO  s.d.s.w.r.o.CachingOperationNameGenerator - [startingWith,41] - Generating unique operation named: exportUsingGET_17
19:05:08.712 [main] INFO  s.d.s.w.r.o.CachingOperationNameGenerator - [startingWith,41] - Generating unique operation named: getInfoUsingGET_18
19:05:08.715 [main] INFO  s.d.s.w.r.o.CachingOperationNameGenerator - [startingWith,41] - Generating unique operation named: removeUsingDELETE_17
19:05:08.720 [main] INFO  s.d.s.w.r.o.CachingOperationNameGenerator - [startingWith,41] - Generating unique operation named: listUsingGET_17
19:05:08.731 [main] INFO  s.d.s.w.r.o.CachingOperationNameGenerator - [startingWith,41] - Generating unique operation named: addUsingPOST_18
19:05:08.734 [main] INFO  s.d.s.w.r.o.CachingOperationNameGenerator - [startingWith,41] - Generating unique operation named: editUsingPUT_18
19:05:08.740 [main] INFO  s.d.s.w.r.o.CachingOperationNameGenerator - [startingWith,41] - Generating unique operation named: exportUsingGET_18
19:05:08.748 [main] INFO  s.d.s.w.r.o.CachingOperationNameGenerator - [startingWith,41] - Generating unique operation named: getInfoUsingGET_19
19:05:08.752 [main] INFO  s.d.s.w.r.o.CachingOperationNameGenerator - [startingWith,41] - Generating unique operation named: removeUsingDELETE_18
19:05:08.761 [main] INFO  s.d.s.w.r.o.CachingOperationNameGenerator - [startingWith,41] - Generating unique operation named: listUsingGET_18
19:05:08.780 [main] INFO  s.d.s.w.r.o.CachingOperationNameGenerator - [startingWith,41] - Generating unique operation named: addUsingPOST_19
19:05:08.787 [main] INFO  s.d.s.w.r.o.CachingOperationNameGenerator - [startingWith,41] - Generating unique operation named: editUsingPUT_19
19:05:08.797 [main] INFO  s.d.s.w.r.o.CachingOperationNameGenerator - [startingWith,41] - Generating unique operation named: exportUsingGET_19
19:05:08.801 [main] INFO  s.d.s.w.r.o.CachingOperationNameGenerator - [startingWith,41] - Generating unique operation named: removeUsingDELETE_19
19:05:08.810 [main] INFO  s.d.s.w.r.o.CachingOperationNameGenerator - [startingWith,41] - Generating unique operation named: getInfoUsingGET_20
19:05:08.816 [main] INFO  s.d.s.w.r.o.CachingOperationNameGenerator - [startingWith,41] - Generating unique operation named: listUsingGET_19
19:05:08.822 [main] INFO  s.d.s.w.r.o.CachingOperationNameGenerator - [startingWith,41] - Generating unique operation named: addUsingPOST_20
19:05:08.828 [main] INFO  s.d.s.w.r.o.CachingOperationNameGenerator - [startingWith,41] - Generating unique operation named: editUsingPUT_20
19:05:08.833 [main] INFO  s.d.s.w.r.o.CachingOperationNameGenerator - [startingWith,41] - Generating unique operation named: exportUsingGET_20
19:05:08.841 [main] INFO  s.d.s.w.r.o.CachingOperationNameGenerator - [startingWith,41] - Generating unique operation named: getInfoUsingGET_21
19:05:08.846 [main] INFO  s.d.s.w.r.o.CachingOperationNameGenerator - [startingWith,41] - Generating unique operation named: removeUsingDELETE_20
19:05:08.851 [main] INFO  s.d.s.w.r.o.CachingOperationNameGenerator - [startingWith,41] - Generating unique operation named: listUsingGET_20
19:05:08.865 [main] INFO  s.d.s.w.r.o.CachingOperationNameGenerator - [startingWith,41] - Generating unique operation named: addUsingPOST_21
19:05:08.871 [main] INFO  s.d.s.w.r.o.CachingOperationNameGenerator - [startingWith,41] - Generating unique operation named: getInfoUsingGET_22
19:05:08.897 [main] INFO  s.d.s.w.r.o.CachingOperationNameGenerator - [startingWith,41] - Generating unique operation named: addUsingPOST_22
19:05:08.941 [main] INFO  s.d.s.w.r.o.CachingOperationNameGenerator - [startingWith,41] - Generating unique operation named: commentListUsingGET_1
19:05:08.946 [main] INFO  s.d.s.w.r.o.CachingOperationNameGenerator - [startingWith,41] - Generating unique operation named: editUsingPUT_21
19:05:08.954 [main] INFO  s.d.s.w.r.o.CachingOperationNameGenerator - [startingWith,41] - Generating unique operation named: getInfoUsingGET_23
19:05:08.958 [main] INFO  s.d.s.w.r.o.CachingOperationNameGenerator - [startingWith,41] - Generating unique operation named: likeUsingPOST_1
19:05:08.963 [main] INFO  s.d.s.w.r.o.CachingOperationNameGenerator - [startingWith,41] - Generating unique operation named: removeUsingDELETE_21
19:05:08.981 [main] INFO  s.d.s.w.r.o.CachingOperationNameGenerator - [startingWith,41] - Generating unique operation named: listUsingGET_21
19:05:09.007 [main] INFO  s.d.s.w.r.o.CachingOperationNameGenerator - [startingWith,41] - Generating unique operation named: frontListUsingGET_8
19:05:09.052 [main] INFO  s.d.s.w.r.o.CachingOperationNameGenerator - [startingWith,41] - Generating unique operation named: addUsingPOST_23
19:05:09.055 [main] INFO  s.d.s.w.r.o.CachingOperationNameGenerator - [startingWith,41] - Generating unique operation named: editUsingPUT_22
19:05:09.061 [main] INFO  s.d.s.w.r.o.CachingOperationNameGenerator - [startingWith,41] - Generating unique operation named: exportUsingGET_21
19:05:09.067 [main] INFO  s.d.s.w.r.o.CachingOperationNameGenerator - [startingWith,41] - Generating unique operation named: getInfoUsingGET_24
19:05:09.071 [main] INFO  s.d.s.w.r.o.CachingOperationNameGenerator - [startingWith,41] - Generating unique operation named: removeUsingDELETE_22
19:05:09.079 [main] INFO  s.d.s.w.r.o.CachingOperationNameGenerator - [startingWith,41] - Generating unique operation named: listUsingGET_22
19:05:09.087 [main] INFO  s.d.s.w.r.o.CachingOperationNameGenerator - [startingWith,41] - Generating unique operation named: addUsingPOST_24
19:05:09.091 [main] INFO  s.d.s.w.r.o.CachingOperationNameGenerator - [startingWith,41] - Generating unique operation named: editUsingPUT_23
19:05:09.096 [main] INFO  s.d.s.w.r.o.CachingOperationNameGenerator - [startingWith,41] - Generating unique operation named: exportUsingGET_22
19:05:09.100 [main] INFO  s.d.s.w.r.o.CachingOperationNameGenerator - [startingWith,41] - Generating unique operation named: getInfoUsingGET_25
19:05:09.105 [main] INFO  s.d.s.w.r.o.CachingOperationNameGenerator - [startingWith,41] - Generating unique operation named: removeUsingDELETE_23
19:05:09.109 [main] INFO  s.d.s.w.r.o.CachingOperationNameGenerator - [startingWith,41] - Generating unique operation named: listUsingGET_23
19:05:09.117 [main] INFO  s.d.s.w.r.o.CachingOperationNameGenerator - [startingWith,41] - Generating unique operation named: addUsingPOST_25
19:05:09.121 [main] INFO  s.d.s.w.r.o.CachingOperationNameGenerator - [startingWith,41] - Generating unique operation named: editUsingPUT_24
19:05:09.127 [main] INFO  s.d.s.w.r.o.CachingOperationNameGenerator - [startingWith,41] - Generating unique operation named: exportUsingGET_23
19:05:09.132 [main] INFO  s.d.s.w.r.o.CachingOperationNameGenerator - [startingWith,41] - Generating unique operation named: getInfoUsingGET_26
19:05:09.135 [main] INFO  s.d.s.w.r.o.CachingOperationNameGenerator - [startingWith,41] - Generating unique operation named: removeUsingDELETE_24
19:05:09.139 [main] INFO  s.d.s.w.r.o.CachingOperationNameGenerator - [startingWith,41] - Generating unique operation named: listUsingGET_24
19:05:09.146 [main] INFO  s.d.s.w.r.o.CachingOperationNameGenerator - [startingWith,41] - Generating unique operation named: addUsingPOST_26
19:05:09.150 [main] INFO  s.d.s.w.r.o.CachingOperationNameGenerator - [startingWith,41] - Generating unique operation named: editUsingPUT_25
19:05:09.154 [main] INFO  s.d.s.w.r.o.CachingOperationNameGenerator - [startingWith,41] - Generating unique operation named: exportUsingGET_24
19:05:09.158 [main] INFO  s.d.s.w.r.o.CachingOperationNameGenerator - [startingWith,41] - Generating unique operation named: getInfoUsingGET_27
19:05:09.162 [main] INFO  s.d.s.w.r.o.CachingOperationNameGenerator - [startingWith,41] - Generating unique operation named: removeUsingDELETE_25
19:05:09.165 [main] INFO  s.d.s.w.r.o.CachingOperationNameGenerator - [startingWith,41] - Generating unique operation named: listUsingGET_25
19:05:09.169 [main] INFO  s.d.s.w.r.o.CachingOperationNameGenerator - [startingWith,41] - Generating unique operation named: addUsingPOST_27
19:05:09.172 [main] INFO  s.d.s.w.r.o.CachingOperationNameGenerator - [startingWith,41] - Generating unique operation named: editUsingPUT_26
19:05:09.174 [main] INFO  s.d.s.w.r.o.CachingOperationNameGenerator - [startingWith,41] - Generating unique operation named: exportUsingGET_25
19:05:09.178 [main] INFO  s.d.s.w.r.o.CachingOperationNameGenerator - [startingWith,41] - Generating unique operation named: getInfoUsingGET_28
19:05:09.181 [main] INFO  s.d.s.w.r.o.CachingOperationNameGenerator - [startingWith,41] - Generating unique operation named: removeUsingDELETE_26
19:05:09.184 [main] INFO  s.d.s.w.r.o.CachingOperationNameGenerator - [startingWith,41] - Generating unique operation named: listUsingGET_26
19:05:09.188 [main] INFO  s.d.s.w.r.o.CachingOperationNameGenerator - [startingWith,41] - Generating unique operation named: addUsingPOST_28
19:05:09.191 [main] INFO  s.d.s.w.r.o.CachingOperationNameGenerator - [startingWith,41] - Generating unique operation named: editUsingPUT_27
19:05:09.197 [main] INFO  s.d.s.w.r.o.CachingOperationNameGenerator - [startingWith,41] - Generating unique operation named: exportUsingGET_26
19:05:09.203 [main] INFO  s.d.s.w.r.o.CachingOperationNameGenerator - [startingWith,41] - Generating unique operation named: getInfoUsingGET_29
19:05:09.206 [main] INFO  s.d.s.w.r.o.CachingOperationNameGenerator - [startingWith,41] - Generating unique operation named: removeUsingDELETE_27
19:05:09.210 [main] INFO  s.d.s.w.r.o.CachingOperationNameGenerator - [startingWith,41] - Generating unique operation named: listUsingGET_27
19:05:09.218 [main] INFO  s.d.s.w.r.o.CachingOperationNameGenerator - [startingWith,41] - Generating unique operation named: addUsingPOST_29
19:05:09.222 [main] INFO  s.d.s.w.r.o.CachingOperationNameGenerator - [startingWith,41] - Generating unique operation named: editUsingPUT_28
19:05:09.229 [main] INFO  s.d.s.w.r.o.CachingOperationNameGenerator - [startingWith,41] - Generating unique operation named: exportUsingGET_27
19:05:09.233 [main] INFO  s.d.s.w.r.o.CachingOperationNameGenerator - [startingWith,41] - Generating unique operation named: getInfoUsingGET_30
19:05:09.237 [main] INFO  s.d.s.w.r.o.CachingOperationNameGenerator - [startingWith,41] - Generating unique operation named: removeUsingDELETE_28
19:05:09.242 [main] INFO  s.d.s.w.r.o.CachingOperationNameGenerator - [startingWith,41] - Generating unique operation named: listUsingGET_28
19:05:09.248 [main] INFO  s.d.s.w.r.o.CachingOperationNameGenerator - [startingWith,41] - Generating unique operation named: addUsingPOST_30
19:05:09.251 [main] INFO  s.d.s.w.r.o.CachingOperationNameGenerator - [startingWith,41] - Generating unique operation named: editUsingPUT_29
19:05:09.257 [main] INFO  s.d.s.w.r.o.CachingOperationNameGenerator - [startingWith,41] - Generating unique operation named: exportUsingGET_28
19:05:09.262 [main] INFO  s.d.s.w.r.o.CachingOperationNameGenerator - [startingWith,41] - Generating unique operation named: getInfoUsingGET_31
19:05:09.266 [main] INFO  s.d.s.w.r.o.CachingOperationNameGenerator - [startingWith,41] - Generating unique operation named: removeUsingDELETE_29
19:05:09.269 [main] INFO  s.d.s.w.r.o.CachingOperationNameGenerator - [startingWith,41] - Generating unique operation named: listUsingGET_29
19:05:09.342 [main] INFO  s.d.s.w.r.o.CachingOperationNameGenerator - [startingWith,41] - Generating unique operation named: productListUsingGET_1
19:05:09.350 [main] INFO  s.d.s.w.r.o.CachingOperationNameGenerator - [startingWith,41] - Generating unique operation named: exportUsingGET_29
19:05:09.361 [main] INFO  s.d.s.w.r.o.CachingOperationNameGenerator - [startingWith,41] - Generating unique operation named: listUsingGET_30
19:05:09.368 [main] INFO  s.d.s.w.r.o.CachingOperationNameGenerator - [startingWith,41] - Generating unique operation named: addUsingPOST_31
19:05:09.378 [main] INFO  s.d.s.w.r.o.CachingOperationNameGenerator - [startingWith,41] - Generating unique operation named: editUsingPUT_30
19:05:09.387 [main] INFO  s.d.s.w.r.o.CachingOperationNameGenerator - [startingWith,41] - Generating unique operation named: exportUsingGET_30
19:05:09.395 [main] INFO  s.d.s.w.r.o.CachingOperationNameGenerator - [startingWith,41] - Generating unique operation named: getInfoUsingGET_32
19:05:09.399 [main] INFO  s.d.s.w.r.o.CachingOperationNameGenerator - [startingWith,41] - Generating unique operation named: removeUsingDELETE_30
19:05:09.405 [main] INFO  s.d.s.w.r.o.CachingOperationNameGenerator - [startingWith,41] - Generating unique operation named: listUsingGET_31
19:05:09.414 [main] INFO  s.d.s.w.r.o.CachingOperationNameGenerator - [startingWith,41] - Generating unique operation named: addUsingPOST_32
19:05:09.418 [main] INFO  s.d.s.w.r.o.CachingOperationNameGenerator - [startingWith,41] - Generating unique operation named: editUsingPUT_31
19:05:09.424 [main] INFO  s.d.s.w.r.o.CachingOperationNameGenerator - [startingWith,41] - Generating unique operation named: exportUsingGET_31
19:05:09.430 [main] INFO  s.d.s.w.r.o.CachingOperationNameGenerator - [startingWith,41] - Generating unique operation named: getInfoUsingGET_33
19:05:09.435 [main] INFO  s.d.s.w.r.o.CachingOperationNameGenerator - [startingWith,41] - Generating unique operation named: removeUsingDELETE_31
19:05:09.439 [main] INFO  s.d.s.w.r.o.CachingOperationNameGenerator - [startingWith,41] - Generating unique operation named: listUsingGET_32
19:05:09.446 [main] INFO  s.d.s.w.r.o.CachingOperationNameGenerator - [startingWith,41] - Generating unique operation named: addUsingPOST_33
19:05:09.450 [main] INFO  s.d.s.w.r.o.CachingOperationNameGenerator - [startingWith,41] - Generating unique operation named: editUsingPUT_32
19:05:09.456 [main] INFO  s.d.s.w.r.o.CachingOperationNameGenerator - [startingWith,41] - Generating unique operation named: exportUsingGET_32
19:05:09.468 [main] INFO  s.d.s.w.r.o.CachingOperationNameGenerator - [startingWith,41] - Generating unique operation named: getInfoUsingGET_34
19:05:09.471 [main] INFO  s.d.s.w.r.o.CachingOperationNameGenerator - [startingWith,41] - Generating unique operation named: removeUsingDELETE_32
19:05:09.476 [main] INFO  s.d.s.w.r.o.CachingOperationNameGenerator - [startingWith,41] - Generating unique operation named: listUsingGET_33
19:05:09.482 [main] INFO  s.d.s.w.r.o.CachingOperationNameGenerator - [startingWith,41] - Generating unique operation named: addUsingPOST_34
19:05:09.486 [main] INFO  s.d.s.w.r.o.CachingOperationNameGenerator - [startingWith,41] - Generating unique operation named: editUsingPUT_33
19:05:09.490 [main] INFO  s.d.s.w.r.o.CachingOperationNameGenerator - [startingWith,41] - Generating unique operation named: exportUsingGET_33
19:05:09.496 [main] INFO  s.d.s.w.r.o.CachingOperationNameGenerator - [startingWith,41] - Generating unique operation named: getInfoUsingGET_35
19:05:09.502 [main] INFO  s.d.s.w.r.o.CachingOperationNameGenerator - [startingWith,41] - Generating unique operation named: removeUsingDELETE_33
19:05:09.506 [main] INFO  s.d.s.w.r.o.CachingOperationNameGenerator - [startingWith,41] - Generating unique operation named: listUsingGET_34
19:05:09.516 [main] INFO  s.d.s.w.r.o.CachingOperationNameGenerator - [startingWith,41] - Generating unique operation named: addUsingPOST_35
19:05:09.520 [main] INFO  s.d.s.w.r.o.CachingOperationNameGenerator - [startingWith,41] - Generating unique operation named: editUsingPUT_34
19:05:09.526 [main] INFO  s.d.s.w.r.o.CachingOperationNameGenerator - [startingWith,41] - Generating unique operation named: exportUsingGET_34
19:05:09.532 [main] INFO  s.d.s.w.r.o.CachingOperationNameGenerator - [startingWith,41] - Generating unique operation named: getInfoUsingGET_36
19:05:09.536 [main] INFO  s.d.s.w.r.o.CachingOperationNameGenerator - [startingWith,41] - Generating unique operation named: removeUsingDELETE_34
19:05:09.542 [main] INFO  s.d.s.w.r.o.CachingOperationNameGenerator - [startingWith,41] - Generating unique operation named: listUsingGET_35
19:05:09.551 [main] INFO  s.d.s.w.r.o.CachingOperationNameGenerator - [startingWith,41] - Generating unique operation named: addUsingPOST_36
19:05:09.558 [main] INFO  s.d.s.w.r.o.CachingOperationNameGenerator - [startingWith,41] - Generating unique operation named: editUsingPUT_35
19:05:09.567 [main] INFO  s.d.s.w.r.o.CachingOperationNameGenerator - [startingWith,41] - Generating unique operation named: exportUsingGET_35
19:05:09.575 [main] INFO  s.d.s.w.r.o.CachingOperationNameGenerator - [startingWith,41] - Generating unique operation named: getInfoUsingGET_37
19:05:09.579 [main] INFO  s.d.s.w.r.o.CachingOperationNameGenerator - [startingWith,41] - Generating unique operation named: removeUsingDELETE_35
19:05:09.594 [main] INFO  s.d.s.w.r.o.CachingOperationNameGenerator - [startingWith,41] - Generating unique operation named: listUsingGET_36
19:05:09.607 [main] INFO  s.d.s.w.r.o.CachingOperationNameGenerator - [startingWith,41] - Generating unique operation named: addUsingPOST_37
19:05:09.613 [main] INFO  s.d.s.w.r.o.CachingOperationNameGenerator - [startingWith,41] - Generating unique operation named: editUsingPUT_36
19:05:09.619 [main] INFO  s.d.s.w.r.o.CachingOperationNameGenerator - [startingWith,41] - Generating unique operation named: exportUsingGET_36
19:05:09.627 [main] INFO  s.d.s.w.r.o.CachingOperationNameGenerator - [startingWith,41] - Generating unique operation named: getInfoUsingGET_38
19:05:09.633 [main] INFO  s.d.s.w.r.o.CachingOperationNameGenerator - [startingWith,41] - Generating unique operation named: removeUsingDELETE_36
19:05:09.639 [main] INFO  s.d.s.w.r.o.CachingOperationNameGenerator - [startingWith,41] - Generating unique operation named: listUsingGET_37
19:05:09.645 [main] INFO  s.d.s.w.r.o.CachingOperationNameGenerator - [startingWith,41] - Generating unique operation named: addUsingPOST_38
19:05:09.650 [main] INFO  s.d.s.w.r.o.CachingOperationNameGenerator - [startingWith,41] - Generating unique operation named: editUsingPUT_37
19:05:09.657 [main] INFO  s.d.s.w.r.o.CachingOperationNameGenerator - [startingWith,41] - Generating unique operation named: exportUsingGET_37
19:05:09.662 [main] INFO  s.d.s.w.r.o.CachingOperationNameGenerator - [startingWith,41] - Generating unique operation named: getInfoUsingGET_39
19:05:09.666 [main] INFO  s.d.s.w.r.o.CachingOperationNameGenerator - [startingWith,41] - Generating unique operation named: removeUsingDELETE_37
19:05:09.671 [main] INFO  s.d.s.w.r.o.CachingOperationNameGenerator - [startingWith,41] - Generating unique operation named: listUsingGET_38
19:05:09.679 [main] INFO  s.d.s.w.r.o.CachingOperationNameGenerator - [startingWith,41] - Generating unique operation named: addUsingPOST_39
19:05:09.683 [main] INFO  s.d.s.w.r.o.CachingOperationNameGenerator - [startingWith,41] - Generating unique operation named: editUsingPUT_38
19:05:09.689 [main] INFO  s.d.s.w.r.o.CachingOperationNameGenerator - [startingWith,41] - Generating unique operation named: exportUsingGET_38
19:05:09.698 [main] INFO  s.d.s.w.r.o.CachingOperationNameGenerator - [startingWith,41] - Generating unique operation named: getInfoUsingGET_40
19:05:09.704 [main] INFO  s.d.s.w.r.o.CachingOperationNameGenerator - [startingWith,41] - Generating unique operation named: removeUsingDELETE_38
19:05:09.711 [main] INFO  s.d.s.w.r.o.CachingOperationNameGenerator - [startingWith,41] - Generating unique operation named: listUsingGET_39
19:05:09.719 [main] INFO  s.d.s.w.r.o.CachingOperationNameGenerator - [startingWith,41] - Generating unique operation named: addUsingPOST_40
19:05:09.724 [main] INFO  s.d.s.w.r.o.CachingOperationNameGenerator - [startingWith,41] - Generating unique operation named: editUsingPUT_39
19:05:09.731 [main] INFO  s.d.s.w.r.o.CachingOperationNameGenerator - [startingWith,41] - Generating unique operation named: exportUsingGET_39
19:05:09.737 [main] INFO  s.d.s.w.r.o.CachingOperationNameGenerator - [startingWith,41] - Generating unique operation named: getInfoUsingGET_41
19:05:09.743 [main] INFO  s.d.s.w.r.o.CachingOperationNameGenerator - [startingWith,41] - Generating unique operation named: removeUsingDELETE_39
19:05:09.748 [main] INFO  s.d.s.w.r.o.CachingOperationNameGenerator - [startingWith,41] - Generating unique operation named: listUsingGET_40
19:05:09.756 [main] INFO  s.d.s.w.r.o.CachingOperationNameGenerator - [startingWith,41] - Generating unique operation named: addUsingPOST_41
19:05:09.760 [main] INFO  s.d.s.w.r.o.CachingOperationNameGenerator - [startingWith,41] - Generating unique operation named: editUsingPUT_40
19:05:09.768 [main] INFO  s.d.s.w.r.o.CachingOperationNameGenerator - [startingWith,41] - Generating unique operation named: exportUsingGET_40
19:05:09.774 [main] INFO  s.d.s.w.r.o.CachingOperationNameGenerator - [startingWith,41] - Generating unique operation named: getInfoUsingGET_42
19:05:09.779 [main] INFO  s.d.s.w.r.o.CachingOperationNameGenerator - [startingWith,41] - Generating unique operation named: removeUsingDELETE_40
19:05:09.784 [main] INFO  s.d.s.w.r.o.CachingOperationNameGenerator - [startingWith,41] - Generating unique operation named: listUsingGET_41
19:05:09.790 [main] INFO  s.d.s.w.r.o.CachingOperationNameGenerator - [startingWith,41] - Generating unique operation named: addUsingPOST_42
19:05:09.795 [main] INFO  s.d.s.w.r.o.CachingOperationNameGenerator - [startingWith,41] - Generating unique operation named: editUsingPUT_41
19:05:09.799 [main] INFO  s.d.s.w.r.o.CachingOperationNameGenerator - [startingWith,41] - Generating unique operation named: exportUsingGET_41
19:05:09.804 [main] INFO  s.d.s.w.r.o.CachingOperationNameGenerator - [startingWith,41] - Generating unique operation named: getInfoUsingGET_43
19:05:09.808 [main] INFO  s.d.s.w.r.o.CachingOperationNameGenerator - [startingWith,41] - Generating unique operation named: removeUsingDELETE_41
19:05:09.813 [main] INFO  s.d.s.w.r.o.CachingOperationNameGenerator - [startingWith,41] - Generating unique operation named: listUsingGET_42
19:05:09.822 [main] INFO  s.d.s.w.r.o.CachingOperationNameGenerator - [startingWith,41] - Generating unique operation named: addUsingPOST_43
19:05:09.828 [main] INFO  s.d.s.w.r.o.CachingOperationNameGenerator - [startingWith,41] - Generating unique operation named: editUsingPUT_42
19:05:09.832 [main] INFO  s.d.s.w.r.o.CachingOperationNameGenerator - [startingWith,41] - Generating unique operation named: exportUsingGET_42
19:05:09.837 [main] INFO  s.d.s.w.r.o.CachingOperationNameGenerator - [startingWith,41] - Generating unique operation named: getInfoUsingGET_44
19:05:09.841 [main] INFO  s.d.s.w.r.o.CachingOperationNameGenerator - [startingWith,41] - Generating unique operation named: removeUsingDELETE_42
19:05:09.846 [main] INFO  s.d.s.w.r.o.CachingOperationNameGenerator - [startingWith,41] - Generating unique operation named: listUsingGET_43
19:05:09.853 [main] INFO  s.d.s.w.r.o.CachingOperationNameGenerator - [startingWith,41] - Generating unique operation named: addUsingPOST_44
19:05:09.857 [main] INFO  s.d.s.w.r.o.CachingOperationNameGenerator - [startingWith,41] - Generating unique operation named: editUsingPUT_43
19:05:09.866 [main] INFO  s.d.s.w.r.o.CachingOperationNameGenerator - [startingWith,41] - Generating unique operation named: exportUsingGET_43
19:05:09.873 [main] INFO  s.d.s.w.r.o.CachingOperationNameGenerator - [startingWith,41] - Generating unique operation named: getInfoUsingGET_45
19:05:09.878 [main] INFO  s.d.s.w.r.o.CachingOperationNameGenerator - [startingWith,41] - Generating unique operation named: removeUsingDELETE_43
19:05:09.886 [main] INFO  s.d.s.w.r.o.CachingOperationNameGenerator - [startingWith,41] - Generating unique operation named: listUsingGET_44
19:05:09.894 [main] INFO  s.d.s.w.r.o.CachingOperationNameGenerator - [startingWith,41] - Generating unique operation named: addUsingPOST_45
19:05:09.901 [main] INFO  s.d.s.w.r.o.CachingOperationNameGenerator - [startingWith,41] - Generating unique operation named: editUsingPUT_44
19:05:09.907 [main] INFO  s.d.s.w.r.o.CachingOperationNameGenerator - [startingWith,41] - Generating unique operation named: exportUsingGET_44
19:05:09.915 [main] INFO  s.d.s.w.r.o.CachingOperationNameGenerator - [startingWith,41] - Generating unique operation named: getInfoUsingGET_46
19:05:09.918 [main] INFO  s.d.s.w.r.o.CachingOperationNameGenerator - [startingWith,41] - Generating unique operation named: removeUsingDELETE_44
19:05:09.923 [main] INFO  s.d.s.w.r.o.CachingOperationNameGenerator - [startingWith,41] - Generating unique operation named: listUsingGET_45
19:05:09.928 [main] INFO  s.d.s.w.r.o.CachingOperationNameGenerator - [startingWith,41] - Generating unique operation named: addUsingPOST_46
19:05:09.933 [main] INFO  s.d.s.w.r.o.CachingOperationNameGenerator - [startingWith,41] - Generating unique operation named: editUsingPUT_45
19:05:09.936 [main] INFO  s.d.s.w.r.o.CachingOperationNameGenerator - [startingWith,41] - Generating unique operation named: exportUsingGET_45
19:05:09.940 [main] INFO  s.d.s.w.r.o.CachingOperationNameGenerator - [startingWith,41] - Generating unique operation named: getInfoUsingGET_47
19:05:09.943 [main] INFO  s.d.s.w.r.o.CachingOperationNameGenerator - [startingWith,41] - Generating unique operation named: removeUsingDELETE_45
19:05:09.946 [main] INFO  s.d.s.w.r.o.CachingOperationNameGenerator - [startingWith,41] - Generating unique operation named: listUsingGET_46
19:05:09.951 [main] INFO  s.d.s.w.r.o.CachingOperationNameGenerator - [startingWith,41] - Generating unique operation named: addUsingPOST_47
19:05:09.954 [main] INFO  s.d.s.w.r.o.CachingOperationNameGenerator - [startingWith,41] - Generating unique operation named: editUsingPUT_46
19:05:09.960 [main] INFO  s.d.s.w.r.o.CachingOperationNameGenerator - [startingWith,41] - Generating unique operation named: exportUsingGET_46
19:05:09.965 [main] INFO  s.d.s.w.r.o.CachingOperationNameGenerator - [startingWith,41] - Generating unique operation named: getInfoUsingGET_48
19:05:09.968 [main] INFO  s.d.s.w.r.o.CachingOperationNameGenerator - [startingWith,41] - Generating unique operation named: removeUsingDELETE_46
19:05:09.971 [main] INFO  s.d.s.w.r.o.CachingOperationNameGenerator - [startingWith,41] - Generating unique operation named: listUsingGET_47
19:05:09.979 [main] INFO  s.d.s.w.r.o.CachingOperationNameGenerator - [startingWith,41] - Generating unique operation named: addUsingPOST_48
19:05:09.983 [main] INFO  s.d.s.w.r.o.CachingOperationNameGenerator - [startingWith,41] - Generating unique operation named: editUsingPUT_47
19:05:09.987 [main] INFO  s.d.s.w.r.o.CachingOperationNameGenerator - [startingWith,41] - Generating unique operation named: exportUsingGET_47
19:05:09.993 [main] INFO  s.d.s.w.r.o.CachingOperationNameGenerator - [startingWith,41] - Generating unique operation named: getInfoUsingGET_49
19:05:09.997 [main] INFO  s.d.s.w.r.o.CachingOperationNameGenerator - [startingWith,41] - Generating unique operation named: removeUsingDELETE_47
19:05:10.001 [main] INFO  s.d.s.w.r.o.CachingOperationNameGenerator - [startingWith,41] - Generating unique operation named: listUsingGET_48
19:05:10.009 [main] INFO  s.d.s.w.r.o.CachingOperationNameGenerator - [startingWith,41] - Generating unique operation named: addUsingPOST_49
19:05:10.013 [main] INFO  s.d.s.w.r.o.CachingOperationNameGenerator - [startingWith,41] - Generating unique operation named: auditUsingPUT_1
19:05:10.016 [main] INFO  s.d.s.w.r.o.CachingOperationNameGenerator - [startingWith,41] - Generating unique operation named: editUsingPUT_48
19:05:10.021 [main] INFO  s.d.s.w.r.o.CachingOperationNameGenerator - [startingWith,41] - Generating unique operation named: exportUsingGET_48
19:05:10.026 [main] INFO  s.d.s.w.r.o.CachingOperationNameGenerator - [startingWith,41] - Generating unique operation named: getInfoUsingGET_50
19:05:10.029 [main] INFO  s.d.s.w.r.o.CachingOperationNameGenerator - [startingWith,41] - Generating unique operation named: removeUsingDELETE_48
19:05:10.032 [main] INFO  s.d.s.w.r.o.CachingOperationNameGenerator - [startingWith,41] - Generating unique operation named: submitUsingPUT_1
19:05:10.036 [main] INFO  s.d.s.w.r.o.CachingOperationNameGenerator - [startingWith,41] - Generating unique operation named: listUsingGET_49
19:05:10.040 [main] INFO  s.d.s.w.r.o.CachingOperationNameGenerator - [startingWith,41] - Generating unique operation named: list4AuditUsingGET_1
19:05:10.047 [main] INFO  s.d.s.w.r.o.CachingOperationNameGenerator - [startingWith,41] - Generating unique operation named: addUsingPOST_50
19:05:10.050 [main] INFO  s.d.s.w.r.o.CachingOperationNameGenerator - [startingWith,41] - Generating unique operation named: editUsingPUT_49
19:05:10.053 [main] INFO  s.d.s.w.r.o.CachingOperationNameGenerator - [startingWith,41] - Generating unique operation named: exportUsingGET_49
19:05:10.058 [main] INFO  s.d.s.w.r.o.CachingOperationNameGenerator - [startingWith,41] - Generating unique operation named: getInfoUsingGET_51
19:05:10.062 [main] INFO  s.d.s.w.r.o.CachingOperationNameGenerator - [startingWith,41] - Generating unique operation named: removeUsingDELETE_49
19:05:10.066 [main] INFO  s.d.s.w.r.o.CachingOperationNameGenerator - [startingWith,41] - Generating unique operation named: listUsingGET_50
19:05:10.078 [main] INFO  s.d.s.w.r.o.CachingOperationNameGenerator - [startingWith,41] - Generating unique operation named: addUsingPOST_51
19:05:10.084 [main] INFO  s.d.s.w.r.o.CachingOperationNameGenerator - [startingWith,41] - Generating unique operation named: editUsingPUT_50
19:05:10.094 [main] INFO  s.d.s.w.r.o.CachingOperationNameGenerator - [startingWith,41] - Generating unique operation named: exportUsingGET_50
19:05:10.099 [main] INFO  s.d.s.w.r.o.CachingOperationNameGenerator - [startingWith,41] - Generating unique operation named: getInfoUsingGET_52
19:05:10.108 [main] INFO  s.d.s.w.r.o.CachingOperationNameGenerator - [startingWith,41] - Generating unique operation named: removeUsingDELETE_50
19:05:10.113 [main] INFO  s.d.s.w.r.o.CachingOperationNameGenerator - [startingWith,41] - Generating unique operation named: listUsingGET_51
19:05:10.120 [main] INFO  s.d.s.w.r.o.CachingOperationNameGenerator - [startingWith,41] - Generating unique operation named: addUsingPOST_52
19:05:10.123 [main] INFO  s.d.s.w.r.o.CachingOperationNameGenerator - [startingWith,41] - Generating unique operation named: editUsingPUT_51
19:05:10.126 [main] INFO  s.d.s.w.r.o.CachingOperationNameGenerator - [startingWith,41] - Generating unique operation named: exportUsingGET_51
19:05:10.131 [main] INFO  s.d.s.w.r.o.CachingOperationNameGenerator - [startingWith,41] - Generating unique operation named: getInfoUsingGET_53
19:05:10.135 [main] INFO  s.d.s.w.r.o.CachingOperationNameGenerator - [startingWith,41] - Generating unique operation named: removeUsingDELETE_51
19:05:10.137 [main] INFO  s.d.s.w.r.o.CachingOperationNameGenerator - [startingWith,41] - Generating unique operation named: listUsingGET_52
19:05:10.142 [main] INFO  s.d.s.w.r.o.CachingOperationNameGenerator - [startingWith,41] - Generating unique operation named: addUsingPOST_53
19:05:10.145 [main] INFO  s.d.s.w.r.o.CachingOperationNameGenerator - [startingWith,41] - Generating unique operation named: editUsingPUT_52
19:05:10.149 [main] INFO  s.d.s.w.r.o.CachingOperationNameGenerator - [startingWith,41] - Generating unique operation named: exportUsingGET_52
19:05:10.153 [main] INFO  s.d.s.w.r.o.CachingOperationNameGenerator - [startingWith,41] - Generating unique operation named: getInfoUsingGET_54
19:05:10.155 [main] INFO  s.d.s.w.r.o.CachingOperationNameGenerator - [startingWith,41] - Generating unique operation named: removeUsingDELETE_52
19:05:10.158 [main] INFO  s.d.s.w.r.o.CachingOperationNameGenerator - [startingWith,41] - Generating unique operation named: listUsingGET_53
19:05:10.170 [main] INFO  s.d.s.w.r.o.CachingOperationNameGenerator - [startingWith,41] - Generating unique operation named: addUsingPOST_54
19:05:10.173 [main] INFO  s.d.s.w.r.o.CachingOperationNameGenerator - [startingWith,41] - Generating unique operation named: editUsingPUT_53
19:05:10.177 [main] INFO  s.d.s.w.r.o.CachingOperationNameGenerator - [startingWith,41] - Generating unique operation named: exportUsingGET_53
19:05:10.182 [main] INFO  s.d.s.w.r.o.CachingOperationNameGenerator - [startingWith,41] - Generating unique operation named: getInfoUsingGET_55
19:05:10.185 [main] INFO  s.d.s.w.r.o.CachingOperationNameGenerator - [startingWith,41] - Generating unique operation named: removeUsingDELETE_53
19:05:10.188 [main] INFO  s.d.s.w.r.o.CachingOperationNameGenerator - [startingWith,41] - Generating unique operation named: listUsingGET_54
19:05:10.197 [main] INFO  s.d.s.w.r.o.CachingOperationNameGenerator - [startingWith,41] - Generating unique operation named: addUsingPOST_55
19:05:10.200 [main] INFO  s.d.s.w.r.o.CachingOperationNameGenerator - [startingWith,41] - Generating unique operation named: auditUsingPUT_2
19:05:10.203 [main] INFO  s.d.s.w.r.o.CachingOperationNameGenerator - [startingWith,41] - Generating unique operation named: editUsingPUT_54
19:05:10.209 [main] INFO  s.d.s.w.r.o.CachingOperationNameGenerator - [startingWith,41] - Generating unique operation named: exportUsingGET_54
19:05:10.219 [main] INFO  s.d.s.w.r.o.CachingOperationNameGenerator - [startingWith,41] - Generating unique operation named: getInfoUsingGET_56
19:05:10.222 [main] INFO  s.d.s.w.r.o.CachingOperationNameGenerator - [startingWith,41] - Generating unique operation named: removeUsingDELETE_54
19:05:10.227 [main] INFO  s.d.s.w.r.o.CachingOperationNameGenerator - [startingWith,41] - Generating unique operation named: submitUsingPUT_2
19:05:10.232 [main] INFO  s.d.s.w.r.o.CachingOperationNameGenerator - [startingWith,41] - Generating unique operation named: listUsingGET_55
19:05:10.238 [main] INFO  s.d.s.w.r.o.CachingOperationNameGenerator - [startingWith,41] - Generating unique operation named: list4AuditUsingGET_2
19:05:10.247 [main] INFO  s.d.s.w.r.o.CachingOperationNameGenerator - [startingWith,41] - Generating unique operation named: addUsingPOST_56
19:05:10.252 [main] INFO  s.d.s.w.r.o.CachingOperationNameGenerator - [startingWith,41] - Generating unique operation named: editUsingPUT_55
19:05:10.257 [main] INFO  s.d.s.w.r.o.CachingOperationNameGenerator - [startingWith,41] - Generating unique operation named: exportUsingGET_55
19:05:10.263 [main] INFO  s.d.s.w.r.o.CachingOperationNameGenerator - [startingWith,41] - Generating unique operation named: getInfoUsingGET_57
19:05:10.267 [main] INFO  s.d.s.w.r.o.CachingOperationNameGenerator - [startingWith,41] - Generating unique operation named: removeUsingDELETE_55
19:05:10.271 [main] INFO  s.d.s.w.r.o.CachingOperationNameGenerator - [startingWith,41] - Generating unique operation named: listUsingGET_56
19:05:10.276 [main] INFO  s.d.s.w.r.o.CachingOperationNameGenerator - [startingWith,41] - Generating unique operation named: addUsingPOST_57
19:05:10.280 [main] INFO  s.d.s.w.r.o.CachingOperationNameGenerator - [startingWith,41] - Generating unique operation named: editUsingPUT_56
19:05:10.288 [main] INFO  s.d.s.w.r.o.CachingOperationNameGenerator - [startingWith,41] - Generating unique operation named: exportUsingGET_56
19:05:10.295 [main] INFO  s.d.s.w.r.o.CachingOperationNameGenerator - [startingWith,41] - Generating unique operation named: getInfoUsingGET_58
19:05:10.300 [main] INFO  s.d.s.w.r.o.CachingOperationNameGenerator - [startingWith,41] - Generating unique operation named: removeUsingDELETE_56
19:05:10.306 [main] INFO  s.d.s.w.r.o.CachingOperationNameGenerator - [startingWith,41] - Generating unique operation named: listUsingGET_57
19:05:10.313 [main] INFO  s.d.s.w.r.o.CachingOperationNameGenerator - [startingWith,41] - Generating unique operation named: addUsingPOST_58
19:05:10.316 [main] INFO  s.d.s.w.r.o.CachingOperationNameGenerator - [startingWith,41] - Generating unique operation named: editUsingPUT_57
19:05:10.321 [main] INFO  s.d.s.w.r.o.CachingOperationNameGenerator - [startingWith,41] - Generating unique operation named: exportUsingGET_57
19:05:10.327 [main] INFO  s.d.s.w.r.o.CachingOperationNameGenerator - [startingWith,41] - Generating unique operation named: getInfoUsingGET_59
19:05:10.331 [main] INFO  s.d.s.w.r.o.CachingOperationNameGenerator - [startingWith,41] - Generating unique operation named: removeUsingDELETE_57
19:05:10.336 [main] INFO  s.d.s.w.r.o.CachingOperationNameGenerator - [startingWith,41] - Generating unique operation named: listUsingGET_58
19:05:10.345 [main] INFO  s.d.s.w.r.o.CachingOperationNameGenerator - [startingWith,41] - Generating unique operation named: addUsingPOST_59
19:05:10.350 [main] INFO  s.d.s.w.r.o.CachingOperationNameGenerator - [startingWith,41] - Generating unique operation named: auditUsingPUT_3
19:05:10.354 [main] INFO  s.d.s.w.r.o.CachingOperationNameGenerator - [startingWith,41] - Generating unique operation named: editUsingPUT_58
19:05:10.361 [main] INFO  s.d.s.w.r.o.CachingOperationNameGenerator - [startingWith,41] - Generating unique operation named: exportUsingGET_58
19:05:10.367 [main] INFO  s.d.s.w.r.o.CachingOperationNameGenerator - [startingWith,41] - Generating unique operation named: getInfoUsingGET_60
19:05:10.371 [main] INFO  s.d.s.w.r.o.CachingOperationNameGenerator - [startingWith,41] - Generating unique operation named: removeUsingDELETE_58
19:05:10.375 [main] INFO  s.d.s.w.r.o.CachingOperationNameGenerator - [startingWith,41] - Generating unique operation named: submitUsingPUT_3
19:05:10.380 [main] INFO  s.d.s.w.r.o.CachingOperationNameGenerator - [startingWith,41] - Generating unique operation named: listUsingGET_59
19:05:10.386 [main] INFO  s.d.s.w.r.o.CachingOperationNameGenerator - [startingWith,41] - Generating unique operation named: list4AuditUsingGET_3
19:05:10.394 [main] INFO  s.d.s.w.r.o.CachingOperationNameGenerator - [startingWith,41] - Generating unique operation named: addUsingPOST_60
19:05:10.400 [main] INFO  s.d.s.w.r.o.CachingOperationNameGenerator - [startingWith,41] - Generating unique operation named: editUsingPUT_59
19:05:10.404 [main] INFO  s.d.s.w.r.o.CachingOperationNameGenerator - [startingWith,41] - Generating unique operation named: exportUsingGET_59
19:05:10.409 [main] INFO  s.d.s.w.r.o.CachingOperationNameGenerator - [startingWith,41] - Generating unique operation named: getInfoUsingGET_61
19:05:10.412 [main] INFO  s.d.s.w.r.o.CachingOperationNameGenerator - [startingWith,41] - Generating unique operation named: removeUsingDELETE_59
19:05:10.417 [main] INFO  s.d.s.w.r.o.CachingOperationNameGenerator - [startingWith,41] - Generating unique operation named: listUsingGET_60
19:05:10.424 [main] INFO  s.d.s.w.r.o.CachingOperationNameGenerator - [startingWith,41] - Generating unique operation named: addUsingPOST_61
19:05:10.429 [main] INFO  s.d.s.w.r.o.CachingOperationNameGenerator - [startingWith,41] - Generating unique operation named: auditUsingPUT_4
19:05:10.433 [main] INFO  s.d.s.w.r.o.CachingOperationNameGenerator - [startingWith,41] - Generating unique operation named: editUsingPUT_60
19:05:10.441 [main] INFO  s.d.s.w.r.o.CachingOperationNameGenerator - [startingWith,41] - Generating unique operation named: exportUsingGET_60
19:05:10.447 [main] INFO  s.d.s.w.r.o.CachingOperationNameGenerator - [startingWith,41] - Generating unique operation named: getInfoUsingGET_62
19:05:10.451 [main] INFO  s.d.s.w.r.o.CachingOperationNameGenerator - [startingWith,41] - Generating unique operation named: removeUsingDELETE_60
19:05:10.455 [main] INFO  s.d.s.w.r.o.CachingOperationNameGenerator - [startingWith,41] - Generating unique operation named: submitUsingPUT_4
19:05:10.460 [main] INFO  s.d.s.w.r.o.CachingOperationNameGenerator - [startingWith,41] - Generating unique operation named: listUsingGET_61
19:05:10.468 [main] INFO  s.d.s.w.r.o.CachingOperationNameGenerator - [startingWith,41] - Generating unique operation named: list4AuditUsingGET_4
19:05:10.475 [main] INFO  s.d.s.w.r.o.CachingOperationNameGenerator - [startingWith,41] - Generating unique operation named: addUsingPOST_62
19:05:10.480 [main] INFO  s.d.s.w.r.o.CachingOperationNameGenerator - [startingWith,41] - Generating unique operation named: editUsingPUT_61
19:05:10.483 [main] INFO  s.d.s.w.r.o.CachingOperationNameGenerator - [startingWith,41] - Generating unique operation named: exportUsingGET_61
19:05:10.487 [main] INFO  s.d.s.w.r.o.CachingOperationNameGenerator - [startingWith,41] - Generating unique operation named: getInfoUsingGET_63
19:05:10.490 [main] INFO  s.d.s.w.r.o.CachingOperationNameGenerator - [startingWith,41] - Generating unique operation named: removeUsingDELETE_61
19:05:10.495 [main] INFO  s.d.s.w.r.o.CachingOperationNameGenerator - [startingWith,41] - Generating unique operation named: listUsingGET_62
19:05:10.502 [main] INFO  s.d.s.w.r.o.CachingOperationNameGenerator - [startingWith,41] - Generating unique operation named: exportUsingGET_62
19:05:10.508 [main] INFO  s.d.s.w.r.o.CachingOperationNameGenerator - [startingWith,41] - Generating unique operation named: exportUsingGET_63
19:05:10.514 [main] INFO  s.d.s.w.r.o.CachingOperationNameGenerator - [startingWith,41] - Generating unique operation named: listUsingGET_63
19:05:10.519 [main] INFO  s.d.s.w.r.o.CachingOperationNameGenerator - [startingWith,41] - Generating unique operation named: listUsingGET_64
19:05:10.536 [main] INFO  s.d.s.w.r.o.CachingOperationNameGenerator - [startingWith,41] - Generating unique operation named: addUsingPOST_63
19:05:10.540 [main] INFO  s.d.s.w.r.o.CachingOperationNameGenerator - [startingWith,41] - Generating unique operation named: editUsingPUT_62
19:05:10.549 [main] INFO  s.d.s.w.r.o.CachingOperationNameGenerator - [startingWith,41] - Generating unique operation named: exportUsingGET_64
19:05:10.555 [main] INFO  s.d.s.w.r.o.CachingOperationNameGenerator - [startingWith,41] - Generating unique operation named: getInfoUsingGET_64
19:05:10.560 [main] INFO  s.d.s.w.r.o.CachingOperationNameGenerator - [startingWith,41] - Generating unique operation named: removeUsingDELETE_62
19:05:10.566 [main] INFO  s.d.s.w.r.o.CachingOperationNameGenerator - [startingWith,41] - Generating unique operation named: listUsingGET_65
19:05:10.573 [main] INFO  s.d.s.w.r.o.CachingOperationNameGenerator - [startingWith,41] - Generating unique operation named: addUsingPOST_64
19:05:10.578 [main] INFO  s.d.s.w.r.o.CachingOperationNameGenerator - [startingWith,41] - Generating unique operation named: editUsingPUT_63
19:05:10.581 [main] INFO  s.d.s.w.r.o.CachingOperationNameGenerator - [startingWith,41] - Generating unique operation named: exportUsingGET_65
19:05:10.586 [main] INFO  s.d.s.w.r.o.CachingOperationNameGenerator - [startingWith,41] - Generating unique operation named: getInfoUsingGET_65
19:05:10.589 [main] INFO  s.d.s.w.r.o.CachingOperationNameGenerator - [startingWith,41] - Generating unique operation named: removeUsingDELETE_63
19:05:10.594 [main] INFO  s.d.s.w.r.o.CachingOperationNameGenerator - [startingWith,41] - Generating unique operation named: listUsingGET_66
19:05:10.602 [main] INFO  s.d.s.w.r.o.CachingOperationNameGenerator - [startingWith,41] - Generating unique operation named: addUsingPOST_65
19:05:10.607 [main] INFO  s.d.s.w.r.o.CachingOperationNameGenerator - [startingWith,41] - Generating unique operation named: auditUsingPUT_5
19:05:10.612 [main] INFO  s.d.s.w.r.o.CachingOperationNameGenerator - [startingWith,41] - Generating unique operation named: editUsingPUT_64
19:05:10.619 [main] INFO  s.d.s.w.r.o.CachingOperationNameGenerator - [startingWith,41] - Generating unique operation named: exportUsingGET_66
19:05:10.624 [main] INFO  s.d.s.w.r.o.CachingOperationNameGenerator - [startingWith,41] - Generating unique operation named: getInfoUsingGET_66
19:05:10.629 [main] INFO  s.d.s.w.r.o.CachingOperationNameGenerator - [startingWith,41] - Generating unique operation named: removeUsingDELETE_64
19:05:10.634 [main] INFO  s.d.s.w.r.o.CachingOperationNameGenerator - [startingWith,41] - Generating unique operation named: submitUsingPUT_5
19:05:10.638 [main] INFO  s.d.s.w.r.o.CachingOperationNameGenerator - [startingWith,41] - Generating unique operation named: listUsingGET_67
19:05:10.645 [main] INFO  s.d.s.w.r.o.CachingOperationNameGenerator - [startingWith,41] - Generating unique operation named: list4AuditUsingGET_5
19:05:10.653 [main] INFO  s.d.s.w.r.o.CachingOperationNameGenerator - [startingWith,41] - Generating unique operation named: addUsingPOST_66
19:05:10.657 [main] INFO  s.d.s.w.r.o.CachingOperationNameGenerator - [startingWith,41] - Generating unique operation named: auditUsingPUT_6
19:05:10.661 [main] INFO  s.d.s.w.r.o.CachingOperationNameGenerator - [startingWith,41] - Generating unique operation named: editUsingPUT_65
19:05:10.670 [main] INFO  s.d.s.w.r.o.CachingOperationNameGenerator - [startingWith,41] - Generating unique operation named: exportUsingGET_67
19:05:10.687 [main] INFO  s.d.s.w.r.o.CachingOperationNameGenerator - [startingWith,41] - Generating unique operation named: getInfoUsingGET_67
19:05:10.691 [main] INFO  s.d.s.w.r.o.CachingOperationNameGenerator - [startingWith,41] - Generating unique operation named: removeUsingDELETE_65
19:05:10.697 [main] INFO  s.d.s.w.r.o.CachingOperationNameGenerator - [startingWith,41] - Generating unique operation named: submitUsingPUT_6
19:05:10.701 [main] INFO  s.d.s.w.r.o.CachingOperationNameGenerator - [startingWith,41] - Generating unique operation named: listUsingGET_68
19:05:10.706 [main] INFO  s.d.s.w.r.o.CachingOperationNameGenerator - [startingWith,41] - Generating unique operation named: list4AuditUsingGET_6
19:05:10.713 [main] INFO  s.d.s.w.r.o.CachingOperationNameGenerator - [startingWith,41] - Generating unique operation named: addUsingPOST_67
19:05:10.718 [main] INFO  s.d.s.w.r.o.CachingOperationNameGenerator - [startingWith,41] - Generating unique operation named: editUsingPUT_66
19:05:10.721 [main] INFO  s.d.s.w.r.o.CachingOperationNameGenerator - [startingWith,41] - Generating unique operation named: exportUsingGET_68
19:05:10.728 [main] INFO  s.d.s.w.r.o.CachingOperationNameGenerator - [startingWith,41] - Generating unique operation named: getInfoUsingGET_68
19:05:10.732 [main] INFO  s.d.s.w.r.o.CachingOperationNameGenerator - [startingWith,41] - Generating unique operation named: removeUsingDELETE_66
19:05:10.737 [main] INFO  s.d.s.w.r.o.CachingOperationNameGenerator - [startingWith,41] - Generating unique operation named: listUsingGET_69
19:05:10.749 [main] INFO  s.d.s.w.r.o.CachingOperationNameGenerator - [startingWith,41] - Generating unique operation named: addUsingPOST_68
19:05:10.754 [main] INFO  s.d.s.w.r.o.CachingOperationNameGenerator - [startingWith,41] - Generating unique operation named: editUsingPUT_67
19:05:10.761 [main] INFO  s.d.s.w.r.o.CachingOperationNameGenerator - [startingWith,41] - Generating unique operation named: exportUsingGET_69
19:05:10.770 [main] INFO  s.d.s.w.r.o.CachingOperationNameGenerator - [startingWith,41] - Generating unique operation named: getInfoUsingGET_69
19:05:10.775 [main] INFO  s.d.s.w.r.o.CachingOperationNameGenerator - [startingWith,41] - Generating unique operation named: removeUsingDELETE_67
19:05:10.780 [main] INFO  s.d.s.w.r.o.CachingOperationNameGenerator - [startingWith,41] - Generating unique operation named: listUsingGET_70
19:05:10.787 [main] INFO  s.d.s.w.r.o.CachingOperationNameGenerator - [startingWith,41] - Generating unique operation named: addUsingPOST_69
19:05:10.791 [main] INFO  s.d.s.w.r.o.CachingOperationNameGenerator - [startingWith,41] - Generating unique operation named: editUsingPUT_68
19:05:10.799 [main] INFO  s.d.s.w.r.o.CachingOperationNameGenerator - [startingWith,41] - Generating unique operation named: exportUsingGET_70
19:05:10.804 [main] INFO  s.d.s.w.r.o.CachingOperationNameGenerator - [startingWith,41] - Generating unique operation named: getInfoUsingGET_70
19:05:10.808 [main] INFO  s.d.s.w.r.o.CachingOperationNameGenerator - [startingWith,41] - Generating unique operation named: removeUsingDELETE_68
19:05:10.813 [main] INFO  s.d.s.w.r.o.CachingOperationNameGenerator - [startingWith,41] - Generating unique operation named: listUsingGET_71
19:05:10.814 [main] INFO  s.d.s.w.r.o.CachingOperationNameGenerator - [startingWith,41] - Generating unique operation named: addUsingPOST_70
19:05:10.822 [main] INFO  s.d.s.w.r.o.CachingOperationNameGenerator - [startingWith,41] - Generating unique operation named: editUsingPUT_69
19:05:10.825 [main] INFO  s.d.s.w.r.o.CachingOperationNameGenerator - [startingWith,41] - Generating unique operation named: exportUsingGET_71
19:05:10.832 [main] INFO  s.d.s.w.r.o.CachingOperationNameGenerator - [startingWith,41] - Generating unique operation named: getInfoUsingGET_71
19:05:10.836 [main] INFO  s.d.s.w.r.o.CachingOperationNameGenerator - [startingWith,41] - Generating unique operation named: removeUsingDELETE_69
19:05:10.840 [main] INFO  s.d.s.w.r.o.CachingOperationNameGenerator - [startingWith,41] - Generating unique operation named: listUsingGET_72
19:05:10.849 [main] INFO  s.d.s.w.r.o.CachingOperationNameGenerator - [startingWith,41] - Generating unique operation named: addUsingPOST_71
19:05:10.852 [main] INFO  s.d.s.w.r.o.CachingOperationNameGenerator - [startingWith,41] - Generating unique operation named: auditUsingPUT_7
19:05:10.855 [main] INFO  s.d.s.w.r.o.CachingOperationNameGenerator - [startingWith,41] - Generating unique operation named: editUsingPUT_70
19:05:10.863 [main] INFO  s.d.s.w.r.o.CachingOperationNameGenerator - [startingWith,41] - Generating unique operation named: exportUsingGET_72
19:05:10.870 [main] INFO  s.d.s.w.r.o.CachingOperationNameGenerator - [startingWith,41] - Generating unique operation named: getInfoUsingGET_72
19:05:10.873 [main] INFO  s.d.s.w.r.o.CachingOperationNameGenerator - [startingWith,41] - Generating unique operation named: removeUsingDELETE_70
19:05:10.877 [main] INFO  s.d.s.w.r.o.CachingOperationNameGenerator - [startingWith,41] - Generating unique operation named: submitUsingPUT_7
19:05:10.882 [main] INFO  s.d.s.w.r.o.CachingOperationNameGenerator - [startingWith,41] - Generating unique operation named: listUsingGET_73
19:05:10.886 [main] INFO  s.d.s.w.r.o.CachingOperationNameGenerator - [startingWith,41] - Generating unique operation named: list4AuditUsingGET_7
19:05:10.890 [main] INFO  s.d.s.w.r.o.CachingOperationNameGenerator - [startingWith,41] - Generating unique operation named: addUsingPOST_72
19:05:10.895 [main] INFO  s.d.s.w.r.o.CachingOperationNameGenerator - [startingWith,41] - Generating unique operation named: editUsingPUT_71
19:05:10.900 [main] INFO  s.d.s.w.r.o.CachingOperationNameGenerator - [startingWith,41] - Generating unique operation named: exportUsingGET_73
19:05:10.905 [main] INFO  s.d.s.w.r.o.CachingOperationNameGenerator - [startingWith,41] - Generating unique operation named: getInfoUsingGET_73
19:05:10.908 [main] INFO  s.d.s.w.r.o.CachingOperationNameGenerator - [startingWith,41] - Generating unique operation named: removeUsingDELETE_71
19:05:10.913 [main] INFO  s.d.s.w.r.o.CachingOperationNameGenerator - [startingWith,41] - Generating unique operation named: listUsingGET_74
19:05:10.920 [main] INFO  s.d.s.w.r.o.CachingOperationNameGenerator - [startingWith,41] - Generating unique operation named: addUsingPOST_73
19:05:10.924 [main] INFO  s.d.s.w.r.o.CachingOperationNameGenerator - [startingWith,41] - Generating unique operation named: editUsingPUT_72
19:05:10.932 [main] INFO  s.d.s.w.r.o.CachingOperationNameGenerator - [startingWith,41] - Generating unique operation named: exportUsingGET_74
19:05:10.937 [main] INFO  s.d.s.w.r.o.CachingOperationNameGenerator - [startingWith,41] - Generating unique operation named: getInfoUsingGET_74
19:05:10.943 [main] INFO  s.d.s.w.r.o.CachingOperationNameGenerator - [startingWith,41] - Generating unique operation named: removeUsingDELETE_72
19:05:10.948 [main] INFO  s.d.s.w.r.o.CachingOperationNameGenerator - [startingWith,41] - Generating unique operation named: listUsingGET_75
19:05:10.953 [main] INFO  s.d.s.w.r.o.CachingOperationNameGenerator - [startingWith,41] - Generating unique operation named: addUsingPOST_74
19:05:10.958 [main] INFO  s.d.s.w.r.o.CachingOperationNameGenerator - [startingWith,41] - Generating unique operation named: editUsingPUT_73
19:05:10.962 [main] INFO  s.d.s.w.r.o.CachingOperationNameGenerator - [startingWith,41] - Generating unique operation named: exportUsingGET_75
19:05:10.967 [main] INFO  s.d.s.w.r.o.CachingOperationNameGenerator - [startingWith,41] - Generating unique operation named: getInfoUsingGET_75
19:05:10.971 [main] INFO  s.d.s.w.r.o.CachingOperationNameGenerator - [startingWith,41] - Generating unique operation named: removeUsingDELETE_73
19:05:10.975 [main] INFO  s.d.s.w.r.o.CachingOperationNameGenerator - [startingWith,41] - Generating unique operation named: listUsingGET_76
19:05:10.983 [main] INFO  s.d.s.w.r.o.CachingOperationNameGenerator - [startingWith,41] - Generating unique operation named: exportUsingGET_76
19:05:10.990 [main] INFO  s.d.s.w.r.o.CachingOperationNameGenerator - [startingWith,41] - Generating unique operation named: exportUsingGET_77
19:05:11.000 [main] INFO  s.d.s.w.r.o.CachingOperationNameGenerator - [startingWith,41] - Generating unique operation named: listUsingGET_77
19:05:11.011 [main] INFO  s.d.s.w.r.o.CachingOperationNameGenerator - [startingWith,41] - Generating unique operation named: selectContractDeliveryReturnMonthReportUsingGET_1
19:05:11.016 [main] INFO  s.d.s.w.r.o.CachingOperationNameGenerator - [startingWith,41] - Generating unique operation named: selectContractDeliveryReturnQuarterReportUsingGET_1
19:05:11.027 [main] INFO  s.d.s.w.r.o.CachingOperationNameGenerator - [startingWith,41] - Generating unique operation named: addUsingPOST_75
19:05:11.036 [main] INFO  s.d.s.w.r.o.CachingOperationNameGenerator - [startingWith,41] - Generating unique operation named: editUsingPUT_74
19:05:11.043 [main] INFO  s.d.s.w.r.o.CachingOperationNameGenerator - [startingWith,41] - Generating unique operation named: exportUsingGET_78
19:05:11.052 [main] INFO  s.d.s.w.r.o.CachingOperationNameGenerator - [startingWith,41] - Generating unique operation named: getInfoUsingGET_76
19:05:11.059 [main] INFO  s.d.s.w.r.o.CachingOperationNameGenerator - [startingWith,41] - Generating unique operation named: removeUsingDELETE_74
19:05:11.066 [main] INFO  s.d.s.w.r.o.CachingOperationNameGenerator - [startingWith,41] - Generating unique operation named: listUsingGET_78
19:05:11.072 [main] INFO  s.d.s.w.r.o.CachingOperationNameGenerator - [startingWith,41] - Generating unique operation named: addUsingPOST_76
19:05:11.077 [main] INFO  s.d.s.w.r.o.CachingOperationNameGenerator - [startingWith,41] - Generating unique operation named: editUsingPUT_75
19:05:11.082 [main] INFO  s.d.s.w.r.o.CachingOperationNameGenerator - [startingWith,41] - Generating unique operation named: exportUsingGET_79
19:05:11.087 [main] INFO  s.d.s.w.r.o.CachingOperationNameGenerator - [startingWith,41] - Generating unique operation named: getInfoUsingGET_77
19:05:11.090 [main] INFO  s.d.s.w.r.o.CachingOperationNameGenerator - [startingWith,41] - Generating unique operation named: removeUsingDELETE_75
19:05:11.096 [main] INFO  s.d.s.w.r.o.CachingOperationNameGenerator - [startingWith,41] - Generating unique operation named: listUsingGET_79
19:05:11.136 [main] INFO  s.d.s.w.r.o.CachingOperationNameGenerator - [startingWith,41] - Generating unique operation named: editUsingPUT_76
19:05:11.159 [main] INFO  s.d.s.w.r.o.CachingOperationNameGenerator - [startingWith,41] - Generating unique operation named: exportUsingGET_80
19:05:11.166 [main] INFO  s.d.s.w.r.o.CachingOperationNameGenerator - [startingWith,41] - Generating unique operation named: getInfoUsingGET_78
19:05:11.171 [main] INFO  s.d.s.w.r.o.CachingOperationNameGenerator - [startingWith,41] - Generating unique operation named: listUsingGET_80
19:05:11.192 [main] INFO  s.d.s.w.r.o.CachingOperationNameGenerator - [startingWith,41] - Generating unique operation named: exportUsingGET_81
19:05:11.198 [main] INFO  s.d.s.w.r.o.CachingOperationNameGenerator - [startingWith,41] - Generating unique operation named: getInfoUsingGET_79
19:05:11.203 [main] INFO  s.d.s.w.r.o.CachingOperationNameGenerator - [startingWith,41] - Generating unique operation named: listUsingGET_81
19:05:11.212 [main] INFO  s.d.s.w.r.o.CachingOperationNameGenerator - [startingWith,41] - Generating unique operation named: reportByDayUsingGET_1
19:05:11.236 [main] INFO  s.d.s.w.r.o.CachingOperationNameGenerator - [startingWith,41] - Generating unique operation named: exportUsingGET_82
19:05:11.246 [main] INFO  s.d.s.w.r.o.CachingOperationNameGenerator - [startingWith,41] - Generating unique operation named: listUsingGET_82
19:05:11.255 [main] INFO  s.d.s.w.r.o.CachingOperationNameGenerator - [startingWith,41] - Generating unique operation named: exportUsingGET_83
19:05:11.263 [main] INFO  s.d.s.w.r.o.CachingOperationNameGenerator - [startingWith,41] - Generating unique operation named: listUsingGET_83
19:05:11.347 [main] INFO  s.d.s.w.r.o.CachingOperationNameGenerator - [startingWith,41] - Generating unique operation named: addUsingPOST_77
19:05:11.352 [main] INFO  s.d.s.w.r.o.CachingOperationNameGenerator - [startingWith,41] - Generating unique operation named: editUsingPUT_77
19:05:11.357 [main] INFO  s.d.s.w.r.o.CachingOperationNameGenerator - [startingWith,41] - Generating unique operation named: exportUsingGET_84
19:05:11.364 [main] INFO  s.d.s.w.r.o.CachingOperationNameGenerator - [startingWith,41] - Generating unique operation named: getInfoUsingGET_80
19:05:11.367 [main] INFO  s.d.s.w.r.o.CachingOperationNameGenerator - [startingWith,41] - Generating unique operation named: removeUsingDELETE_76
19:05:11.370 [main] INFO  s.d.s.w.r.o.CachingOperationNameGenerator - [startingWith,41] - Generating unique operation named: listUsingGET_84
19:05:11.375 [main] INFO  s.d.s.w.r.o.CachingOperationNameGenerator - [startingWith,41] - Generating unique operation named: exportUsingGET_85
19:05:11.381 [main] INFO  s.d.s.w.r.o.CachingOperationNameGenerator - [startingWith,41] - Generating unique operation named: listUsingGET_85
19:05:11.388 [main] INFO  s.d.s.w.r.o.CachingOperationNameGenerator - [startingWith,41] - Generating unique operation named: exportUsingGET_86
19:05:11.393 [main] INFO  s.d.s.w.r.o.CachingOperationNameGenerator - [startingWith,41] - Generating unique operation named: getInfoUsingGET_81
19:05:11.399 [main] INFO  s.d.s.w.r.o.CachingOperationNameGenerator - [startingWith,41] - Generating unique operation named: listUsingGET_86
19:05:11.406 [main] INFO  s.d.s.w.r.o.CachingOperationNameGenerator - [startingWith,41] - Generating unique operation named: exportUsingGET_87
19:05:11.411 [main] INFO  s.d.s.w.r.o.CachingOperationNameGenerator - [startingWith,41] - Generating unique operation named: getInfoUsingGET_82
19:05:11.416 [main] INFO  s.d.s.w.r.o.CachingOperationNameGenerator - [startingWith,41] - Generating unique operation named: listUsingGET_87
19:05:11.423 [main] INFO  s.d.s.w.r.o.CachingOperationNameGenerator - [startingWith,41] - Generating unique operation named: exportUsingGET_88
19:05:11.427 [main] INFO  s.d.s.w.r.o.CachingOperationNameGenerator - [startingWith,41] - Generating unique operation named: getInfoUsingGET_83
19:05:11.432 [main] INFO  s.d.s.w.r.o.CachingOperationNameGenerator - [startingWith,41] - Generating unique operation named: listUsingGET_88
19:05:11.440 [main] INFO  s.d.s.w.r.o.CachingOperationNameGenerator - [startingWith,41] - Generating unique operation named: addUsingPOST_78
19:05:11.446 [main] INFO  s.d.s.w.r.o.CachingOperationNameGenerator - [startingWith,41] - Generating unique operation named: auditUsingPUT_8
19:05:11.450 [main] INFO  s.d.s.w.r.o.CachingOperationNameGenerator - [startingWith,41] - Generating unique operation named: editUsingPUT_78
19:05:11.458 [main] INFO  s.d.s.w.r.o.CachingOperationNameGenerator - [startingWith,41] - Generating unique operation named: exportUsingGET_89
19:05:11.464 [main] INFO  s.d.s.w.r.o.CachingOperationNameGenerator - [startingWith,41] - Generating unique operation named: getInfoUsingGET_84
19:05:11.468 [main] INFO  s.d.s.w.r.o.CachingOperationNameGenerator - [startingWith,41] - Generating unique operation named: removeUsingDELETE_77
19:05:11.470 [main] INFO  s.d.s.w.r.o.CachingOperationNameGenerator - [startingWith,41] - Generating unique operation named: submitUsingPUT_8
19:05:11.476 [main] INFO  s.d.s.w.r.o.CachingOperationNameGenerator - [startingWith,41] - Generating unique operation named: listUsingGET_89
19:05:11.480 [main] INFO  s.d.s.w.r.o.CachingOperationNameGenerator - [startingWith,41] - Generating unique operation named: list4AuditUsingGET_8
19:05:11.485 [main] INFO  s.d.s.w.r.o.CachingOperationNameGenerator - [startingWith,41] - Generating unique operation named: addUsingPOST_79
19:05:11.488 [main] INFO  s.d.s.w.r.o.CachingOperationNameGenerator - [startingWith,41] - Generating unique operation named: editUsingPUT_79
19:05:11.493 [main] INFO  s.d.s.w.r.o.CachingOperationNameGenerator - [startingWith,41] - Generating unique operation named: exportUsingGET_90
19:05:11.499 [main] INFO  s.d.s.w.r.o.CachingOperationNameGenerator - [startingWith,41] - Generating unique operation named: getInfoUsingGET_85
19:05:11.502 [main] INFO  s.d.s.w.r.o.CachingOperationNameGenerator - [startingWith,41] - Generating unique operation named: removeUsingDELETE_78
19:05:11.507 [main] INFO  s.d.s.w.r.o.CachingOperationNameGenerator - [startingWith,41] - Generating unique operation named: listUsingGET_90
19:05:11.516 [main] INFO  s.d.s.w.r.o.CachingOperationNameGenerator - [startingWith,41] - Generating unique operation named: addUsingPOST_80
19:05:11.521 [main] INFO  s.d.s.w.r.o.CachingOperationNameGenerator - [startingWith,41] - Generating unique operation named: editUsingPUT_80
19:05:11.528 [main] INFO  s.d.s.w.r.o.CachingOperationNameGenerator - [startingWith,41] - Generating unique operation named: exportUsingGET_91
19:05:11.533 [main] INFO  s.d.s.w.r.o.CachingOperationNameGenerator - [startingWith,41] - Generating unique operation named: getInfoUsingGET_86
19:05:11.539 [main] INFO  s.d.s.w.r.o.CachingOperationNameGenerator - [startingWith,41] - Generating unique operation named: removeUsingDELETE_79
19:05:11.548 [main] INFO  s.d.s.w.r.o.CachingOperationNameGenerator - [startingWith,41] - Generating unique operation named: listUsingGET_91
19:05:11.553 [main] INFO  s.d.s.w.r.o.CachingOperationNameGenerator - [startingWith,41] - Generating unique operation named: addUsingPOST_81
19:05:11.556 [main] INFO  s.d.s.w.r.o.CachingOperationNameGenerator - [startingWith,41] - Generating unique operation named: editUsingPUT_81
19:05:11.561 [main] INFO  s.d.s.w.r.o.CachingOperationNameGenerator - [startingWith,41] - Generating unique operation named: exportUsingGET_92
19:05:11.567 [main] INFO  s.d.s.w.r.o.CachingOperationNameGenerator - [startingWith,41] - Generating unique operation named: getInfoUsingGET_87
19:05:11.571 [main] INFO  s.d.s.w.r.o.CachingOperationNameGenerator - [startingWith,41] - Generating unique operation named: removeUsingDELETE_80
19:05:11.576 [main] INFO  s.d.s.w.r.o.CachingOperationNameGenerator - [startingWith,41] - Generating unique operation named: listUsingGET_92
19:05:11.583 [main] INFO  s.d.s.w.r.o.CachingOperationNameGenerator - [startingWith,41] - Generating unique operation named: addUsingPOST_82
19:05:11.590 [main] INFO  s.d.s.w.r.o.CachingOperationNameGenerator - [startingWith,41] - Generating unique operation named: editUsingPUT_82
19:05:11.598 [main] INFO  s.d.s.w.r.o.CachingOperationNameGenerator - [startingWith,41] - Generating unique operation named: exportUsingGET_93
19:05:11.605 [main] INFO  s.d.s.w.r.o.CachingOperationNameGenerator - [startingWith,41] - Generating unique operation named: getInfoUsingGET_88
19:05:11.609 [main] INFO  s.d.s.w.r.o.CachingOperationNameGenerator - [startingWith,41] - Generating unique operation named: removeUsingDELETE_81
19:05:11.615 [main] INFO  s.d.s.w.r.o.CachingOperationNameGenerator - [startingWith,41] - Generating unique operation named: listUsingGET_93
19:05:11.621 [main] INFO  s.d.s.w.r.o.CachingOperationNameGenerator - [startingWith,41] - Generating unique operation named: addUsingPOST_83
19:05:11.625 [main] INFO  s.d.s.w.r.o.CachingOperationNameGenerator - [startingWith,41] - Generating unique operation named: editUsingPUT_83
19:05:11.630 [main] INFO  s.d.s.w.r.o.CachingOperationNameGenerator - [startingWith,41] - Generating unique operation named: exportUsingGET_94
19:05:11.635 [main] INFO  s.d.s.w.r.o.CachingOperationNameGenerator - [startingWith,41] - Generating unique operation named: getInfoUsingGET_89
19:05:11.639 [main] INFO  s.d.s.w.r.o.CachingOperationNameGenerator - [startingWith,41] - Generating unique operation named: removeUsingDELETE_82
19:05:11.645 [main] INFO  s.d.s.w.r.o.CachingOperationNameGenerator - [startingWith,41] - Generating unique operation named: listUsingGET_94
19:05:11.655 [main] INFO  s.d.s.w.r.o.CachingOperationNameGenerator - [startingWith,41] - Generating unique operation named: addUsingPOST_84
19:05:11.661 [main] INFO  s.d.s.w.r.o.CachingOperationNameGenerator - [startingWith,41] - Generating unique operation named: auditUsingPUT_9
19:05:11.666 [main] INFO  s.d.s.w.r.o.CachingOperationNameGenerator - [startingWith,41] - Generating unique operation named: editUsingPUT_84
19:05:11.674 [main] INFO  s.d.s.w.r.o.CachingOperationNameGenerator - [startingWith,41] - Generating unique operation named: exportUsingGET_95
19:05:11.682 [main] INFO  s.d.s.w.r.o.CachingOperationNameGenerator - [startingWith,41] - Generating unique operation named: getInfoUsingGET_90
19:05:11.689 [main] INFO  s.d.s.w.r.o.CachingOperationNameGenerator - [startingWith,41] - Generating unique operation named: removeUsingDELETE_83
19:05:11.693 [main] INFO  s.d.s.w.r.o.CachingOperationNameGenerator - [startingWith,41] - Generating unique operation named: submitUsingPUT_9
19:05:11.698 [main] INFO  s.d.s.w.r.o.CachingOperationNameGenerator - [startingWith,41] - Generating unique operation named: listUsingGET_95
19:05:11.704 [main] INFO  s.d.s.w.r.o.CachingOperationNameGenerator - [startingWith,41] - Generating unique operation named: list4AuditUsingGET_9
19:05:11.712 [main] INFO  s.d.s.w.r.o.CachingOperationNameGenerator - [startingWith,41] - Generating unique operation named: addUsingPOST_85
19:05:11.716 [main] INFO  s.d.s.w.r.o.CachingOperationNameGenerator - [startingWith,41] - Generating unique operation named: editUsingPUT_85
19:05:11.718 [main] INFO  s.d.s.w.r.o.CachingOperationNameGenerator - [startingWith,41] - Generating unique operation named: exportUsingGET_96
19:05:11.723 [main] INFO  s.d.s.w.r.o.CachingOperationNameGenerator - [startingWith,41] - Generating unique operation named: getInfoUsingGET_91
19:05:11.729 [main] INFO  s.d.s.w.r.o.CachingOperationNameGenerator - [startingWith,41] - Generating unique operation named: removeUsingDELETE_84
19:05:11.734 [main] INFO  s.d.s.w.r.o.CachingOperationNameGenerator - [startingWith,41] - Generating unique operation named: listUsingGET_96
19:05:11.742 [main] INFO  s.d.s.w.r.o.CachingOperationNameGenerator - [startingWith,41] - Generating unique operation named: addUsingPOST_86
19:05:11.747 [main] INFO  s.d.s.w.r.o.CachingOperationNameGenerator - [startingWith,41] - Generating unique operation named: editUsingPUT_86
19:05:11.754 [main] INFO  s.d.s.w.r.o.CachingOperationNameGenerator - [startingWith,41] - Generating unique operation named: exportUsingGET_97
19:05:11.761 [main] INFO  s.d.s.w.r.o.CachingOperationNameGenerator - [startingWith,41] - Generating unique operation named: getInfoUsingGET_92
19:05:11.766 [main] INFO  s.d.s.w.r.o.CachingOperationNameGenerator - [startingWith,41] - Generating unique operation named: listUsingGET_97
19:05:11.771 [main] INFO  s.d.s.w.r.o.CachingOperationNameGenerator - [startingWith,41] - Generating unique operation named: removeUsingDELETE_85
19:05:11.778 [main] INFO  s.d.s.w.r.o.CachingOperationNameGenerator - [startingWith,41] - Generating unique operation named: addUsingPOST_87
19:05:11.782 [main] INFO  s.d.s.w.r.o.CachingOperationNameGenerator - [startingWith,41] - Generating unique operation named: editUsingPUT_87
19:05:11.791 [main] INFO  s.d.s.w.r.o.CachingOperationNameGenerator - [startingWith,41] - Generating unique operation named: exportUsingGET_98
19:05:11.797 [main] INFO  s.d.s.w.r.o.CachingOperationNameGenerator - [startingWith,41] - Generating unique operation named: getInfoUsingGET_93
19:05:11.802 [main] INFO  s.d.s.w.r.o.CachingOperationNameGenerator - [startingWith,41] - Generating unique operation named: removeUsingDELETE_86
19:05:11.808 [main] INFO  s.d.s.w.r.o.CachingOperationNameGenerator - [startingWith,41] - Generating unique operation named: listUsingGET_98
19:05:11.819 [main] INFO  s.d.s.w.r.o.CachingOperationNameGenerator - [startingWith,41] - Generating unique operation named: addUsingPOST_88
19:05:11.824 [main] INFO  s.d.s.w.r.o.CachingOperationNameGenerator - [startingWith,41] - Generating unique operation named: editUsingPUT_88
19:05:11.831 [main] INFO  s.d.s.w.r.o.CachingOperationNameGenerator - [startingWith,41] - Generating unique operation named: exportUsingGET_99
19:05:11.837 [main] INFO  s.d.s.w.r.o.CachingOperationNameGenerator - [startingWith,41] - Generating unique operation named: getInfoUsingGET_94
19:05:11.843 [main] INFO  s.d.s.w.r.o.CachingOperationNameGenerator - [startingWith,41] - Generating unique operation named: removeUsingDELETE_87
19:05:11.849 [main] INFO  s.d.s.w.r.o.CachingOperationNameGenerator - [startingWith,41] - Generating unique operation named: listUsingGET_99
19:05:11.859 [main] INFO  s.d.s.w.r.o.CachingOperationNameGenerator - [startingWith,41] - Generating unique operation named: addUsingPOST_89
19:05:11.865 [main] INFO  s.d.s.w.r.o.CachingOperationNameGenerator - [startingWith,41] - Generating unique operation named: auditUsingPUT_10
19:05:11.879 [main] INFO  s.d.s.w.r.o.CachingOperationNameGenerator - [startingWith,41] - Generating unique operation named: editUsingPUT_89
19:05:11.894 [main] INFO  s.d.s.w.r.o.CachingOperationNameGenerator - [startingWith,41] - Generating unique operation named: exportUsingGET_100
19:05:11.901 [main] INFO  s.d.s.w.r.o.CachingOperationNameGenerator - [startingWith,41] - Generating unique operation named: getInfoUsingGET_95
19:05:11.910 [main] INFO  s.d.s.w.r.o.CachingOperationNameGenerator - [startingWith,41] - Generating unique operation named: removeUsingDELETE_88
19:05:11.915 [main] INFO  s.d.s.w.r.o.CachingOperationNameGenerator - [startingWith,41] - Generating unique operation named: submitUsingPUT_10
19:05:11.920 [main] INFO  s.d.s.w.r.o.CachingOperationNameGenerator - [startingWith,41] - Generating unique operation named: listUsingGET_100
19:05:11.927 [main] INFO  s.d.s.w.r.o.CachingOperationNameGenerator - [startingWith,41] - Generating unique operation named: list4AuditUsingGET_10
19:05:11.935 [main] INFO  s.d.s.w.r.o.CachingOperationNameGenerator - [startingWith,41] - Generating unique operation named: addUsingPOST_90
19:05:11.941 [main] INFO  s.d.s.w.r.o.CachingOperationNameGenerator - [startingWith,41] - Generating unique operation named: editUsingPUT_90
19:05:11.948 [main] INFO  s.d.s.w.r.o.CachingOperationNameGenerator - [startingWith,41] - Generating unique operation named: exportUsingGET_101
19:05:11.954 [main] INFO  s.d.s.w.r.o.CachingOperationNameGenerator - [startingWith,41] - Generating unique operation named: getInfoUsingGET_96
19:05:11.959 [main] INFO  s.d.s.w.r.o.CachingOperationNameGenerator - [startingWith,41] - Generating unique operation named: removeUsingDELETE_89
19:05:11.965 [main] INFO  s.d.s.w.r.o.CachingOperationNameGenerator - [startingWith,41] - Generating unique operation named: listUsingGET_101
19:05:11.973 [main] INFO  s.d.s.w.r.o.CachingOperationNameGenerator - [startingWith,41] - Generating unique operation named: addUsingPOST_91
19:05:11.980 [main] INFO  s.d.s.w.r.o.CachingOperationNameGenerator - [startingWith,41] - Generating unique operation named: editUsingPUT_91
19:05:11.986 [main] INFO  s.d.s.w.r.o.CachingOperationNameGenerator - [startingWith,41] - Generating unique operation named: exportUsingGET_102
19:05:11.993 [main] INFO  s.d.s.w.r.o.CachingOperationNameGenerator - [startingWith,41] - Generating unique operation named: getInfoUsingGET_97
19:05:11.998 [main] INFO  s.d.s.w.r.o.CachingOperationNameGenerator - [startingWith,41] - Generating unique operation named: removeUsingDELETE_90
19:05:12.004 [main] INFO  s.d.s.w.r.o.CachingOperationNameGenerator - [startingWith,41] - Generating unique operation named: listUsingGET_102
19:05:12.013 [main] INFO  s.d.s.w.r.o.CachingOperationNameGenerator - [startingWith,41] - Generating unique operation named: addUsingPOST_92
19:05:12.018 [main] INFO  s.d.s.w.r.o.CachingOperationNameGenerator - [startingWith,41] - Generating unique operation named: auditUsingPUT_11
19:05:12.023 [main] INFO  s.d.s.w.r.o.CachingOperationNameGenerator - [startingWith,41] - Generating unique operation named: editUsingPUT_92
19:05:12.032 [main] INFO  s.d.s.w.r.o.CachingOperationNameGenerator - [startingWith,41] - Generating unique operation named: exportUsingGET_103
19:05:12.041 [main] INFO  s.d.s.w.r.o.CachingOperationNameGenerator - [startingWith,41] - Generating unique operation named: getInfoUsingGET_98
19:05:12.046 [main] INFO  s.d.s.w.r.o.CachingOperationNameGenerator - [startingWith,41] - Generating unique operation named: removeUsingDELETE_91
19:05:12.052 [main] INFO  s.d.s.w.r.o.CachingOperationNameGenerator - [startingWith,41] - Generating unique operation named: submitUsingPUT_11
19:05:12.059 [main] INFO  s.d.s.w.r.o.CachingOperationNameGenerator - [startingWith,41] - Generating unique operation named: listUsingGET_103
19:05:12.065 [main] INFO  s.d.s.w.r.o.CachingOperationNameGenerator - [startingWith,41] - Generating unique operation named: list4AuditUsingGET_11
19:05:12.072 [main] INFO  s.d.s.w.r.o.CachingOperationNameGenerator - [startingWith,41] - Generating unique operation named: addUsingPOST_93
19:05:12.077 [main] INFO  s.d.s.w.r.o.CachingOperationNameGenerator - [startingWith,41] - Generating unique operation named: editUsingPUT_93
19:05:12.081 [main] INFO  s.d.s.w.r.o.CachingOperationNameGenerator - [startingWith,41] - Generating unique operation named: exportUsingGET_104
19:05:12.087 [main] INFO  s.d.s.w.r.o.CachingOperationNameGenerator - [startingWith,41] - Generating unique operation named: getInfoUsingGET_99
19:05:12.089 [main] INFO  s.d.s.w.r.o.CachingOperationNameGenerator - [startingWith,41] - Generating unique operation named: removeUsingDELETE_92
19:05:12.094 [main] INFO  s.d.s.w.r.o.CachingOperationNameGenerator - [startingWith,41] - Generating unique operation named: listUsingGET_104
19:05:12.101 [main] INFO  s.d.s.w.r.o.CachingOperationNameGenerator - [startingWith,41] - Generating unique operation named: addUsingPOST_94
19:05:12.106 [main] INFO  s.d.s.w.r.o.CachingOperationNameGenerator - [startingWith,41] - Generating unique operation named: editUsingPUT_94
19:05:12.113 [main] INFO  s.d.s.w.r.o.CachingOperationNameGenerator - [startingWith,41] - Generating unique operation named: exportUsingGET_105
19:05:12.118 [main] INFO  s.d.s.w.r.o.CachingOperationNameGenerator - [startingWith,41] - Generating unique operation named: getInfoUsingGET_100
19:05:12.121 [main] INFO  s.d.s.w.r.o.CachingOperationNameGenerator - [startingWith,41] - Generating unique operation named: removeUsingDELETE_93
19:05:12.126 [main] INFO  s.d.s.w.r.o.CachingOperationNameGenerator - [startingWith,41] - Generating unique operation named: listUsingGET_105
19:05:12.132 [main] INFO  s.d.s.w.r.o.CachingOperationNameGenerator - [startingWith,41] - Generating unique operation named: addUsingPOST_95
19:05:12.136 [main] INFO  s.d.s.w.r.o.CachingOperationNameGenerator - [startingWith,41] - Generating unique operation named: editUsingPUT_95
19:05:12.141 [main] INFO  s.d.s.w.r.o.CachingOperationNameGenerator - [startingWith,41] - Generating unique operation named: exportUsingGET_106
19:05:12.147 [main] INFO  s.d.s.w.r.o.CachingOperationNameGenerator - [startingWith,41] - Generating unique operation named: getInfoUsingGET_101
19:05:12.151 [main] INFO  s.d.s.w.r.o.CachingOperationNameGenerator - [startingWith,41] - Generating unique operation named: removeUsingDELETE_94
19:05:12.155 [main] INFO  s.d.s.w.r.o.CachingOperationNameGenerator - [startingWith,41] - Generating unique operation named: listUsingGET_106
19:05:12.162 [main] INFO  s.d.s.w.r.o.CachingOperationNameGenerator - [startingWith,41] - Generating unique operation named: addUsingPOST_96
19:05:12.167 [main] INFO  s.d.s.w.r.o.CachingOperationNameGenerator - [startingWith,41] - Generating unique operation named: editUsingPUT_96
19:05:12.173 [main] INFO  s.d.s.w.r.o.CachingOperationNameGenerator - [startingWith,41] - Generating unique operation named: exportUsingGET_107
19:05:12.180 [main] INFO  s.d.s.w.r.o.CachingOperationNameGenerator - [startingWith,41] - Generating unique operation named: getInfoUsingGET_102
19:05:12.185 [main] INFO  s.d.s.w.r.o.CachingOperationNameGenerator - [startingWith,41] - Generating unique operation named: removeUsingDELETE_95
19:05:12.191 [main] INFO  s.d.s.w.r.o.CachingOperationNameGenerator - [startingWith,41] - Generating unique operation named: listUsingGET_107
19:05:12.199 [main] INFO  s.d.s.w.r.o.CachingOperationNameGenerator - [startingWith,41] - Generating unique operation named: addUsingPOST_97
19:05:12.204 [main] INFO  s.d.s.w.r.o.CachingOperationNameGenerator - [startingWith,41] - Generating unique operation named: editUsingPUT_97
19:05:12.215 [main] INFO  s.d.s.w.r.o.CachingOperationNameGenerator - [startingWith,41] - Generating unique operation named: exportUsingGET_108
19:05:12.221 [main] INFO  s.d.s.w.r.o.CachingOperationNameGenerator - [startingWith,41] - Generating unique operation named: getInfoUsingGET_103
19:05:12.227 [main] INFO  s.d.s.w.r.o.CachingOperationNameGenerator - [startingWith,41] - Generating unique operation named: removeUsingDELETE_96
19:05:12.233 [main] INFO  s.d.s.w.r.o.CachingOperationNameGenerator - [startingWith,41] - Generating unique operation named: listUsingGET_108
19:05:12.241 [main] INFO  s.d.s.w.r.o.CachingOperationNameGenerator - [startingWith,41] - Generating unique operation named: addUsingPOST_98
19:05:12.247 [main] INFO  s.d.s.w.r.o.CachingOperationNameGenerator - [startingWith,41] - Generating unique operation named: editUsingPUT_98
19:05:12.251 [main] INFO  s.d.s.w.r.o.CachingOperationNameGenerator - [startingWith,41] - Generating unique operation named: exportUsingGET_109
19:05:12.263 [main] INFO  s.d.s.w.r.o.CachingOperationNameGenerator - [startingWith,41] - Generating unique operation named: getInfoUsingGET_104
19:05:12.270 [main] INFO  s.d.s.w.r.o.CachingOperationNameGenerator - [startingWith,41] - Generating unique operation named: removeUsingDELETE_97
19:05:12.277 [main] INFO  s.d.s.w.r.o.CachingOperationNameGenerator - [startingWith,41] - Generating unique operation named: listUsingGET_109
19:05:12.285 [main] INFO  s.d.s.w.r.o.CachingOperationNameGenerator - [startingWith,41] - Generating unique operation named: addUsingPOST_99
19:05:12.289 [main] INFO  s.d.s.w.r.o.CachingOperationNameGenerator - [startingWith,41] - Generating unique operation named: editUsingPUT_99
19:05:12.296 [main] INFO  s.d.s.w.r.o.CachingOperationNameGenerator - [startingWith,41] - Generating unique operation named: exportUsingGET_110
19:05:12.302 [main] INFO  s.d.s.w.r.o.CachingOperationNameGenerator - [startingWith,41] - Generating unique operation named: getInfoUsingGET_105
19:05:12.313 [main] INFO  s.d.s.w.r.o.CachingOperationNameGenerator - [startingWith,41] - Generating unique operation named: removeUsingDELETE_98
19:05:12.318 [main] INFO  s.d.s.w.r.o.CachingOperationNameGenerator - [startingWith,41] - Generating unique operation named: listUsingGET_110
19:05:12.325 [main] INFO  s.d.s.w.r.o.CachingOperationNameGenerator - [startingWith,41] - Generating unique operation named: addUsingPOST_100
19:05:12.331 [main] INFO  s.d.s.w.r.o.CachingOperationNameGenerator - [startingWith,41] - Generating unique operation named: editUsingPUT_100
19:05:12.338 [main] INFO  s.d.s.w.r.o.CachingOperationNameGenerator - [startingWith,41] - Generating unique operation named: exportUsingGET_111
19:05:12.344 [main] INFO  s.d.s.w.r.o.CachingOperationNameGenerator - [startingWith,41] - Generating unique operation named: getInfoUsingGET_106
19:05:12.349 [main] INFO  s.d.s.w.r.o.CachingOperationNameGenerator - [startingWith,41] - Generating unique operation named: removeUsingDELETE_99
19:05:12.355 [main] INFO  s.d.s.w.r.o.CachingOperationNameGenerator - [startingWith,41] - Generating unique operation named: listUsingGET_111
19:05:12.378 [main] INFO  o.a.c.h.Http11NioProtocol - [log,173] - Starting ProtocolHandler ["http-nio-9090"]
19:05:12.412 [main] INFO  c.neu.NeuApplication - [logStarted,61] - Started NeuApplication in 19.973 seconds (JVM running for 20.465)
19:05:13.390 [Quartz Scheduler [RuoyiScheduler]] INFO  o.q.c.QuartzScheduler - [start,547] - Scheduler RuoyiScheduler_$_LAPTOP-802K4BVQ1778756703564 started.
19:05:55.229 [http-nio-9090-exec-5] INFO  o.a.c.c.C.[.[.[/] - [log,173] - Initializing Spring DispatcherServlet 'dispatcherServlet'
19:18:38.301 [schedule-pool-1] INFO  sys-user - [run,56] - [127.0.0.1]内网IP[admin][Logout][退出成功]
19:18:44.495 [schedule-pool-1] INFO  sys-user - [run,56] - [127.0.0.1]内网IP[admin][Error][验证码错误]
19:18:47.580 [schedule-pool-2] INFO  sys-user - [run,56] - [127.0.0.1]内网IP[admin][Success][登录成功]
19:29:22.320 [background-preinit] INFO  o.h.v.i.util.Version - [<clinit>,21] - HV000001: Hibernate Validator 6.0.21.Final
19:29:22.338 [main] INFO  c.neu.NeuApplication - [logStarting,55] - Starting NeuApplication on LAPTOP-802K4BVQ with PID 26072 (D:\Users\002\Desktop\后端\neu-admin\target\carbon.jar started by 002 in C:\Users\002\.openclaw\workspace)
19:29:22.339 [main] INFO  c.neu.NeuApplication - [logStartupProfileInfo,655] - The following profiles are active: druid
19:29:25.551 [main] INFO  o.a.c.h.Http11NioProtocol - [log,173] - Initializing ProtocolHandler ["http-nio-9090"]
19:29:25.553 [main] INFO  o.a.c.c.StandardService - [log,173] - Starting service [Tomcat]
19:29:25.553 [main] INFO  o.a.c.c.StandardEngine - [log,173] - Starting Servlet engine: [Apache Tomcat/9.0.41]
19:29:25.635 [main] INFO  o.a.c.c.C.[.[.[/] - [log,173] - Initializing Spring embedded WebApplicationContext
19:29:29.305 [main] INFO  c.a.d.p.DruidDataSource - [init,985] - {dataSource-1} inited
19:29:29.751 [main] INFO  i.l.c.EpollProvider - [<clinit>,68] - Starting without optional epoll library
19:29:29.754 [main] INFO  i.l.c.KqueueProvider - [<clinit>,70] - Starting without optional kqueue library
19:29:32.513 [main] INFO  o.q.i.StdSchedulerFactory - [instantiate,1220] - Using default implementation for ThreadExecutor
19:29:32.535 [main] INFO  o.q.c.SchedulerSignalerImpl - [<init>,61] - Initialized Scheduler Signaller of type: class org.quartz.core.SchedulerSignalerImpl
19:29:32.535 [main] INFO  o.q.c.QuartzScheduler - [<init>,229] - Quartz Scheduler v.2.3.2 created.
19:29:32.544 [main] INFO  o.q.c.QuartzScheduler - [initialize,294] - Scheduler meta-data: Quartz Scheduler (v2.3.2) 'RuoyiScheduler' with instanceId 'LAPTOP-802K4BVQ1778758172516'
  Scheduler class: 'org.quartz.core.QuartzScheduler' - running locally.
  NOT STARTED.
  Currently in standby mode.
  Number of jobs executed: 0
  Using thread pool 'org.quartz.simpl.SimpleThreadPool' - with 20 threads.
  Using job-store 'org.springframework.scheduling.quartz.LocalDataSourceJobStore' - which supports persistence. and is clustered.

19:29:32.544 [main] INFO  o.q.i.StdSchedulerFactory - [instantiate,1374] - Quartz scheduler 'RuoyiScheduler' initialized from an externally provided properties instance.
19:29:32.545 [main] INFO  o.q.i.StdSchedulerFactory - [instantiate,1378] - Quartz scheduler version: 2.3.2
19:29:32.547 [main] INFO  o.q.c.QuartzScheduler - [setJobFactory,2293] - JobFactory set to: org.springframework.scheduling.quartz.AdaptableJobFactory@315ba14a
19:29:35.078 [main] INFO  s.d.s.w.WebMvcPropertySourcedRequestMappingHandlerMapping - [initHandlerMethods,69] - Mapped URL path [/v2/api-docs] onto method [springfox.documentation.swagger2.web.Swagger2ControllerWebMvc#getDocumentation(String, HttpServletRequest)]
19:29:36.131 [main] INFO  s.d.s.w.p.DocumentationPluginsBootstrapper - [start,93] - Documentation plugins bootstrapped
19:29:36.136 [main] INFO  s.d.s.w.p.DocumentationPluginsBootstrapper - [bootstrapDocumentationPlugins,79] - Found 1 custom documentation plugin(s)
19:29:36.421 [main] INFO  s.d.s.w.s.ApiListingReferenceScanner - [scan,44] - Scanning for api listing references
19:29:36.767 [main] INFO  s.d.s.w.r.o.CachingOperationNameGenerator - [startingWith,41] - Generating unique operation named: getInfoUsingGET_1
19:29:36.804 [main] INFO  s.d.s.w.r.o.CachingOperationNameGenerator - [startingWith,41] - Generating unique operation named: addUsingPOST_1
19:29:36.808 [main] INFO  s.d.s.w.r.o.CachingOperationNameGenerator - [startingWith,41] - Generating unique operation named: editUsingPUT_1
19:29:36.835 [main] INFO  s.d.s.w.r.o.CachingOperationNameGenerator - [startingWith,41] - Generating unique operation named: exportUsingGET_1
19:29:36.857 [main] INFO  s.d.s.w.r.o.CachingOperationNameGenerator - [startingWith,41] - Generating unique operation named: getInfoUsingGET_2
19:29:36.863 [main] INFO  s.d.s.w.r.o.CachingOperationNameGenerator - [startingWith,41] - Generating unique operation named: removeUsingDELETE_1
19:29:36.889 [main] INFO  s.d.s.w.r.o.CachingOperationNameGenerator - [startingWith,41] - Generating unique operation named: listUsingGET_1
19:29:36.896 [main] INFO  s.d.s.w.r.o.CachingOperationNameGenerator - [startingWith,41] - Generating unique operation named: addUsingPOST_2
19:29:36.899 [main] INFO  s.d.s.w.r.o.CachingOperationNameGenerator - [startingWith,41] - Generating unique operation named: editUsingPUT_2
19:29:36.904 [main] INFO  s.d.s.w.r.o.CachingOperationNameGenerator - [startingWith,41] - Generating unique operation named: exportUsingGET_2
19:29:36.909 [main] INFO  s.d.s.w.r.o.CachingOperationNameGenerator - [startingWith,41] - Generating unique operation named: getInfoUsingGET_3
19:29:36.913 [main] INFO  s.d.s.w.r.o.CachingOperationNameGenerator - [startingWith,41] - Generating unique operation named: removeUsingDELETE_2
19:29:36.917 [main] INFO  s.d.s.w.r.o.CachingOperationNameGenerator - [startingWith,41] - Generating unique operation named: listUsingGET_2
19:29:36.936 [main] INFO  s.d.s.w.r.o.CachingOperationNameGenerator - [startingWith,41] - Generating unique operation named: addUsingPOST_3
19:29:36.941 [main] INFO  s.d.s.w.r.o.CachingOperationNameGenerator - [startingWith,41] - Generating unique operation named: editUsingPUT_3
19:29:36.947 [main] INFO  s.d.s.w.r.o.CachingOperationNameGenerator - [startingWith,41] - Generating unique operation named: exportUsingGET_3
19:29:36.962 [main] INFO  s.d.s.w.r.o.CachingOperationNameGenerator - [startingWith,41] - Generating unique operation named: frontGetInfoUsingGET_1
19:29:36.968 [main] INFO  s.d.s.w.r.o.CachingOperationNameGenerator - [startingWith,41] - Generating unique operation named: getInfoUsingGET_4
19:29:36.971 [main] INFO  s.d.s.w.r.o.CachingOperationNameGenerator - [startingWith,41] - Generating unique operation named: removeUsingDELETE_3
19:29:36.976 [main] INFO  s.d.s.w.r.o.CachingOperationNameGenerator - [startingWith,41] - Generating unique operation named: frontListUsingGET_1
19:29:36.980 [main] INFO  s.d.s.w.r.o.CachingOperationNameGenerator - [startingWith,41] - Generating unique operation named: listUsingGET_3
19:29:36.988 [main] INFO  s.d.s.w.r.o.CachingOperationNameGenerator - [startingWith,41] - Generating unique operation named: addUsingPOST_4
19:29:36.992 [main] INFO  s.d.s.w.r.o.CachingOperationNameGenerator - [startingWith,41] - Generating unique operation named: editUsingPUT_4
19:29:36.997 [main] INFO  s.d.s.w.r.o.CachingOperationNameGenerator - [startingWith,41] - Generating unique operation named: exportUsingGET_4
19:29:37.002 [main] INFO  s.d.s.w.r.o.CachingOperationNameGenerator - [startingWith,41] - Generating unique operation named: getInfoUsingGET_5
19:29:37.006 [main] INFO  s.d.s.w.r.o.CachingOperationNameGenerator - [startingWith,41] - Generating unique operation named: removeUsingDELETE_4
19:29:37.011 [main] INFO  s.d.s.w.r.o.CachingOperationNameGenerator - [startingWith,41] - Generating unique operation named: listUsingGET_4
19:29:37.016 [main] INFO  s.d.s.w.r.o.CachingOperationNameGenerator - [startingWith,41] - Generating unique operation named: addUsingPOST_5
19:29:37.019 [main] INFO  s.d.s.w.r.o.CachingOperationNameGenerator - [startingWith,41] - Generating unique operation named: editUsingPUT_5
19:29:37.026 [main] INFO  s.d.s.w.r.o.CachingOperationNameGenerator - [startingWith,41] - Generating unique operation named: exportUsingGET_5
19:29:37.034 [main] INFO  s.d.s.w.r.o.CachingOperationNameGenerator - [startingWith,41] - Generating unique operation named: frontGetInfoUsingGET_2
19:29:37.038 [main] INFO  s.d.s.w.r.o.CachingOperationNameGenerator - [startingWith,41] - Generating unique operation named: getInfoUsingGET_6
19:29:37.040 [main] INFO  s.d.s.w.r.o.CachingOperationNameGenerator - [startingWith,41] - Generating unique operation named: removeUsingDELETE_5
19:29:37.049 [main] INFO  s.d.s.w.r.o.CachingOperationNameGenerator - [startingWith,41] - Generating unique operation named: frontListUsingGET_2
19:29:37.058 [main] INFO  s.d.s.w.r.o.CachingOperationNameGenerator - [startingWith,41] - Generating unique operation named: listUsingGET_5
19:29:37.065 [main] INFO  s.d.s.w.r.o.CachingOperationNameGenerator - [startingWith,41] - Generating unique operation named: addUsingPOST_6
19:29:37.069 [main] INFO  s.d.s.w.r.o.CachingOperationNameGenerator - [startingWith,41] - Generating unique operation named: editUsingPUT_6
19:29:37.074 [main] INFO  s.d.s.w.r.o.CachingOperationNameGenerator - [startingWith,41] - Generating unique operation named: exportUsingGET_6
19:29:37.080 [main] INFO  s.d.s.w.r.o.CachingOperationNameGenerator - [startingWith,41] - Generating unique operation named: getInfoUsingGET_7
19:29:37.083 [main] INFO  s.d.s.w.r.o.CachingOperationNameGenerator - [startingWith,41] - Generating unique operation named: removeUsingDELETE_6
19:29:37.089 [main] INFO  s.d.s.w.r.o.CachingOperationNameGenerator - [startingWith,41] - Generating unique operation named: listUsingGET_6
19:29:37.094 [main] INFO  s.d.s.w.r.o.CachingOperationNameGenerator - [startingWith,41] - Generating unique operation named: addUsingPOST_7
19:29:37.097 [main] INFO  s.d.s.w.r.o.CachingOperationNameGenerator - [startingWith,41] - Generating unique operation named: editUsingPUT_7
19:29:37.101 [main] INFO  s.d.s.w.r.o.CachingOperationNameGenerator - [startingWith,41] - Generating unique operation named: exportUsingGET_7
19:29:37.104 [main] INFO  s.d.s.w.r.o.CachingOperationNameGenerator - [startingWith,41] - Generating unique operation named: frontAddUsingPOST_1
19:29:37.111 [main] INFO  s.d.s.w.r.o.CachingOperationNameGenerator - [startingWith,41] - Generating unique operation named: frontGetInfoUsingGET_3
19:29:37.115 [main] INFO  s.d.s.w.r.o.CachingOperationNameGenerator - [startingWith,41] - Generating unique operation named: getInfoUsingGET_8
19:29:37.120 [main] INFO  s.d.s.w.r.o.CachingOperationNameGenerator - [startingWith,41] - Generating unique operation named: removeUsingDELETE_7
19:29:37.125 [main] INFO  s.d.s.w.r.o.CachingOperationNameGenerator - [startingWith,41] - Generating unique operation named: frontListUsingGET_3
19:29:37.131 [main] INFO  s.d.s.w.r.o.CachingOperationNameGenerator - [startingWith,41] - Generating unique operation named: listUsingGET_7
19:29:37.140 [main] INFO  s.d.s.w.r.o.CachingOperationNameGenerator - [startingWith,41] - Generating unique operation named: addUsingPOST_8
19:29:37.144 [main] INFO  s.d.s.w.r.o.CachingOperationNameGenerator - [startingWith,41] - Generating unique operation named: editUsingPUT_8
19:29:37.150 [main] INFO  s.d.s.w.r.o.CachingOperationNameGenerator - [startingWith,41] - Generating unique operation named: exportUsingGET_8
19:29:37.159 [main] INFO  s.d.s.w.r.o.CachingOperationNameGenerator - [startingWith,41] - Generating unique operation named: frontGetInfoUsingGET_4
19:29:37.163 [main] INFO  s.d.s.w.r.o.CachingOperationNameGenerator - [startingWith,41] - Generating unique operation named: getInfoUsingGET_9
19:29:37.167 [main] INFO  s.d.s.w.r.o.CachingOperationNameGenerator - [startingWith,41] - Generating unique operation named: removeUsingDELETE_8
19:29:37.173 [main] INFO  s.d.s.w.r.o.CachingOperationNameGenerator - [startingWith,41] - Generating unique operation named: frontListUsingGET_4
19:29:37.178 [main] INFO  s.d.s.w.r.o.CachingOperationNameGenerator - [startingWith,41] - Generating unique operation named: listUsingGET_8
19:29:37.185 [main] INFO  s.d.s.w.r.o.CachingOperationNameGenerator - [startingWith,41] - Generating unique operation named: addUsingPOST_9
19:29:37.189 [main] INFO  s.d.s.w.r.o.CachingOperationNameGenerator - [startingWith,41] - Generating unique operation named: editUsingPUT_9
19:29:37.196 [main] INFO  s.d.s.w.r.o.CachingOperationNameGenerator - [startingWith,41] - Generating unique operation named: exportUsingGET_9
19:29:37.204 [main] INFO  s.d.s.w.r.o.CachingOperationNameGenerator - [startingWith,41] - Generating unique operation named: frontGetInfoUsingGET_5
19:29:37.209 [main] INFO  s.d.s.w.r.o.CachingOperationNameGenerator - [startingWith,41] - Generating unique operation named: getInfoUsingGET_10
19:29:37.224 [main] INFO  s.d.s.w.r.o.CachingOperationNameGenerator - [startingWith,41] - Generating unique operation named: removeUsingDELETE_9
19:29:37.234 [main] INFO  s.d.s.w.r.o.CachingOperationNameGenerator - [startingWith,41] - Generating unique operation named: frontListUsingGET_5
19:29:37.239 [main] INFO  s.d.s.w.r.o.CachingOperationNameGenerator - [startingWith,41] - Generating unique operation named: listUsingGET_9
19:29:37.244 [main] INFO  s.d.s.w.r.o.CachingOperationNameGenerator - [startingWith,41] - Generating unique operation named: addUsingPOST_10
19:29:37.248 [main] INFO  s.d.s.w.r.o.CachingOperationNameGenerator - [startingWith,41] - Generating unique operation named: editUsingPUT_10
19:29:37.253 [main] INFO  s.d.s.w.r.o.CachingOperationNameGenerator - [startingWith,41] - Generating unique operation named: exportUsingGET_10
19:29:37.262 [main] INFO  s.d.s.w.r.o.CachingOperationNameGenerator - [startingWith,41] - Generating unique operation named: getInfoUsingGET_11
19:29:37.271 [main] INFO  s.d.s.w.r.o.CachingOperationNameGenerator - [startingWith,41] - Generating unique operation named: removeUsingDELETE_10
19:29:37.276 [main] INFO  s.d.s.w.r.o.CachingOperationNameGenerator - [startingWith,41] - Generating unique operation named: listUsingGET_10
19:29:37.283 [main] INFO  s.d.s.w.r.o.CachingOperationNameGenerator - [startingWith,41] - Generating unique operation named: addUsingPOST_11
19:29:37.287 [main] INFO  s.d.s.w.r.o.CachingOperationNameGenerator - [startingWith,41] - Generating unique operation named: editUsingPUT_11
19:29:37.293 [main] INFO  s.d.s.w.r.o.CachingOperationNameGenerator - [startingWith,41] - Generating unique operation named: exportUsingGET_11
19:29:37.299 [main] INFO  s.d.s.w.r.o.CachingOperationNameGenerator - [startingWith,41] - Generating unique operation named: getInfoUsingGET_12
19:29:37.303 [main] INFO  s.d.s.w.r.o.CachingOperationNameGenerator - [startingWith,41] - Generating unique operation named: removeUsingDELETE_11
19:29:37.308 [main] INFO  s.d.s.w.r.o.CachingOperationNameGenerator - [startingWith,41] - Generating unique operation named: listUsingGET_11
19:29:37.314 [main] INFO  s.d.s.w.r.o.CachingOperationNameGenerator - [startingWith,41] - Generating unique operation named: addUsingPOST_12
19:29:37.320 [main] INFO  s.d.s.w.r.o.CachingOperationNameGenerator - [startingWith,41] - Generating unique operation named: editUsingPUT_12
19:29:37.327 [main] INFO  s.d.s.w.r.o.CachingOperationNameGenerator - [startingWith,41] - Generating unique operation named: exportUsingGET_12
19:29:37.333 [main] INFO  s.d.s.w.r.o.CachingOperationNameGenerator - [startingWith,41] - Generating unique operation named: frontGetInfoUsingGET_6
19:29:37.337 [main] INFO  s.d.s.w.r.o.CachingOperationNameGenerator - [startingWith,41] - Generating unique operation named: getInfoUsingGET_13
19:29:37.341 [main] INFO  s.d.s.w.r.o.CachingOperationNameGenerator - [startingWith,41] - Generating unique operation named: removeUsingDELETE_12
19:29:37.345 [main] INFO  s.d.s.w.r.o.CachingOperationNameGenerator - [startingWith,41] - Generating unique operation named: frontListUsingGET_6
19:29:37.350 [main] INFO  s.d.s.w.r.o.CachingOperationNameGenerator - [startingWith,41] - Generating unique operation named: listUsingGET_12
19:29:37.358 [main] INFO  s.d.s.w.r.o.CachingOperationNameGenerator - [startingWith,41] - Generating unique operation named: addUsingPOST_13
19:29:37.362 [main] INFO  s.d.s.w.r.o.CachingOperationNameGenerator - [startingWith,41] - Generating unique operation named: editUsingPUT_13
19:29:37.368 [main] INFO  s.d.s.w.r.o.CachingOperationNameGenerator - [startingWith,41] - Generating unique operation named: exportUsingGET_13
19:29:37.374 [main] INFO  s.d.s.w.r.o.CachingOperationNameGenerator - [startingWith,41] - Generating unique operation named: frontGetInfoUsingGET_7
19:29:37.377 [main] INFO  s.d.s.w.r.o.CachingOperationNameGenerator - [startingWith,41] - Generating unique operation named: getInfoUsingGET_14
19:29:37.379 [main] INFO  s.d.s.w.r.o.CachingOperationNameGenerator - [startingWith,41] - Generating unique operation named: removeUsingDELETE_13
19:29:37.384 [main] INFO  s.d.s.w.r.o.CachingOperationNameGenerator - [startingWith,41] - Generating unique operation named: frontListUsingGET_7
19:29:37.389 [main] INFO  s.d.s.w.r.o.CachingOperationNameGenerator - [startingWith,41] - Generating unique operation named: listUsingGET_13
19:29:37.393 [main] INFO  s.d.s.w.r.o.CachingOperationNameGenerator - [startingWith,41] - Generating unique operation named: addUsingPOST_14
19:29:37.395 [main] INFO  s.d.s.w.r.o.CachingOperationNameGenerator - [startingWith,41] - Generating unique operation named: editUsingPUT_14
19:29:37.397 [main] INFO  s.d.s.w.r.o.CachingOperationNameGenerator - [startingWith,41] - Generating unique operation named: exportUsingGET_14
19:29:37.402 [main] INFO  s.d.s.w.r.o.CachingOperationNameGenerator - [startingWith,41] - Generating unique operation named: getInfoUsingGET_15
19:29:37.422 [main] INFO  s.d.s.w.r.o.CachingOperationNameGenerator - [startingWith,41] - Generating unique operation named: removeUsingDELETE_14
19:29:37.426 [main] INFO  s.d.s.w.r.o.CachingOperationNameGenerator - [startingWith,41] - Generating unique operation named: listUsingGET_14
19:29:37.442 [main] INFO  s.d.s.w.r.o.CachingOperationNameGenerator - [startingWith,41] - Generating unique operation named: addUsingPOST_15
19:29:37.445 [main] INFO  s.d.s.w.r.o.CachingOperationNameGenerator - [startingWith,41] - Generating unique operation named: editUsingPUT_15
19:29:37.450 [main] INFO  s.d.s.w.r.o.CachingOperationNameGenerator - [startingWith,41] - Generating unique operation named: exportUsingGET_15
19:29:37.456 [main] INFO  s.d.s.w.r.o.CachingOperationNameGenerator - [startingWith,41] - Generating unique operation named: getInfoUsingGET_16
19:29:37.460 [main] INFO  s.d.s.w.r.o.CachingOperationNameGenerator - [startingWith,41] - Generating unique operation named: removeUsingDELETE_15
19:29:37.465 [main] INFO  s.d.s.w.r.o.CachingOperationNameGenerator - [startingWith,41] - Generating unique operation named: listUsingGET_15
19:29:37.473 [main] INFO  s.d.s.w.r.o.CachingOperationNameGenerator - [startingWith,41] - Generating unique operation named: addUsingPOST_16
19:29:37.477 [main] INFO  s.d.s.w.r.o.CachingOperationNameGenerator - [startingWith,41] - Generating unique operation named: editUsingPUT_16
19:29:37.483 [main] INFO  s.d.s.w.r.o.CachingOperationNameGenerator - [startingWith,41] - Generating unique operation named: exportUsingGET_16
19:29:37.489 [main] INFO  s.d.s.w.r.o.CachingOperationNameGenerator - [startingWith,41] - Generating unique operation named: getInfoUsingGET_17
19:29:37.493 [main] INFO  s.d.s.w.r.o.CachingOperationNameGenerator - [startingWith,41] - Generating unique operation named: removeUsingDELETE_16
19:29:37.497 [main] INFO  s.d.s.w.r.o.CachingOperationNameGenerator - [startingWith,41] - Generating unique operation named: listUsingGET_16
19:29:37.503 [main] INFO  s.d.s.w.r.o.CachingOperationNameGenerator - [startingWith,41] - Generating unique operation named: addUsingPOST_17
19:29:37.506 [main] INFO  s.d.s.w.r.o.CachingOperationNameGenerator - [startingWith,41] - Generating unique operation named: editUsingPUT_17
19:29:37.510 [main] INFO  s.d.s.w.r.o.CachingOperationNameGenerator - [startingWith,41] - Generating unique operation named: exportUsingGET_17
19:29:37.515 [main] INFO  s.d.s.w.r.o.CachingOperationNameGenerator - [startingWith,41] - Generating unique operation named: getInfoUsingGET_18
19:29:37.520 [main] INFO  s.d.s.w.r.o.CachingOperationNameGenerator - [startingWith,41] - Generating unique operation named: removeUsingDELETE_17
19:29:37.524 [main] INFO  s.d.s.w.r.o.CachingOperationNameGenerator - [startingWith,41] - Generating unique operation named: listUsingGET_17
19:29:37.530 [main] INFO  s.d.s.w.r.o.CachingOperationNameGenerator - [startingWith,41] - Generating unique operation named: addUsingPOST_18
19:29:37.534 [main] INFO  s.d.s.w.r.o.CachingOperationNameGenerator - [startingWith,41] - Generating unique operation named: editUsingPUT_18
19:29:37.539 [main] INFO  s.d.s.w.r.o.CachingOperationNameGenerator - [startingWith,41] - Generating unique operation named: exportUsingGET_18
19:29:37.545 [main] INFO  s.d.s.w.r.o.CachingOperationNameGenerator - [startingWith,41] - Generating unique operation named: getInfoUsingGET_19
19:29:37.548 [main] INFO  s.d.s.w.r.o.CachingOperationNameGenerator - [startingWith,41] - Generating unique operation named: removeUsingDELETE_18
19:29:37.554 [main] INFO  s.d.s.w.r.o.CachingOperationNameGenerator - [startingWith,41] - Generating unique operation named: listUsingGET_18
19:29:37.562 [main] INFO  s.d.s.w.r.o.CachingOperationNameGenerator - [startingWith,41] - Generating unique operation named: addUsingPOST_19
19:29:37.568 [main] INFO  s.d.s.w.r.o.CachingOperationNameGenerator - [startingWith,41] - Generating unique operation named: editUsingPUT_19
19:29:37.574 [main] INFO  s.d.s.w.r.o.CachingOperationNameGenerator - [startingWith,41] - Generating unique operation named: exportUsingGET_19
19:29:37.578 [main] INFO  s.d.s.w.r.o.CachingOperationNameGenerator - [startingWith,41] - Generating unique operation named: removeUsingDELETE_19
19:29:37.584 [main] INFO  s.d.s.w.r.o.CachingOperationNameGenerator - [startingWith,41] - Generating unique operation named: getInfoUsingGET_20
19:29:37.589 [main] INFO  s.d.s.w.r.o.CachingOperationNameGenerator - [startingWith,41] - Generating unique operation named: listUsingGET_19
19:29:37.595 [main] INFO  s.d.s.w.r.o.CachingOperationNameGenerator - [startingWith,41] - Generating unique operation named: addUsingPOST_20
19:29:37.600 [main] INFO  s.d.s.w.r.o.CachingOperationNameGenerator - [startingWith,41] - Generating unique operation named: editUsingPUT_20
19:29:37.605 [main] INFO  s.d.s.w.r.o.CachingOperationNameGenerator - [startingWith,41] - Generating unique operation named: exportUsingGET_20
19:29:37.610 [main] INFO  s.d.s.w.r.o.CachingOperationNameGenerator - [startingWith,41] - Generating unique operation named: getInfoUsingGET_21
19:29:37.612 [main] INFO  s.d.s.w.r.o.CachingOperationNameGenerator - [startingWith,41] - Generating unique operation named: removeUsingDELETE_20
19:29:37.615 [main] INFO  s.d.s.w.r.o.CachingOperationNameGenerator - [startingWith,41] - Generating unique operation named: listUsingGET_20
19:29:37.626 [main] INFO  s.d.s.w.r.o.CachingOperationNameGenerator - [startingWith,41] - Generating unique operation named: addUsingPOST_21
19:29:37.630 [main] INFO  s.d.s.w.r.o.CachingOperationNameGenerator - [startingWith,41] - Generating unique operation named: getInfoUsingGET_22
19:29:37.651 [main] INFO  s.d.s.w.r.o.CachingOperationNameGenerator - [startingWith,41] - Generating unique operation named: addUsingPOST_22
19:29:37.664 [main] INFO  s.d.s.w.r.o.CachingOperationNameGenerator - [startingWith,41] - Generating unique operation named: commentListUsingGET_1
19:29:37.669 [main] INFO  s.d.s.w.r.o.CachingOperationNameGenerator - [startingWith,41] - Generating unique operation named: editUsingPUT_21
19:29:37.675 [main] INFO  s.d.s.w.r.o.CachingOperationNameGenerator - [startingWith,41] - Generating unique operation named: getInfoUsingGET_23
19:29:37.680 [main] INFO  s.d.s.w.r.o.CachingOperationNameGenerator - [startingWith,41] - Generating unique operation named: likeUsingPOST_1
19:29:37.683 [main] INFO  s.d.s.w.r.o.CachingOperationNameGenerator - [startingWith,41] - Generating unique operation named: removeUsingDELETE_21
19:29:37.701 [main] INFO  s.d.s.w.r.o.CachingOperationNameGenerator - [startingWith,41] - Generating unique operation named: listUsingGET_21
19:29:37.726 [main] INFO  s.d.s.w.r.o.CachingOperationNameGenerator - [startingWith,41] - Generating unique operation named: frontListUsingGET_8
19:29:37.765 [main] INFO  s.d.s.w.r.o.CachingOperationNameGenerator - [startingWith,41] - Generating unique operation named: addUsingPOST_23
19:29:37.769 [main] INFO  s.d.s.w.r.o.CachingOperationNameGenerator - [startingWith,41] - Generating unique operation named: editUsingPUT_22
19:29:37.775 [main] INFO  s.d.s.w.r.o.CachingOperationNameGenerator - [startingWith,41] - Generating unique operation named: exportUsingGET_21
19:29:37.780 [main] INFO  s.d.s.w.r.o.CachingOperationNameGenerator - [startingWith,41] - Generating unique operation named: getInfoUsingGET_24
19:29:37.784 [main] INFO  s.d.s.w.r.o.CachingOperationNameGenerator - [startingWith,41] - Generating unique operation named: removeUsingDELETE_22
19:29:37.789 [main] INFO  s.d.s.w.r.o.CachingOperationNameGenerator - [startingWith,41] - Generating unique operation named: listUsingGET_22
19:29:37.795 [main] INFO  s.d.s.w.r.o.CachingOperationNameGenerator - [startingWith,41] - Generating unique operation named: addUsingPOST_24
19:29:37.798 [main] INFO  s.d.s.w.r.o.CachingOperationNameGenerator - [startingWith,41] - Generating unique operation named: editUsingPUT_23
19:29:37.802 [main] INFO  s.d.s.w.r.o.CachingOperationNameGenerator - [startingWith,41] - Generating unique operation named: exportUsingGET_22
19:29:37.806 [main] INFO  s.d.s.w.r.o.CachingOperationNameGenerator - [startingWith,41] - Generating unique operation named: getInfoUsingGET_25
19:29:37.810 [main] INFO  s.d.s.w.r.o.CachingOperationNameGenerator - [startingWith,41] - Generating unique operation named: removeUsingDELETE_23
19:29:37.814 [main] INFO  s.d.s.w.r.o.CachingOperationNameGenerator - [startingWith,41] - Generating unique operation named: listUsingGET_23
19:29:37.820 [main] INFO  s.d.s.w.r.o.CachingOperationNameGenerator - [startingWith,41] - Generating unique operation named: addUsingPOST_25
19:29:37.823 [main] INFO  s.d.s.w.r.o.CachingOperationNameGenerator - [startingWith,41] - Generating unique operation named: editUsingPUT_24
19:29:37.828 [main] INFO  s.d.s.w.r.o.CachingOperationNameGenerator - [startingWith,41] - Generating unique operation named: exportUsingGET_23
19:29:37.833 [main] INFO  s.d.s.w.r.o.CachingOperationNameGenerator - [startingWith,41] - Generating unique operation named: getInfoUsingGET_26
19:29:37.837 [main] INFO  s.d.s.w.r.o.CachingOperationNameGenerator - [startingWith,41] - Generating unique operation named: removeUsingDELETE_24
19:29:37.842 [main] INFO  s.d.s.w.r.o.CachingOperationNameGenerator - [startingWith,41] - Generating unique operation named: listUsingGET_24
19:29:37.848 [main] INFO  s.d.s.w.r.o.CachingOperationNameGenerator - [startingWith,41] - Generating unique operation named: addUsingPOST_26
19:29:37.853 [main] INFO  s.d.s.w.r.o.CachingOperationNameGenerator - [startingWith,41] - Generating unique operation named: editUsingPUT_25
19:29:37.858 [main] INFO  s.d.s.w.r.o.CachingOperationNameGenerator - [startingWith,41] - Generating unique operation named: exportUsingGET_24
19:29:37.864 [main] INFO  s.d.s.w.r.o.CachingOperationNameGenerator - [startingWith,41] - Generating unique operation named: getInfoUsingGET_27
19:29:37.867 [main] INFO  s.d.s.w.r.o.CachingOperationNameGenerator - [startingWith,41] - Generating unique operation named: removeUsingDELETE_25
19:29:37.871 [main] INFO  s.d.s.w.r.o.CachingOperationNameGenerator - [startingWith,41] - Generating unique operation named: listUsingGET_25
19:29:37.874 [main] INFO  s.d.s.w.r.o.CachingOperationNameGenerator - [startingWith,41] - Generating unique operation named: addUsingPOST_27
19:29:37.878 [main] INFO  s.d.s.w.r.o.CachingOperationNameGenerator - [startingWith,41] - Generating unique operation named: editUsingPUT_26
19:29:37.881 [main] INFO  s.d.s.w.r.o.CachingOperationNameGenerator - [startingWith,41] - Generating unique operation named: exportUsingGET_25
19:29:37.886 [main] INFO  s.d.s.w.r.o.CachingOperationNameGenerator - [startingWith,41] - Generating unique operation named: getInfoUsingGET_28
19:29:37.890 [main] INFO  s.d.s.w.r.o.CachingOperationNameGenerator - [startingWith,41] - Generating unique operation named: removeUsingDELETE_26
19:29:37.895 [main] INFO  s.d.s.w.r.o.CachingOperationNameGenerator - [startingWith,41] - Generating unique operation named: listUsingGET_26
19:29:37.903 [main] INFO  s.d.s.w.r.o.CachingOperationNameGenerator - [startingWith,41] - Generating unique operation named: addUsingPOST_28
19:29:37.908 [main] INFO  s.d.s.w.r.o.CachingOperationNameGenerator - [startingWith,41] - Generating unique operation named: editUsingPUT_27
19:29:37.914 [main] INFO  s.d.s.w.r.o.CachingOperationNameGenerator - [startingWith,41] - Generating unique operation named: exportUsingGET_26
19:29:37.919 [main] INFO  s.d.s.w.r.o.CachingOperationNameGenerator - [startingWith,41] - Generating unique operation named: getInfoUsingGET_29
19:29:37.923 [main] INFO  s.d.s.w.r.o.CachingOperationNameGenerator - [startingWith,41] - Generating unique operation named: removeUsingDELETE_27
19:29:37.926 [main] INFO  s.d.s.w.r.o.CachingOperationNameGenerator - [startingWith,41] - Generating unique operation named: listUsingGET_27
19:29:37.930 [main] INFO  s.d.s.w.r.o.CachingOperationNameGenerator - [startingWith,41] - Generating unique operation named: addUsingPOST_29
19:29:37.934 [main] INFO  s.d.s.w.r.o.CachingOperationNameGenerator - [startingWith,41] - Generating unique operation named: editUsingPUT_28
19:29:37.939 [main] INFO  s.d.s.w.r.o.CachingOperationNameGenerator - [startingWith,41] - Generating unique operation named: exportUsingGET_27
19:29:37.944 [main] INFO  s.d.s.w.r.o.CachingOperationNameGenerator - [startingWith,41] - Generating unique operation named: getInfoUsingGET_30
19:29:37.947 [main] INFO  s.d.s.w.r.o.CachingOperationNameGenerator - [startingWith,41] - Generating unique operation named: removeUsingDELETE_28
19:29:37.951 [main] INFO  s.d.s.w.r.o.CachingOperationNameGenerator - [startingWith,41] - Generating unique operation named: listUsingGET_28
19:29:37.957 [main] INFO  s.d.s.w.r.o.CachingOperationNameGenerator - [startingWith,41] - Generating unique operation named: addUsingPOST_30
19:29:37.961 [main] INFO  s.d.s.w.r.o.CachingOperationNameGenerator - [startingWith,41] - Generating unique operation named: editUsingPUT_29
19:29:37.965 [main] INFO  s.d.s.w.r.o.CachingOperationNameGenerator - [startingWith,41] - Generating unique operation named: exportUsingGET_28
19:29:37.969 [main] INFO  s.d.s.w.r.o.CachingOperationNameGenerator - [startingWith,41] - Generating unique operation named: getInfoUsingGET_31
19:29:37.972 [main] INFO  s.d.s.w.r.o.CachingOperationNameGenerator - [startingWith,41] - Generating unique operation named: removeUsingDELETE_29
19:29:37.975 [main] INFO  s.d.s.w.r.o.CachingOperationNameGenerator - [startingWith,41] - Generating unique operation named: listUsingGET_29
19:29:38.042 [main] INFO  s.d.s.w.r.o.CachingOperationNameGenerator - [startingWith,41] - Generating unique operation named: productListUsingGET_1
19:29:38.049 [main] INFO  s.d.s.w.r.o.CachingOperationNameGenerator - [startingWith,41] - Generating unique operation named: exportUsingGET_29
19:29:38.059 [main] INFO  s.d.s.w.r.o.CachingOperationNameGenerator - [startingWith,41] - Generating unique operation named: listUsingGET_30
19:29:38.066 [main] INFO  s.d.s.w.r.o.CachingOperationNameGenerator - [startingWith,41] - Generating unique operation named: addUsingPOST_31
19:29:38.072 [main] INFO  s.d.s.w.r.o.CachingOperationNameGenerator - [startingWith,41] - Generating unique operation named: editUsingPUT_30
19:29:38.082 [main] INFO  s.d.s.w.r.o.CachingOperationNameGenerator - [startingWith,41] - Generating unique operation named: exportUsingGET_30
19:29:38.089 [main] INFO  s.d.s.w.r.o.CachingOperationNameGenerator - [startingWith,41] - Generating unique operation named: getInfoUsingGET_32
19:29:38.093 [main] INFO  s.d.s.w.r.o.CachingOperationNameGenerator - [startingWith,41] - Generating unique operation named: removeUsingDELETE_30
19:29:38.100 [main] INFO  s.d.s.w.r.o.CachingOperationNameGenerator - [startingWith,41] - Generating unique operation named: listUsingGET_31
19:29:38.110 [main] INFO  s.d.s.w.r.o.CachingOperationNameGenerator - [startingWith,41] - Generating unique operation named: addUsingPOST_32
19:29:38.114 [main] INFO  s.d.s.w.r.o.CachingOperationNameGenerator - [startingWith,41] - Generating unique operation named: editUsingPUT_31
19:29:38.120 [main] INFO  s.d.s.w.r.o.CachingOperationNameGenerator - [startingWith,41] - Generating unique operation named: exportUsingGET_31
19:29:38.126 [main] INFO  s.d.s.w.r.o.CachingOperationNameGenerator - [startingWith,41] - Generating unique operation named: getInfoUsingGET_33
19:29:38.130 [main] INFO  s.d.s.w.r.o.CachingOperationNameGenerator - [startingWith,41] - Generating unique operation named: removeUsingDELETE_31
19:29:38.135 [main] INFO  s.d.s.w.r.o.CachingOperationNameGenerator - [startingWith,41] - Generating unique operation named: listUsingGET_32
19:29:38.140 [main] INFO  s.d.s.w.r.o.CachingOperationNameGenerator - [startingWith,41] - Generating unique operation named: addUsingPOST_33
19:29:38.143 [main] INFO  s.d.s.w.r.o.CachingOperationNameGenerator - [startingWith,41] - Generating unique operation named: editUsingPUT_32
19:29:38.150 [main] INFO  s.d.s.w.r.o.CachingOperationNameGenerator - [startingWith,41] - Generating unique operation named: exportUsingGET_32
19:29:38.157 [main] INFO  s.d.s.w.r.o.CachingOperationNameGenerator - [startingWith,41] - Generating unique operation named: getInfoUsingGET_34
19:29:38.160 [main] INFO  s.d.s.w.r.o.CachingOperationNameGenerator - [startingWith,41] - Generating unique operation named: removeUsingDELETE_32
19:29:38.164 [main] INFO  s.d.s.w.r.o.CachingOperationNameGenerator - [startingWith,41] - Generating unique operation named: listUsingGET_33
19:29:38.169 [main] INFO  s.d.s.w.r.o.CachingOperationNameGenerator - [startingWith,41] - Generating unique operation named: addUsingPOST_34
19:29:38.172 [main] INFO  s.d.s.w.r.o.CachingOperationNameGenerator - [startingWith,41] - Generating unique operation named: editUsingPUT_33
19:29:38.174 [main] INFO  s.d.s.w.r.o.CachingOperationNameGenerator - [startingWith,41] - Generating unique operation named: exportUsingGET_33
19:29:38.177 [main] INFO  s.d.s.w.r.o.CachingOperationNameGenerator - [startingWith,41] - Generating unique operation named: getInfoUsingGET_35
19:29:38.179 [main] INFO  s.d.s.w.r.o.CachingOperationNameGenerator - [startingWith,41] - Generating unique operation named: removeUsingDELETE_33
19:29:38.181 [main] INFO  s.d.s.w.r.o.CachingOperationNameGenerator - [startingWith,41] - Generating unique operation named: listUsingGET_34
19:29:38.188 [main] INFO  s.d.s.w.r.o.CachingOperationNameGenerator - [startingWith,41] - Generating unique operation named: addUsingPOST_35
19:29:38.192 [main] INFO  s.d.s.w.r.o.CachingOperationNameGenerator - [startingWith,41] - Generating unique operation named: editUsingPUT_34
19:29:38.196 [main] INFO  s.d.s.w.r.o.CachingOperationNameGenerator - [startingWith,41] - Generating unique operation named: exportUsingGET_34
19:29:38.201 [main] INFO  s.d.s.w.r.o.CachingOperationNameGenerator - [startingWith,41] - Generating unique operation named: getInfoUsingGET_36
19:29:38.204 [main] INFO  s.d.s.w.r.o.CachingOperationNameGenerator - [startingWith,41] - Generating unique operation named: removeUsingDELETE_34
19:29:38.208 [main] INFO  s.d.s.w.r.o.CachingOperationNameGenerator - [startingWith,41] - Generating unique operation named: listUsingGET_35
19:29:38.216 [main] INFO  s.d.s.w.r.o.CachingOperationNameGenerator - [startingWith,41] - Generating unique operation named: addUsingPOST_36
19:29:38.222 [main] INFO  s.d.s.w.r.o.CachingOperationNameGenerator - [startingWith,41] - Generating unique operation named: editUsingPUT_35
19:29:38.230 [main] INFO  s.d.s.w.r.o.CachingOperationNameGenerator - [startingWith,41] - Generating unique operation named: exportUsingGET_35
19:29:38.237 [main] INFO  s.d.s.w.r.o.CachingOperationNameGenerator - [startingWith,41] - Generating unique operation named: getInfoUsingGET_37
19:29:38.240 [main] INFO  s.d.s.w.r.o.CachingOperationNameGenerator - [startingWith,41] - Generating unique operation named: removeUsingDELETE_35
19:29:38.250 [main] INFO  s.d.s.w.r.o.CachingOperationNameGenerator - [startingWith,41] - Generating unique operation named: listUsingGET_36
19:29:38.258 [main] INFO  s.d.s.w.r.o.CachingOperationNameGenerator - [startingWith,41] - Generating unique operation named: addUsingPOST_37
19:29:38.263 [main] INFO  s.d.s.w.r.o.CachingOperationNameGenerator - [startingWith,41] - Generating unique operation named: editUsingPUT_36
19:29:38.268 [main] INFO  s.d.s.w.r.o.CachingOperationNameGenerator - [startingWith,41] - Generating unique operation named: exportUsingGET_36
19:29:38.274 [main] INFO  s.d.s.w.r.o.CachingOperationNameGenerator - [startingWith,41] - Generating unique operation named: getInfoUsingGET_38
19:29:38.278 [main] INFO  s.d.s.w.r.o.CachingOperationNameGenerator - [startingWith,41] - Generating unique operation named: removeUsingDELETE_36
19:29:38.282 [main] INFO  s.d.s.w.r.o.CachingOperationNameGenerator - [startingWith,41] - Generating unique operation named: listUsingGET_37
19:29:38.288 [main] INFO  s.d.s.w.r.o.CachingOperationNameGenerator - [startingWith,41] - Generating unique operation named: addUsingPOST_38
19:29:38.292 [main] INFO  s.d.s.w.r.o.CachingOperationNameGenerator - [startingWith,41] - Generating unique operation named: editUsingPUT_37
19:29:38.296 [main] INFO  s.d.s.w.r.o.CachingOperationNameGenerator - [startingWith,41] - Generating unique operation named: exportUsingGET_37
19:29:38.302 [main] INFO  s.d.s.w.r.o.CachingOperationNameGenerator - [startingWith,41] - Generating unique operation named: getInfoUsingGET_39
19:29:38.307 [main] INFO  s.d.s.w.r.o.CachingOperationNameGenerator - [startingWith,41] - Generating unique operation named: removeUsingDELETE_37
19:29:38.311 [main] INFO  s.d.s.w.r.o.CachingOperationNameGenerator - [startingWith,41] - Generating unique operation named: listUsingGET_38
19:29:38.318 [main] INFO  s.d.s.w.r.o.CachingOperationNameGenerator - [startingWith,41] - Generating unique operation named: addUsingPOST_39
19:29:38.323 [main] INFO  s.d.s.w.r.o.CachingOperationNameGenerator - [startingWith,41] - Generating unique operation named: editUsingPUT_38
19:29:38.328 [main] INFO  s.d.s.w.r.o.CachingOperationNameGenerator - [startingWith,41] - Generating unique operation named: exportUsingGET_38
19:29:38.336 [main] INFO  s.d.s.w.r.o.CachingOperationNameGenerator - [startingWith,41] - Generating unique operation named: getInfoUsingGET_40
19:29:38.341 [main] INFO  s.d.s.w.r.o.CachingOperationNameGenerator - [startingWith,41] - Generating unique operation named: removeUsingDELETE_38
19:29:38.347 [main] INFO  s.d.s.w.r.o.CachingOperationNameGenerator - [startingWith,41] - Generating unique operation named: listUsingGET_39
19:29:38.354 [main] INFO  s.d.s.w.r.o.CachingOperationNameGenerator - [startingWith,41] - Generating unique operation named: addUsingPOST_40
19:29:38.358 [main] INFO  s.d.s.w.r.o.CachingOperationNameGenerator - [startingWith,41] - Generating unique operation named: editUsingPUT_39
19:29:38.364 [main] INFO  s.d.s.w.r.o.CachingOperationNameGenerator - [startingWith,41] - Generating unique operation named: exportUsingGET_39
19:29:38.371 [main] INFO  s.d.s.w.r.o.CachingOperationNameGenerator - [startingWith,41] - Generating unique operation named: getInfoUsingGET_41
19:29:38.376 [main] INFO  s.d.s.w.r.o.CachingOperationNameGenerator - [startingWith,41] - Generating unique operation named: removeUsingDELETE_39
19:29:38.381 [main] INFO  s.d.s.w.r.o.CachingOperationNameGenerator - [startingWith,41] - Generating unique operation named: listUsingGET_40
19:29:38.386 [main] INFO  s.d.s.w.r.o.CachingOperationNameGenerator - [startingWith,41] - Generating unique operation named: addUsingPOST_41
19:29:38.391 [main] INFO  s.d.s.w.r.o.CachingOperationNameGenerator - [startingWith,41] - Generating unique operation named: editUsingPUT_40
19:29:38.399 [main] INFO  s.d.s.w.r.o.CachingOperationNameGenerator - [startingWith,41] - Generating unique operation named: exportUsingGET_40
19:29:38.406 [main] INFO  s.d.s.w.r.o.CachingOperationNameGenerator - [startingWith,41] - Generating unique operation named: getInfoUsingGET_42
19:29:38.409 [main] INFO  s.d.s.w.r.o.CachingOperationNameGenerator - [startingWith,41] - Generating unique operation named: removeUsingDELETE_40
19:29:38.414 [main] INFO  s.d.s.w.r.o.CachingOperationNameGenerator - [startingWith,41] - Generating unique operation named: listUsingGET_41
19:29:38.419 [main] INFO  s.d.s.w.r.o.CachingOperationNameGenerator - [startingWith,41] - Generating unique operation named: addUsingPOST_42
19:29:38.423 [main] INFO  s.d.s.w.r.o.CachingOperationNameGenerator - [startingWith,41] - Generating unique operation named: editUsingPUT_41
19:29:38.427 [main] INFO  s.d.s.w.r.o.CachingOperationNameGenerator - [startingWith,41] - Generating unique operation named: exportUsingGET_41
19:29:38.433 [main] INFO  s.d.s.w.r.o.CachingOperationNameGenerator - [startingWith,41] - Generating unique operation named: getInfoUsingGET_43
19:29:38.437 [main] INFO  s.d.s.w.r.o.CachingOperationNameGenerator - [startingWith,41] - Generating unique operation named: removeUsingDELETE_41
19:29:38.441 [main] INFO  s.d.s.w.r.o.CachingOperationNameGenerator - [startingWith,41] - Generating unique operation named: listUsingGET_42
19:29:38.449 [main] INFO  s.d.s.w.r.o.CachingOperationNameGenerator - [startingWith,41] - Generating unique operation named: addUsingPOST_43
19:29:38.453 [main] INFO  s.d.s.w.r.o.CachingOperationNameGenerator - [startingWith,41] - Generating unique operation named: editUsingPUT_42
19:29:38.457 [main] INFO  s.d.s.w.r.o.CachingOperationNameGenerator - [startingWith,41] - Generating unique operation named: exportUsingGET_42
19:29:38.461 [main] INFO  s.d.s.w.r.o.CachingOperationNameGenerator - [startingWith,41] - Generating unique operation named: getInfoUsingGET_44
19:29:38.464 [main] INFO  s.d.s.w.r.o.CachingOperationNameGenerator - [startingWith,41] - Generating unique operation named: removeUsingDELETE_42
19:29:38.469 [main] INFO  s.d.s.w.r.o.CachingOperationNameGenerator - [startingWith,41] - Generating unique operation named: listUsingGET_43
19:29:38.474 [main] INFO  s.d.s.w.r.o.CachingOperationNameGenerator - [startingWith,41] - Generating unique operation named: addUsingPOST_44
19:29:38.477 [main] INFO  s.d.s.w.r.o.CachingOperationNameGenerator - [startingWith,41] - Generating unique operation named: editUsingPUT_43
19:29:38.481 [main] INFO  s.d.s.w.r.o.CachingOperationNameGenerator - [startingWith,41] - Generating unique operation named: exportUsingGET_43
19:29:38.488 [main] INFO  s.d.s.w.r.o.CachingOperationNameGenerator - [startingWith,41] - Generating unique operation named: getInfoUsingGET_45
19:29:38.492 [main] INFO  s.d.s.w.r.o.CachingOperationNameGenerator - [startingWith,41] - Generating unique operation named: removeUsingDELETE_43
19:29:38.501 [main] INFO  s.d.s.w.r.o.CachingOperationNameGenerator - [startingWith,41] - Generating unique operation named: listUsingGET_44
19:29:38.508 [main] INFO  s.d.s.w.r.o.CachingOperationNameGenerator - [startingWith,41] - Generating unique operation named: addUsingPOST_45
19:29:38.515 [main] INFO  s.d.s.w.r.o.CachingOperationNameGenerator - [startingWith,41] - Generating unique operation named: editUsingPUT_44
19:29:38.523 [main] INFO  s.d.s.w.r.o.CachingOperationNameGenerator - [startingWith,41] - Generating unique operation named: exportUsingGET_44
19:29:38.529 [main] INFO  s.d.s.w.r.o.CachingOperationNameGenerator - [startingWith,41] - Generating unique operation named: getInfoUsingGET_46
19:29:38.532 [main] INFO  s.d.s.w.r.o.CachingOperationNameGenerator - [startingWith,41] - Generating unique operation named: removeUsingDELETE_44
19:29:38.536 [main] INFO  s.d.s.w.r.o.CachingOperationNameGenerator - [startingWith,41] - Generating unique operation named: listUsingGET_45
19:29:38.541 [main] INFO  s.d.s.w.r.o.CachingOperationNameGenerator - [startingWith,41] - Generating unique operation named: addUsingPOST_46
19:29:38.543 [main] INFO  s.d.s.w.r.o.CachingOperationNameGenerator - [startingWith,41] - Generating unique operation named: editUsingPUT_45
19:29:38.546 [main] INFO  s.d.s.w.r.o.CachingOperationNameGenerator - [startingWith,41] - Generating unique operation named: exportUsingGET_45
19:29:38.550 [main] INFO  s.d.s.w.r.o.CachingOperationNameGenerator - [startingWith,41] - Generating unique operation named: getInfoUsingGET_47
19:29:38.552 [main] INFO  s.d.s.w.r.o.CachingOperationNameGenerator - [startingWith,41] - Generating unique operation named: removeUsingDELETE_45
19:29:38.556 [main] INFO  s.d.s.w.r.o.CachingOperationNameGenerator - [startingWith,41] - Generating unique operation named: listUsingGET_46
19:29:38.560 [main] INFO  s.d.s.w.r.o.CachingOperationNameGenerator - [startingWith,41] - Generating unique operation named: addUsingPOST_47
19:29:38.563 [main] INFO  s.d.s.w.r.o.CachingOperationNameGenerator - [startingWith,41] - Generating unique operation named: editUsingPUT_46
19:29:38.570 [main] INFO  s.d.s.w.r.o.CachingOperationNameGenerator - [startingWith,41] - Generating unique operation named: exportUsingGET_46
19:29:38.576 [main] INFO  s.d.s.w.r.o.CachingOperationNameGenerator - [startingWith,41] - Generating unique operation named: getInfoUsingGET_48
19:29:38.579 [main] INFO  s.d.s.w.r.o.CachingOperationNameGenerator - [startingWith,41] - Generating unique operation named: removeUsingDELETE_46
19:29:38.583 [main] INFO  s.d.s.w.r.o.CachingOperationNameGenerator - [startingWith,41] - Generating unique operation named: listUsingGET_47
19:29:38.586 [main] INFO  s.d.s.w.r.o.CachingOperationNameGenerator - [startingWith,41] - Generating unique operation named: addUsingPOST_48
19:29:38.594 [main] INFO  s.d.s.w.r.o.CachingOperationNameGenerator - [startingWith,41] - Generating unique operation named: editUsingPUT_47
19:29:38.598 [main] INFO  s.d.s.w.r.o.CachingOperationNameGenerator - [startingWith,41] - Generating unique operation named: exportUsingGET_47
19:29:38.603 [main] INFO  s.d.s.w.r.o.CachingOperationNameGenerator - [startingWith,41] - Generating unique operation named: getInfoUsingGET_49
19:29:38.607 [main] INFO  s.d.s.w.r.o.CachingOperationNameGenerator - [startingWith,41] - Generating unique operation named: removeUsingDELETE_47
19:29:38.612 [main] INFO  s.d.s.w.r.o.CachingOperationNameGenerator - [startingWith,41] - Generating unique operation named: listUsingGET_48
19:29:38.619 [main] INFO  s.d.s.w.r.o.CachingOperationNameGenerator - [startingWith,41] - Generating unique operation named: addUsingPOST_49
19:29:38.623 [main] INFO  s.d.s.w.r.o.CachingOperationNameGenerator - [startingWith,41] - Generating unique operation named: auditUsingPUT_1
19:29:38.626 [main] INFO  s.d.s.w.r.o.CachingOperationNameGenerator - [startingWith,41] - Generating unique operation named: editUsingPUT_48
19:29:38.633 [main] INFO  s.d.s.w.r.o.CachingOperationNameGenerator - [startingWith,41] - Generating unique operation named: exportUsingGET_48
19:29:38.639 [main] INFO  s.d.s.w.r.o.CachingOperationNameGenerator - [startingWith,41] - Generating unique operation named: getInfoUsingGET_50
19:29:38.642 [main] INFO  s.d.s.w.r.o.CachingOperationNameGenerator - [startingWith,41] - Generating unique operation named: removeUsingDELETE_48
19:29:38.646 [main] INFO  s.d.s.w.r.o.CachingOperationNameGenerator - [startingWith,41] - Generating unique operation named: submitUsingPUT_1
19:29:38.651 [main] INFO  s.d.s.w.r.o.CachingOperationNameGenerator - [startingWith,41] - Generating unique operation named: listUsingGET_49
19:29:38.654 [main] INFO  s.d.s.w.r.o.CachingOperationNameGenerator - [startingWith,41] - Generating unique operation named: list4AuditUsingGET_1
19:29:38.658 [main] INFO  s.d.s.w.r.o.CachingOperationNameGenerator - [startingWith,41] - Generating unique operation named: addUsingPOST_50
19:29:38.662 [main] INFO  s.d.s.w.r.o.CachingOperationNameGenerator - [startingWith,41] - Generating unique operation named: editUsingPUT_49
19:29:38.666 [main] INFO  s.d.s.w.r.o.CachingOperationNameGenerator - [startingWith,41] - Generating unique operation named: exportUsingGET_49
19:29:38.671 [main] INFO  s.d.s.w.r.o.CachingOperationNameGenerator - [startingWith,41] - Generating unique operation named: getInfoUsingGET_51
19:29:38.674 [main] INFO  s.d.s.w.r.o.CachingOperationNameGenerator - [startingWith,41] - Generating unique operation named: removeUsingDELETE_49
19:29:38.678 [main] INFO  s.d.s.w.r.o.CachingOperationNameGenerator - [startingWith,41] - Generating unique operation named: listUsingGET_50
19:29:38.687 [main] INFO  s.d.s.w.r.o.CachingOperationNameGenerator - [startingWith,41] - Generating unique operation named: addUsingPOST_51
19:29:38.692 [main] INFO  s.d.s.w.r.o.CachingOperationNameGenerator - [startingWith,41] - Generating unique operation named: editUsingPUT_50
19:29:38.699 [main] INFO  s.d.s.w.r.o.CachingOperationNameGenerator - [startingWith,41] - Generating unique operation named: exportUsingGET_50
19:29:38.705 [main] INFO  s.d.s.w.r.o.CachingOperationNameGenerator - [startingWith,41] - Generating unique operation named: getInfoUsingGET_52
19:29:38.715 [main] INFO  s.d.s.w.r.o.CachingOperationNameGenerator - [startingWith,41] - Generating unique operation named: removeUsingDELETE_50
19:29:38.720 [main] INFO  s.d.s.w.r.o.CachingOperationNameGenerator - [startingWith,41] - Generating unique operation named: listUsingGET_51
19:29:38.727 [main] INFO  s.d.s.w.r.o.CachingOperationNameGenerator - [startingWith,41] - Generating unique operation named: addUsingPOST_52
19:29:38.730 [main] INFO  s.d.s.w.r.o.CachingOperationNameGenerator - [startingWith,41] - Generating unique operation named: editUsingPUT_51
19:29:38.733 [main] INFO  s.d.s.w.r.o.CachingOperationNameGenerator - [startingWith,41] - Generating unique operation named: exportUsingGET_51
19:29:38.738 [main] INFO  s.d.s.w.r.o.CachingOperationNameGenerator - [startingWith,41] - Generating unique operation named: getInfoUsingGET_53
19:29:38.741 [main] INFO  s.d.s.w.r.o.CachingOperationNameGenerator - [startingWith,41] - Generating unique operation named: removeUsingDELETE_51
19:29:38.745 [main] INFO  s.d.s.w.r.o.CachingOperationNameGenerator - [startingWith,41] - Generating unique operation named: listUsingGET_52
19:29:38.750 [main] INFO  s.d.s.w.r.o.CachingOperationNameGenerator - [startingWith,41] - Generating unique operation named: addUsingPOST_53
19:29:38.754 [main] INFO  s.d.s.w.r.o.CachingOperationNameGenerator - [startingWith,41] - Generating unique operation named: editUsingPUT_52
19:29:38.759 [main] INFO  s.d.s.w.r.o.CachingOperationNameGenerator - [startingWith,41] - Generating unique operation named: exportUsingGET_52
19:29:38.764 [main] INFO  s.d.s.w.r.o.CachingOperationNameGenerator - [startingWith,41] - Generating unique operation named: getInfoUsingGET_54
19:29:38.767 [main] INFO  s.d.s.w.r.o.CachingOperationNameGenerator - [startingWith,41] - Generating unique operation named: removeUsingDELETE_52
19:29:38.770 [main] INFO  s.d.s.w.r.o.CachingOperationNameGenerator - [startingWith,41] - Generating unique operation named: listUsingGET_53
19:29:38.786 [main] INFO  s.d.s.w.r.o.CachingOperationNameGenerator - [startingWith,41] - Generating unique operation named: addUsingPOST_54
19:29:38.790 [main] INFO  s.d.s.w.r.o.CachingOperationNameGenerator - [startingWith,41] - Generating unique operation named: editUsingPUT_53
19:29:38.795 [main] INFO  s.d.s.w.r.o.CachingOperationNameGenerator - [startingWith,41] - Generating unique operation named: exportUsingGET_53
19:29:38.802 [main] INFO  s.d.s.w.r.o.CachingOperationNameGenerator - [startingWith,41] - Generating unique operation named: getInfoUsingGET_55
19:29:38.805 [main] INFO  s.d.s.w.r.o.CachingOperationNameGenerator - [startingWith,41] - Generating unique operation named: removeUsingDELETE_53
19:29:38.810 [main] INFO  s.d.s.w.r.o.CachingOperationNameGenerator - [startingWith,41] - Generating unique operation named: listUsingGET_54
19:29:38.818 [main] INFO  s.d.s.w.r.o.CachingOperationNameGenerator - [startingWith,41] - Generating unique operation named: addUsingPOST_55
19:29:38.822 [main] INFO  s.d.s.w.r.o.CachingOperationNameGenerator - [startingWith,41] - Generating unique operation named: auditUsingPUT_2
19:29:38.826 [main] INFO  s.d.s.w.r.o.CachingOperationNameGenerator - [startingWith,41] - Generating unique operation named: editUsingPUT_54
19:29:38.832 [main] INFO  s.d.s.w.r.o.CachingOperationNameGenerator - [startingWith,41] - Generating unique operation named: exportUsingGET_54
19:29:38.843 [main] INFO  s.d.s.w.r.o.CachingOperationNameGenerator - [startingWith,41] - Generating unique operation named: getInfoUsingGET_56
19:29:38.846 [main] INFO  s.d.s.w.r.o.CachingOperationNameGenerator - [startingWith,41] - Generating unique operation named: removeUsingDELETE_54
19:29:38.850 [main] INFO  s.d.s.w.r.o.CachingOperationNameGenerator - [startingWith,41] - Generating unique operation named: submitUsingPUT_2
19:29:38.856 [main] INFO  s.d.s.w.r.o.CachingOperationNameGenerator - [startingWith,41] - Generating unique operation named: listUsingGET_55
19:29:38.862 [main] INFO  s.d.s.w.r.o.CachingOperationNameGenerator - [startingWith,41] - Generating unique operation named: list4AuditUsingGET_2
19:29:38.869 [main] INFO  s.d.s.w.r.o.CachingOperationNameGenerator - [startingWith,41] - Generating unique operation named: addUsingPOST_56
19:29:38.872 [main] INFO  s.d.s.w.r.o.CachingOperationNameGenerator - [startingWith,41] - Generating unique operation named: editUsingPUT_55
19:29:38.877 [main] INFO  s.d.s.w.r.o.CachingOperationNameGenerator - [startingWith,41] - Generating unique operation named: exportUsingGET_55
19:29:38.881 [main] INFO  s.d.s.w.r.o.CachingOperationNameGenerator - [startingWith,41] - Generating unique operation named: getInfoUsingGET_57
19:29:38.885 [main] INFO  s.d.s.w.r.o.CachingOperationNameGenerator - [startingWith,41] - Generating unique operation named: removeUsingDELETE_55
19:29:38.889 [main] INFO  s.d.s.w.r.o.CachingOperationNameGenerator - [startingWith,41] - Generating unique operation named: listUsingGET_56
19:29:38.895 [main] INFO  s.d.s.w.r.o.CachingOperationNameGenerator - [startingWith,41] - Generating unique operation named: addUsingPOST_57
19:29:38.898 [main] INFO  s.d.s.w.r.o.CachingOperationNameGenerator - [startingWith,41] - Generating unique operation named: editUsingPUT_56
19:29:38.907 [main] INFO  s.d.s.w.r.o.CachingOperationNameGenerator - [startingWith,41] - Generating unique operation named: exportUsingGET_56
19:29:38.913 [main] INFO  s.d.s.w.r.o.CachingOperationNameGenerator - [startingWith,41] - Generating unique operation named: getInfoUsingGET_58
19:29:38.917 [main] INFO  s.d.s.w.r.o.CachingOperationNameGenerator - [startingWith,41] - Generating unique operation named: removeUsingDELETE_56
19:29:38.921 [main] INFO  s.d.s.w.r.o.CachingOperationNameGenerator - [startingWith,41] - Generating unique operation named: listUsingGET_57
19:29:38.925 [main] INFO  s.d.s.w.r.o.CachingOperationNameGenerator - [startingWith,41] - Generating unique operation named: addUsingPOST_58
19:29:38.928 [main] INFO  s.d.s.w.r.o.CachingOperationNameGenerator - [startingWith,41] - Generating unique operation named: editUsingPUT_57
19:29:38.933 [main] INFO  s.d.s.w.r.o.CachingOperationNameGenerator - [startingWith,41] - Generating unique operation named: exportUsingGET_57
19:29:38.963 [main] INFO  s.d.s.w.r.o.CachingOperationNameGenerator - [startingWith,41] - Generating unique operation named: getInfoUsingGET_59
19:29:38.967 [main] INFO  s.d.s.w.r.o.CachingOperationNameGenerator - [startingWith,41] - Generating unique operation named: removeUsingDELETE_57
19:29:38.970 [main] INFO  s.d.s.w.r.o.CachingOperationNameGenerator - [startingWith,41] - Generating unique operation named: listUsingGET_58
19:29:38.977 [main] INFO  s.d.s.w.r.o.CachingOperationNameGenerator - [startingWith,41] - Generating unique operation named: addUsingPOST_59
19:29:38.981 [main] INFO  s.d.s.w.r.o.CachingOperationNameGenerator - [startingWith,41] - Generating unique operation named: auditUsingPUT_3
19:29:38.985 [main] INFO  s.d.s.w.r.o.CachingOperationNameGenerator - [startingWith,41] - Generating unique operation named: editUsingPUT_58
19:29:38.993 [main] INFO  s.d.s.w.r.o.CachingOperationNameGenerator - [startingWith,41] - Generating unique operation named: exportUsingGET_58
19:29:39.000 [main] INFO  s.d.s.w.r.o.CachingOperationNameGenerator - [startingWith,41] - Generating unique operation named: getInfoUsingGET_60
19:29:39.005 [main] INFO  s.d.s.w.r.o.CachingOperationNameGenerator - [startingWith,41] - Generating unique operation named: removeUsingDELETE_58
19:29:39.008 [main] INFO  s.d.s.w.r.o.CachingOperationNameGenerator - [startingWith,41] - Generating unique operation named: submitUsingPUT_3
19:29:39.014 [main] INFO  s.d.s.w.r.o.CachingOperationNameGenerator - [startingWith,41] - Generating unique operation named: listUsingGET_59
19:29:39.020 [main] INFO  s.d.s.w.r.o.CachingOperationNameGenerator - [startingWith,41] - Generating unique operation named: list4AuditUsingGET_3
19:29:39.026 [main] INFO  s.d.s.w.r.o.CachingOperationNameGenerator - [startingWith,41] - Generating unique operation named: addUsingPOST_60
19:29:39.029 [main] INFO  s.d.s.w.r.o.CachingOperationNameGenerator - [startingWith,41] - Generating unique operation named: editUsingPUT_59
19:29:39.033 [main] INFO  s.d.s.w.r.o.CachingOperationNameGenerator - [startingWith,41] - Generating unique operation named: exportUsingGET_59
19:29:39.039 [main] INFO  s.d.s.w.r.o.CachingOperationNameGenerator - [startingWith,41] - Generating unique operation named: getInfoUsingGET_61
19:29:39.042 [main] INFO  s.d.s.w.r.o.CachingOperationNameGenerator - [startingWith,41] - Generating unique operation named: removeUsingDELETE_59
19:29:39.047 [main] INFO  s.d.s.w.r.o.CachingOperationNameGenerator - [startingWith,41] - Generating unique operation named: listUsingGET_60
19:29:39.054 [main] INFO  s.d.s.w.r.o.CachingOperationNameGenerator - [startingWith,41] - Generating unique operation named: addUsingPOST_61
19:29:39.058 [main] INFO  s.d.s.w.r.o.CachingOperationNameGenerator - [startingWith,41] - Generating unique operation named: auditUsingPUT_4
19:29:39.063 [main] INFO  s.d.s.w.r.o.CachingOperationNameGenerator - [startingWith,41] - Generating unique operation named: editUsingPUT_60
19:29:39.070 [main] INFO  s.d.s.w.r.o.CachingOperationNameGenerator - [startingWith,41] - Generating unique operation named: exportUsingGET_60
19:29:39.076 [main] INFO  s.d.s.w.r.o.CachingOperationNameGenerator - [startingWith,41] - Generating unique operation named: getInfoUsingGET_62
19:29:39.079 [main] INFO  s.d.s.w.r.o.CachingOperationNameGenerator - [startingWith,41] - Generating unique operation named: removeUsingDELETE_60
19:29:39.083 [main] INFO  s.d.s.w.r.o.CachingOperationNameGenerator - [startingWith,41] - Generating unique operation named: submitUsingPUT_4
19:29:39.087 [main] INFO  s.d.s.w.r.o.CachingOperationNameGenerator - [startingWith,41] - Generating unique operation named: listUsingGET_61
19:29:39.092 [main] INFO  s.d.s.w.r.o.CachingOperationNameGenerator - [startingWith,41] - Generating unique operation named: list4AuditUsingGET_4
19:29:39.097 [main] INFO  s.d.s.w.r.o.CachingOperationNameGenerator - [startingWith,41] - Generating unique operation named: addUsingPOST_62
19:29:39.101 [main] INFO  s.d.s.w.r.o.CachingOperationNameGenerator - [startingWith,41] - Generating unique operation named: editUsingPUT_61
19:29:39.105 [main] INFO  s.d.s.w.r.o.CachingOperationNameGenerator - [startingWith,41] - Generating unique operation named: exportUsingGET_61
19:29:39.110 [main] INFO  s.d.s.w.r.o.CachingOperationNameGenerator - [startingWith,41] - Generating unique operation named: getInfoUsingGET_63
19:29:39.114 [main] INFO  s.d.s.w.r.o.CachingOperationNameGenerator - [startingWith,41] - Generating unique operation named: removeUsingDELETE_61
19:29:39.118 [main] INFO  s.d.s.w.r.o.CachingOperationNameGenerator - [startingWith,41] - Generating unique operation named: listUsingGET_62
19:29:39.126 [main] INFO  s.d.s.w.r.o.CachingOperationNameGenerator - [startingWith,41] - Generating unique operation named: exportUsingGET_62
19:29:39.130 [main] INFO  s.d.s.w.r.o.CachingOperationNameGenerator - [startingWith,41] - Generating unique operation named: exportUsingGET_63
19:29:39.136 [main] INFO  s.d.s.w.r.o.CachingOperationNameGenerator - [startingWith,41] - Generating unique operation named: listUsingGET_63
19:29:39.143 [main] INFO  s.d.s.w.r.o.CachingOperationNameGenerator - [startingWith,41] - Generating unique operation named: listUsingGET_64
19:29:39.160 [main] INFO  s.d.s.w.r.o.CachingOperationNameGenerator - [startingWith,41] - Generating unique operation named: addUsingPOST_63
19:29:39.163 [main] INFO  s.d.s.w.r.o.CachingOperationNameGenerator - [startingWith,41] - Generating unique operation named: editUsingPUT_62
19:29:39.171 [main] INFO  s.d.s.w.r.o.CachingOperationNameGenerator - [startingWith,41] - Generating unique operation named: exportUsingGET_64
19:29:39.175 [main] INFO  s.d.s.w.r.o.CachingOperationNameGenerator - [startingWith,41] - Generating unique operation named: getInfoUsingGET_64
19:29:39.178 [main] INFO  s.d.s.w.r.o.CachingOperationNameGenerator - [startingWith,41] - Generating unique operation named: removeUsingDELETE_62
19:29:39.183 [main] INFO  s.d.s.w.r.o.CachingOperationNameGenerator - [startingWith,41] - Generating unique operation named: listUsingGET_65
19:29:39.189 [main] INFO  s.d.s.w.r.o.CachingOperationNameGenerator - [startingWith,41] - Generating unique operation named: addUsingPOST_64
19:29:39.192 [main] INFO  s.d.s.w.r.o.CachingOperationNameGenerator - [startingWith,41] - Generating unique operation named: editUsingPUT_63
19:29:39.195 [main] INFO  s.d.s.w.r.o.CachingOperationNameGenerator - [startingWith,41] - Generating unique operation named: exportUsingGET_65
19:29:39.199 [main] INFO  s.d.s.w.r.o.CachingOperationNameGenerator - [startingWith,41] - Generating unique operation named: getInfoUsingGET_65
19:29:39.202 [main] INFO  s.d.s.w.r.o.CachingOperationNameGenerator - [startingWith,41] - Generating unique operation named: removeUsingDELETE_63
19:29:39.206 [main] INFO  s.d.s.w.r.o.CachingOperationNameGenerator - [startingWith,41] - Generating unique operation named: listUsingGET_66
19:29:39.213 [main] INFO  s.d.s.w.r.o.CachingOperationNameGenerator - [startingWith,41] - Generating unique operation named: addUsingPOST_65
19:29:39.218 [main] INFO  s.d.s.w.r.o.CachingOperationNameGenerator - [startingWith,41] - Generating unique operation named: auditUsingPUT_5
19:29:39.221 [main] INFO  s.d.s.w.r.o.CachingOperationNameGenerator - [startingWith,41] - Generating unique operation named: editUsingPUT_64
19:29:39.227 [main] INFO  s.d.s.w.r.o.CachingOperationNameGenerator - [startingWith,41] - Generating unique operation named: exportUsingGET_66
19:29:39.233 [main] INFO  s.d.s.w.r.o.CachingOperationNameGenerator - [startingWith,41] - Generating unique operation named: getInfoUsingGET_66
19:29:39.236 [main] INFO  s.d.s.w.r.o.CachingOperationNameGenerator - [startingWith,41] - Generating unique operation named: removeUsingDELETE_64
19:29:39.241 [main] INFO  s.d.s.w.r.o.CachingOperationNameGenerator - [startingWith,41] - Generating unique operation named: submitUsingPUT_5
19:29:39.244 [main] INFO  s.d.s.w.r.o.CachingOperationNameGenerator - [startingWith,41] - Generating unique operation named: listUsingGET_67
19:29:39.248 [main] INFO  s.d.s.w.r.o.CachingOperationNameGenerator - [startingWith,41] - Generating unique operation named: list4AuditUsingGET_5
19:29:39.256 [main] INFO  s.d.s.w.r.o.CachingOperationNameGenerator - [startingWith,41] - Generating unique operation named: addUsingPOST_66
19:29:39.260 [main] INFO  s.d.s.w.r.o.CachingOperationNameGenerator - [startingWith,41] - Generating unique operation named: auditUsingPUT_6
19:29:39.264 [main] INFO  s.d.s.w.r.o.CachingOperationNameGenerator - [startingWith,41] - Generating unique operation named: editUsingPUT_65
19:29:39.273 [main] INFO  s.d.s.w.r.o.CachingOperationNameGenerator - [startingWith,41] - Generating unique operation named: exportUsingGET_67
19:29:39.288 [main] INFO  s.d.s.w.r.o.CachingOperationNameGenerator - [startingWith,41] - Generating unique operation named: getInfoUsingGET_67
19:29:39.291 [main] INFO  s.d.s.w.r.o.CachingOperationNameGenerator - [startingWith,41] - Generating unique operation named: removeUsingDELETE_65
19:29:39.294 [main] INFO  s.d.s.w.r.o.CachingOperationNameGenerator - [startingWith,41] - Generating unique operation named: submitUsingPUT_6
19:29:39.298 [main] INFO  s.d.s.w.r.o.CachingOperationNameGenerator - [startingWith,41] - Generating unique operation named: listUsingGET_68
19:29:39.303 [main] INFO  s.d.s.w.r.o.CachingOperationNameGenerator - [startingWith,41] - Generating unique operation named: list4AuditUsingGET_6
19:29:39.309 [main] INFO  s.d.s.w.r.o.CachingOperationNameGenerator - [startingWith,41] - Generating unique operation named: addUsingPOST_67
19:29:39.312 [main] INFO  s.d.s.w.r.o.CachingOperationNameGenerator - [startingWith,41] - Generating unique operation named: editUsingPUT_66
19:29:39.314 [main] INFO  s.d.s.w.r.o.CachingOperationNameGenerator - [startingWith,41] - Generating unique operation named: exportUsingGET_68
19:29:39.319 [main] INFO  s.d.s.w.r.o.CachingOperationNameGenerator - [startingWith,41] - Generating unique operation named: getInfoUsingGET_68
19:29:39.322 [main] INFO  s.d.s.w.r.o.CachingOperationNameGenerator - [startingWith,41] - Generating unique operation named: removeUsingDELETE_66
19:29:39.328 [main] INFO  s.d.s.w.r.o.CachingOperationNameGenerator - [startingWith,41] - Generating unique operation named: listUsingGET_69
19:29:39.335 [main] INFO  s.d.s.w.r.o.CachingOperationNameGenerator - [startingWith,41] - Generating unique operation named: addUsingPOST_68
19:29:39.340 [main] INFO  s.d.s.w.r.o.CachingOperationNameGenerator - [startingWith,41] - Generating unique operation named: editUsingPUT_67
19:29:39.344 [main] INFO  s.d.s.w.r.o.CachingOperationNameGenerator - [startingWith,41] - Generating unique operation named: exportUsingGET_69
19:29:39.351 [main] INFO  s.d.s.w.r.o.CachingOperationNameGenerator - [startingWith,41] - Generating unique operation named: getInfoUsingGET_69
19:29:39.356 [main] INFO  s.d.s.w.r.o.CachingOperationNameGenerator - [startingWith,41] - Generating unique operation named: removeUsingDELETE_67
19:29:39.360 [main] INFO  s.d.s.w.r.o.CachingOperationNameGenerator - [startingWith,41] - Generating unique operation named: listUsingGET_70
19:29:39.367 [main] INFO  s.d.s.w.r.o.CachingOperationNameGenerator - [startingWith,41] - Generating unique operation named: addUsingPOST_69
19:29:39.371 [main] INFO  s.d.s.w.r.o.CachingOperationNameGenerator - [startingWith,41] - Generating unique operation named: editUsingPUT_68
19:29:39.377 [main] INFO  s.d.s.w.r.o.CachingOperationNameGenerator - [startingWith,41] - Generating unique operation named: exportUsingGET_70
19:29:39.380 [main] INFO  s.d.s.w.r.o.CachingOperationNameGenerator - [startingWith,41] - Generating unique operation named: getInfoUsingGET_70
19:29:39.384 [main] INFO  s.d.s.w.r.o.CachingOperationNameGenerator - [startingWith,41] - Generating unique operation named: removeUsingDELETE_68
19:29:39.390 [main] INFO  s.d.s.w.r.o.CachingOperationNameGenerator - [startingWith,41] - Generating unique operation named: listUsingGET_71
19:29:39.397 [main] INFO  s.d.s.w.r.o.CachingOperationNameGenerator - [startingWith,41] - Generating unique operation named: addUsingPOST_70
19:29:39.400 [main] INFO  s.d.s.w.r.o.CachingOperationNameGenerator - [startingWith,41] - Generating unique operation named: editUsingPUT_69
19:29:39.403 [main] INFO  s.d.s.w.r.o.CachingOperationNameGenerator - [startingWith,41] - Generating unique operation named: exportUsingGET_71
19:29:39.407 [main] INFO  s.d.s.w.r.o.CachingOperationNameGenerator - [startingWith,41] - Generating unique operation named: getInfoUsingGET_71
19:29:39.409 [main] INFO  s.d.s.w.r.o.CachingOperationNameGenerator - [startingWith,41] - Generating unique operation named: removeUsingDELETE_69
19:29:39.412 [main] INFO  s.d.s.w.r.o.CachingOperationNameGenerator - [startingWith,41] - Generating unique operation named: listUsingGET_72
19:29:39.419 [main] INFO  s.d.s.w.r.o.CachingOperationNameGenerator - [startingWith,41] - Generating unique operation named: addUsingPOST_71
19:29:39.423 [main] INFO  s.d.s.w.r.o.CachingOperationNameGenerator - [startingWith,41] - Generating unique operation named: auditUsingPUT_7
19:29:39.426 [main] INFO  s.d.s.w.r.o.CachingOperationNameGenerator - [startingWith,41] - Generating unique operation named: editUsingPUT_70
19:29:39.433 [main] INFO  s.d.s.w.r.o.CachingOperationNameGenerator - [startingWith,41] - Generating unique operation named: exportUsingGET_72
19:29:39.438 [main] INFO  s.d.s.w.r.o.CachingOperationNameGenerator - [startingWith,41] - Generating unique operation named: getInfoUsingGET_72
19:29:39.442 [main] INFO  s.d.s.w.r.o.CachingOperationNameGenerator - [startingWith,41] - Generating unique operation named: removeUsingDELETE_70
19:29:39.447 [main] INFO  s.d.s.w.r.o.CachingOperationNameGenerator - [startingWith,41] - Generating unique operation named: submitUsingPUT_7
19:29:39.451 [main] INFO  s.d.s.w.r.o.CachingOperationNameGenerator - [startingWith,41] - Generating unique operation named: listUsingGET_73
19:29:39.458 [main] INFO  s.d.s.w.r.o.CachingOperationNameGenerator - [startingWith,41] - Generating unique operation named: list4AuditUsingGET_7
19:29:39.463 [main] INFO  s.d.s.w.r.o.CachingOperationNameGenerator - [startingWith,41] - Generating unique operation named: addUsingPOST_72
19:29:39.468 [main] INFO  s.d.s.w.r.o.CachingOperationNameGenerator - [startingWith,41] - Generating unique operation named: editUsingPUT_71
19:29:39.472 [main] INFO  s.d.s.w.r.o.CachingOperationNameGenerator - [startingWith,41] - Generating unique operation named: exportUsingGET_73
19:29:39.478 [main] INFO  s.d.s.w.r.o.CachingOperationNameGenerator - [startingWith,41] - Generating unique operation named: getInfoUsingGET_73
19:29:39.481 [main] INFO  s.d.s.w.r.o.CachingOperationNameGenerator - [startingWith,41] - Generating unique operation named: removeUsingDELETE_71
19:29:39.485 [main] INFO  s.d.s.w.r.o.CachingOperationNameGenerator - [startingWith,41] - Generating unique operation named: listUsingGET_74
19:29:39.491 [main] INFO  s.d.s.w.r.o.CachingOperationNameGenerator - [startingWith,41] - Generating unique operation named: addUsingPOST_73
19:29:39.495 [main] INFO  s.d.s.w.r.o.CachingOperationNameGenerator - [startingWith,41] - Generating unique operation named: editUsingPUT_72
19:29:39.500 [main] INFO  s.d.s.w.r.o.CachingOperationNameGenerator - [startingWith,41] - Generating unique operation named: exportUsingGET_74
19:29:39.505 [main] INFO  s.d.s.w.r.o.CachingOperationNameGenerator - [startingWith,41] - Generating unique operation named: getInfoUsingGET_74
19:29:39.508 [main] INFO  s.d.s.w.r.o.CachingOperationNameGenerator - [startingWith,41] - Generating unique operation named: removeUsingDELETE_72
19:29:39.512 [main] INFO  s.d.s.w.r.o.CachingOperationNameGenerator - [startingWith,41] - Generating unique operation named: listUsingGET_75
19:29:39.519 [main] INFO  s.d.s.w.r.o.CachingOperationNameGenerator - [startingWith,41] - Generating unique operation named: addUsingPOST_74
19:29:39.524 [main] INFO  s.d.s.w.r.o.CachingOperationNameGenerator - [startingWith,41] - Generating unique operation named: editUsingPUT_73
19:29:39.529 [main] INFO  s.d.s.w.r.o.CachingOperationNameGenerator - [startingWith,41] - Generating unique operation named: exportUsingGET_75
19:29:39.535 [main] INFO  s.d.s.w.r.o.CachingOperationNameGenerator - [startingWith,41] - Generating unique operation named: getInfoUsingGET_75
19:29:39.538 [main] INFO  s.d.s.w.r.o.CachingOperationNameGenerator - [startingWith,41] - Generating unique operation named: removeUsingDELETE_73
19:29:39.541 [main] INFO  s.d.s.w.r.o.CachingOperationNameGenerator - [startingWith,41] - Generating unique operation named: listUsingGET_76
19:29:39.547 [main] INFO  s.d.s.w.r.o.CachingOperationNameGenerator - [startingWith,41] - Generating unique operation named: exportUsingGET_76
19:29:39.551 [main] INFO  s.d.s.w.r.o.CachingOperationNameGenerator - [startingWith,41] - Generating unique operation named: exportUsingGET_77
19:29:39.561 [main] INFO  s.d.s.w.r.o.CachingOperationNameGenerator - [startingWith,41] - Generating unique operation named: listUsingGET_77
19:29:39.571 [main] INFO  s.d.s.w.r.o.CachingOperationNameGenerator - [startingWith,41] - Generating unique operation named: selectContractDeliveryReturnMonthReportUsingGET_1
19:29:39.575 [main] INFO  s.d.s.w.r.o.CachingOperationNameGenerator - [startingWith,41] - Generating unique operation named: selectContractDeliveryReturnQuarterReportUsingGET_1
19:29:39.585 [main] INFO  s.d.s.w.r.o.CachingOperationNameGenerator - [startingWith,41] - Generating unique operation named: addUsingPOST_75
19:29:39.597 [main] INFO  s.d.s.w.r.o.CachingOperationNameGenerator - [startingWith,41] - Generating unique operation named: editUsingPUT_74
19:29:39.604 [main] INFO  s.d.s.w.r.o.CachingOperationNameGenerator - [startingWith,41] - Generating unique operation named: exportUsingGET_78
19:29:39.610 [main] INFO  s.d.s.w.r.o.CachingOperationNameGenerator - [startingWith,41] - Generating unique operation named: getInfoUsingGET_76
19:29:39.614 [main] INFO  s.d.s.w.r.o.CachingOperationNameGenerator - [startingWith,41] - Generating unique operation named: removeUsingDELETE_74
19:29:39.620 [main] INFO  s.d.s.w.r.o.CachingOperationNameGenerator - [startingWith,41] - Generating unique operation named: listUsingGET_78
19:29:39.627 [main] INFO  s.d.s.w.r.o.CachingOperationNameGenerator - [startingWith,41] - Generating unique operation named: addUsingPOST_76
19:29:39.632 [main] INFO  s.d.s.w.r.o.CachingOperationNameGenerator - [startingWith,41] - Generating unique operation named: editUsingPUT_75
19:29:39.637 [main] INFO  s.d.s.w.r.o.CachingOperationNameGenerator - [startingWith,41] - Generating unique operation named: exportUsingGET_79
19:29:39.641 [main] INFO  s.d.s.w.r.o.CachingOperationNameGenerator - [startingWith,41] - Generating unique operation named: getInfoUsingGET_77
19:29:39.646 [main] INFO  s.d.s.w.r.o.CachingOperationNameGenerator - [startingWith,41] - Generating unique operation named: removeUsingDELETE_75
19:29:39.651 [main] INFO  s.d.s.w.r.o.CachingOperationNameGenerator - [startingWith,41] - Generating unique operation named: listUsingGET_79
19:29:39.690 [main] INFO  s.d.s.w.r.o.CachingOperationNameGenerator - [startingWith,41] - Generating unique operation named: editUsingPUT_76
19:29:39.714 [main] INFO  s.d.s.w.r.o.CachingOperationNameGenerator - [startingWith,41] - Generating unique operation named: exportUsingGET_80
19:29:39.720 [main] INFO  s.d.s.w.r.o.CachingOperationNameGenerator - [startingWith,41] - Generating unique operation named: getInfoUsingGET_78
19:29:39.726 [main] INFO  s.d.s.w.r.o.CachingOperationNameGenerator - [startingWith,41] - Generating unique operation named: listUsingGET_80
19:29:39.745 [main] INFO  s.d.s.w.r.o.CachingOperationNameGenerator - [startingWith,41] - Generating unique operation named: exportUsingGET_81
19:29:39.750 [main] INFO  s.d.s.w.r.o.CachingOperationNameGenerator - [startingWith,41] - Generating unique operation named: getInfoUsingGET_79
19:29:39.757 [main] INFO  s.d.s.w.r.o.CachingOperationNameGenerator - [startingWith,41] - Generating unique operation named: listUsingGET_81
19:29:39.763 [main] INFO  s.d.s.w.r.o.CachingOperationNameGenerator - [startingWith,41] - Generating unique operation named: reportByDayUsingGET_1
19:29:39.789 [main] INFO  s.d.s.w.r.o.CachingOperationNameGenerator - [startingWith,41] - Generating unique operation named: exportUsingGET_82
19:29:39.795 [main] INFO  s.d.s.w.r.o.CachingOperationNameGenerator - [startingWith,41] - Generating unique operation named: listUsingGET_82
19:29:39.801 [main] INFO  s.d.s.w.r.o.CachingOperationNameGenerator - [startingWith,41] - Generating unique operation named: exportUsingGET_83
19:29:39.806 [main] INFO  s.d.s.w.r.o.CachingOperationNameGenerator - [startingWith,41] - Generating unique operation named: listUsingGET_83
19:29:39.863 [main] INFO  s.d.s.w.r.o.CachingOperationNameGenerator - [startingWith,41] - Generating unique operation named: addUsingPOST_77
19:29:39.867 [main] INFO  s.d.s.w.r.o.CachingOperationNameGenerator - [startingWith,41] - Generating unique operation named: editUsingPUT_77
19:29:39.874 [main] INFO  s.d.s.w.r.o.CachingOperationNameGenerator - [startingWith,41] - Generating unique operation named: exportUsingGET_84
19:29:39.880 [main] INFO  s.d.s.w.r.o.CachingOperationNameGenerator - [startingWith,41] - Generating unique operation named: getInfoUsingGET_80
19:29:39.885 [main] INFO  s.d.s.w.r.o.CachingOperationNameGenerator - [startingWith,41] - Generating unique operation named: removeUsingDELETE_76
19:29:39.890 [main] INFO  s.d.s.w.r.o.CachingOperationNameGenerator - [startingWith,41] - Generating unique operation named: listUsingGET_84
19:29:39.898 [main] INFO  s.d.s.w.r.o.CachingOperationNameGenerator - [startingWith,41] - Generating unique operation named: exportUsingGET_85
19:29:39.904 [main] INFO  s.d.s.w.r.o.CachingOperationNameGenerator - [startingWith,41] - Generating unique operation named: listUsingGET_85
19:29:39.911 [main] INFO  s.d.s.w.r.o.CachingOperationNameGenerator - [startingWith,41] - Generating unique operation named: exportUsingGET_86
19:29:39.916 [main] INFO  s.d.s.w.r.o.CachingOperationNameGenerator - [startingWith,41] - Generating unique operation named: getInfoUsingGET_81
19:29:39.920 [main] INFO  s.d.s.w.r.o.CachingOperationNameGenerator - [startingWith,41] - Generating unique operation named: listUsingGET_86
19:29:39.927 [main] INFO  s.d.s.w.r.o.CachingOperationNameGenerator - [startingWith,41] - Generating unique operation named: exportUsingGET_87
19:29:39.933 [main] INFO  s.d.s.w.r.o.CachingOperationNameGenerator - [startingWith,41] - Generating unique operation named: getInfoUsingGET_82
19:29:39.938 [main] INFO  s.d.s.w.r.o.CachingOperationNameGenerator - [startingWith,41] - Generating unique operation named: listUsingGET_87
19:29:39.945 [main] INFO  s.d.s.w.r.o.CachingOperationNameGenerator - [startingWith,41] - Generating unique operation named: exportUsingGET_88
19:29:39.956 [main] INFO  s.d.s.w.r.o.CachingOperationNameGenerator - [startingWith,41] - Generating unique operation named: getInfoUsingGET_83
19:29:39.961 [main] INFO  s.d.s.w.r.o.CachingOperationNameGenerator - [startingWith,41] - Generating unique operation named: listUsingGET_88
19:29:39.970 [main] INFO  s.d.s.w.r.o.CachingOperationNameGenerator - [startingWith,41] - Generating unique operation named: addUsingPOST_78
19:29:39.975 [main] INFO  s.d.s.w.r.o.CachingOperationNameGenerator - [startingWith,41] - Generating unique operation named: auditUsingPUT_8
19:29:39.979 [main] INFO  s.d.s.w.r.o.CachingOperationNameGenerator - [startingWith,41] - Generating unique operation named: editUsingPUT_78
19:29:39.987 [main] INFO  s.d.s.w.r.o.CachingOperationNameGenerator - [startingWith,41] - Generating unique operation named: exportUsingGET_89
19:29:39.995 [main] INFO  s.d.s.w.r.o.CachingOperationNameGenerator - [startingWith,41] - Generating unique operation named: getInfoUsingGET_84
19:29:40.002 [main] INFO  s.d.s.w.r.o.CachingOperationNameGenerator - [startingWith,41] - Generating unique operation named: removeUsingDELETE_77
19:29:40.007 [main] INFO  s.d.s.w.r.o.CachingOperationNameGenerator - [startingWith,41] - Generating unique operation named: submitUsingPUT_8
19:29:40.013 [main] INFO  s.d.s.w.r.o.CachingOperationNameGenerator - [startingWith,41] - Generating unique operation named: listUsingGET_89
19:29:40.020 [main] INFO  s.d.s.w.r.o.CachingOperationNameGenerator - [startingWith,41] - Generating unique operation named: list4AuditUsingGET_8
19:29:40.028 [main] INFO  s.d.s.w.r.o.CachingOperationNameGenerator - [startingWith,41] - Generating unique operation named: addUsingPOST_79
19:29:40.032 [main] INFO  s.d.s.w.r.o.CachingOperationNameGenerator - [startingWith,41] - Generating unique operation named: editUsingPUT_79
19:29:40.037 [main] INFO  s.d.s.w.r.o.CachingOperationNameGenerator - [startingWith,41] - Generating unique operation named: exportUsingGET_90
19:29:40.043 [main] INFO  s.d.s.w.r.o.CachingOperationNameGenerator - [startingWith,41] - Generating unique operation named: getInfoUsingGET_85
19:29:40.047 [main] INFO  s.d.s.w.r.o.CachingOperationNameGenerator - [startingWith,41] - Generating unique operation named: removeUsingDELETE_78
19:29:40.053 [main] INFO  s.d.s.w.r.o.CachingOperationNameGenerator - [startingWith,41] - Generating unique operation named: listUsingGET_90
19:29:40.061 [main] INFO  s.d.s.w.r.o.CachingOperationNameGenerator - [startingWith,41] - Generating unique operation named: addUsingPOST_80
19:29:40.065 [main] INFO  s.d.s.w.r.o.CachingOperationNameGenerator - [startingWith,41] - Generating unique operation named: editUsingPUT_80
19:29:40.073 [main] INFO  s.d.s.w.r.o.CachingOperationNameGenerator - [startingWith,41] - Generating unique operation named: exportUsingGET_91
19:29:40.078 [main] INFO  s.d.s.w.r.o.CachingOperationNameGenerator - [startingWith,41] - Generating unique operation named: getInfoUsingGET_86
19:29:40.081 [main] INFO  s.d.s.w.r.o.CachingOperationNameGenerator - [startingWith,41] - Generating unique operation named: removeUsingDELETE_79
19:29:40.091 [main] INFO  s.d.s.w.r.o.CachingOperationNameGenerator - [startingWith,41] - Generating unique operation named: listUsingGET_91
19:29:40.098 [main] INFO  s.d.s.w.r.o.CachingOperationNameGenerator - [startingWith,41] - Generating unique operation named: addUsingPOST_81
19:29:40.103 [main] INFO  s.d.s.w.r.o.CachingOperationNameGenerator - [startingWith,41] - Generating unique operation named: editUsingPUT_81
19:29:40.108 [main] INFO  s.d.s.w.r.o.CachingOperationNameGenerator - [startingWith,41] - Generating unique operation named: exportUsingGET_92
19:29:40.113 [main] INFO  s.d.s.w.r.o.CachingOperationNameGenerator - [startingWith,41] - Generating unique operation named: getInfoUsingGET_87
19:29:40.118 [main] INFO  s.d.s.w.r.o.CachingOperationNameGenerator - [startingWith,41] - Generating unique operation named: removeUsingDELETE_80
19:29:40.122 [main] INFO  s.d.s.w.r.o.CachingOperationNameGenerator - [startingWith,41] - Generating unique operation named: listUsingGET_92
19:29:40.128 [main] INFO  s.d.s.w.r.o.CachingOperationNameGenerator - [startingWith,41] - Generating unique operation named: addUsingPOST_82
19:29:40.132 [main] INFO  s.d.s.w.r.o.CachingOperationNameGenerator - [startingWith,41] - Generating unique operation named: editUsingPUT_82
19:29:40.141 [main] INFO  s.d.s.w.r.o.CachingOperationNameGenerator - [startingWith,41] - Generating unique operation named: exportUsingGET_93
19:29:40.148 [main] INFO  s.d.s.w.r.o.CachingOperationNameGenerator - [startingWith,41] - Generating unique operation named: getInfoUsingGET_88
19:29:40.152 [main] INFO  s.d.s.w.r.o.CachingOperationNameGenerator - [startingWith,41] - Generating unique operation named: removeUsingDELETE_81
19:29:40.158 [main] INFO  s.d.s.w.r.o.CachingOperationNameGenerator - [startingWith,41] - Generating unique operation named: listUsingGET_93
19:29:40.165 [main] INFO  s.d.s.w.r.o.CachingOperationNameGenerator - [startingWith,41] - Generating unique operation named: addUsingPOST_83
19:29:40.171 [main] INFO  s.d.s.w.r.o.CachingOperationNameGenerator - [startingWith,41] - Generating unique operation named: editUsingPUT_83
19:29:40.176 [main] INFO  s.d.s.w.r.o.CachingOperationNameGenerator - [startingWith,41] - Generating unique operation named: exportUsingGET_94
19:29:40.182 [main] INFO  s.d.s.w.r.o.CachingOperationNameGenerator - [startingWith,41] - Generating unique operation named: getInfoUsingGET_89
19:29:40.187 [main] INFO  s.d.s.w.r.o.CachingOperationNameGenerator - [startingWith,41] - Generating unique operation named: removeUsingDELETE_82
19:29:40.192 [main] INFO  s.d.s.w.r.o.CachingOperationNameGenerator - [startingWith,41] - Generating unique operation named: listUsingGET_94
19:29:40.201 [main] INFO  s.d.s.w.r.o.CachingOperationNameGenerator - [startingWith,41] - Generating unique operation named: addUsingPOST_84
19:29:40.206 [main] INFO  s.d.s.w.r.o.CachingOperationNameGenerator - [startingWith,41] - Generating unique operation named: auditUsingPUT_9
19:29:40.211 [main] INFO  s.d.s.w.r.o.CachingOperationNameGenerator - [startingWith,41] - Generating unique operation named: editUsingPUT_84
19:29:40.220 [main] INFO  s.d.s.w.r.o.CachingOperationNameGenerator - [startingWith,41] - Generating unique operation named: exportUsingGET_95
19:29:40.229 [main] INFO  s.d.s.w.r.o.CachingOperationNameGenerator - [startingWith,41] - Generating unique operation named: getInfoUsingGET_90
19:29:40.240 [main] INFO  s.d.s.w.r.o.CachingOperationNameGenerator - [startingWith,41] - Generating unique operation named: removeUsingDELETE_83
19:29:40.243 [main] INFO  s.d.s.w.r.o.CachingOperationNameGenerator - [startingWith,41] - Generating unique operation named: submitUsingPUT_9
19:29:40.248 [main] INFO  s.d.s.w.r.o.CachingOperationNameGenerator - [startingWith,41] - Generating unique operation named: listUsingGET_95
19:29:40.255 [main] INFO  s.d.s.w.r.o.CachingOperationNameGenerator - [startingWith,41] - Generating unique operation named: list4AuditUsingGET_9
19:29:40.262 [main] INFO  s.d.s.w.r.o.CachingOperationNameGenerator - [startingWith,41] - Generating unique operation named: addUsingPOST_85
19:29:40.266 [main] INFO  s.d.s.w.r.o.CachingOperationNameGenerator - [startingWith,41] - Generating unique operation named: editUsingPUT_85
19:29:40.269 [main] INFO  s.d.s.w.r.o.CachingOperationNameGenerator - [startingWith,41] - Generating unique operation named: exportUsingGET_96
19:29:40.275 [main] INFO  s.d.s.w.r.o.CachingOperationNameGenerator - [startingWith,41] - Generating unique operation named: getInfoUsingGET_91
19:29:40.279 [main] INFO  s.d.s.w.r.o.CachingOperationNameGenerator - [startingWith,41] - Generating unique operation named: removeUsingDELETE_84
19:29:40.283 [main] INFO  s.d.s.w.r.o.CachingOperationNameGenerator - [startingWith,41] - Generating unique operation named: listUsingGET_96
19:29:40.290 [main] INFO  s.d.s.w.r.o.CachingOperationNameGenerator - [startingWith,41] - Generating unique operation named: addUsingPOST_86
19:29:40.294 [main] INFO  s.d.s.w.r.o.CachingOperationNameGenerator - [startingWith,41] - Generating unique operation named: editUsingPUT_86
19:29:40.301 [main] INFO  s.d.s.w.r.o.CachingOperationNameGenerator - [startingWith,41] - Generating unique operation named: exportUsingGET_97
19:29:40.307 [main] INFO  s.d.s.w.r.o.CachingOperationNameGenerator - [startingWith,41] - Generating unique operation named: getInfoUsingGET_92
19:29:40.311 [main] INFO  s.d.s.w.r.o.CachingOperationNameGenerator - [startingWith,41] - Generating unique operation named: listUsingGET_97
19:29:40.315 [main] INFO  s.d.s.w.r.o.CachingOperationNameGenerator - [startingWith,41] - Generating unique operation named: removeUsingDELETE_85
19:29:40.322 [main] INFO  s.d.s.w.r.o.CachingOperationNameGenerator - [startingWith,41] - Generating unique operation named: addUsingPOST_87
19:29:40.326 [main] INFO  s.d.s.w.r.o.CachingOperationNameGenerator - [startingWith,41] - Generating unique operation named: editUsingPUT_87
19:29:40.332 [main] INFO  s.d.s.w.r.o.CachingOperationNameGenerator - [startingWith,41] - Generating unique operation named: exportUsingGET_98
19:29:40.338 [main] INFO  s.d.s.w.r.o.CachingOperationNameGenerator - [startingWith,41] - Generating unique operation named: getInfoUsingGET_93
19:29:40.343 [main] INFO  s.d.s.w.r.o.CachingOperationNameGenerator - [startingWith,41] - Generating unique operation named: removeUsingDELETE_86
19:29:40.348 [main] INFO  s.d.s.w.r.o.CachingOperationNameGenerator - [startingWith,41] - Generating unique operation named: listUsingGET_98
19:29:40.356 [main] INFO  s.d.s.w.r.o.CachingOperationNameGenerator - [startingWith,41] - Generating unique operation named: addUsingPOST_88
19:29:40.360 [main] INFO  s.d.s.w.r.o.CachingOperationNameGenerator - [startingWith,41] - Generating unique operation named: editUsingPUT_88
19:29:40.366 [main] INFO  s.d.s.w.r.o.CachingOperationNameGenerator - [startingWith,41] - Generating unique operation named: exportUsingGET_99
19:29:40.371 [main] INFO  s.d.s.w.r.o.CachingOperationNameGenerator - [startingWith,41] - Generating unique operation named: getInfoUsingGET_94
19:29:40.376 [main] INFO  s.d.s.w.r.o.CachingOperationNameGenerator - [startingWith,41] - Generating unique operation named: removeUsingDELETE_87
19:29:40.381 [main] INFO  s.d.s.w.r.o.CachingOperationNameGenerator - [startingWith,41] - Generating unique operation named: listUsingGET_99
19:29:40.389 [main] INFO  s.d.s.w.r.o.CachingOperationNameGenerator - [startingWith,41] - Generating unique operation named: addUsingPOST_89
19:29:40.393 [main] INFO  s.d.s.w.r.o.CachingOperationNameGenerator - [startingWith,41] - Generating unique operation named: auditUsingPUT_10
19:29:40.407 [main] INFO  s.d.s.w.r.o.CachingOperationNameGenerator - [startingWith,41] - Generating unique operation named: editUsingPUT_89
19:29:40.418 [main] INFO  s.d.s.w.r.o.CachingOperationNameGenerator - [startingWith,41] - Generating unique operation named: exportUsingGET_100
19:29:40.428 [main] INFO  s.d.s.w.r.o.CachingOperationNameGenerator - [startingWith,41] - Generating unique operation named: getInfoUsingGET_95
19:29:40.440 [main] INFO  s.d.s.w.r.o.CachingOperationNameGenerator - [startingWith,41] - Generating unique operation named: removeUsingDELETE_88
19:29:40.445 [main] INFO  s.d.s.w.r.o.CachingOperationNameGenerator - [startingWith,41] - Generating unique operation named: submitUsingPUT_10
19:29:40.452 [main] INFO  s.d.s.w.r.o.CachingOperationNameGenerator - [startingWith,41] - Generating unique operation named: listUsingGET_100
19:29:40.460 [main] INFO  s.d.s.w.r.o.CachingOperationNameGenerator - [startingWith,41] - Generating unique operation named: list4AuditUsingGET_10
19:29:40.494 [main] INFO  s.d.s.w.r.o.CachingOperationNameGenerator - [startingWith,41] - Generating unique operation named: addUsingPOST_90
19:29:40.500 [main] INFO  s.d.s.w.r.o.CachingOperationNameGenerator - [startingWith,41] - Generating unique operation named: editUsingPUT_90
19:29:40.505 [main] INFO  s.d.s.w.r.o.CachingOperationNameGenerator - [startingWith,41] - Generating unique operation named: exportUsingGET_101
19:29:40.511 [main] INFO  s.d.s.w.r.o.CachingOperationNameGenerator - [startingWith,41] - Generating unique operation named: getInfoUsingGET_96
19:29:40.516 [main] INFO  s.d.s.w.r.o.CachingOperationNameGenerator - [startingWith,41] - Generating unique operation named: removeUsingDELETE_89
19:29:40.522 [main] INFO  s.d.s.w.r.o.CachingOperationNameGenerator - [startingWith,41] - Generating unique operation named: listUsingGET_101
19:29:40.530 [main] INFO  s.d.s.w.r.o.CachingOperationNameGenerator - [startingWith,41] - Generating unique operation named: addUsingPOST_91
19:29:40.535 [main] INFO  s.d.s.w.r.o.CachingOperationNameGenerator - [startingWith,41] - Generating unique operation named: editUsingPUT_91
19:29:40.541 [main] INFO  s.d.s.w.r.o.CachingOperationNameGenerator - [startingWith,41] - Generating unique operation named: exportUsingGET_102
19:29:40.547 [main] INFO  s.d.s.w.r.o.CachingOperationNameGenerator - [startingWith,41] - Generating unique operation named: getInfoUsingGET_97
19:29:40.551 [main] INFO  s.d.s.w.r.o.CachingOperationNameGenerator - [startingWith,41] - Generating unique operation named: removeUsingDELETE_90
19:29:40.556 [main] INFO  s.d.s.w.r.o.CachingOperationNameGenerator - [startingWith,41] - Generating unique operation named: listUsingGET_102
19:29:40.563 [main] INFO  s.d.s.w.r.o.CachingOperationNameGenerator - [startingWith,41] - Generating unique operation named: addUsingPOST_92
19:29:40.568 [main] INFO  s.d.s.w.r.o.CachingOperationNameGenerator - [startingWith,41] - Generating unique operation named: auditUsingPUT_11
19:29:40.573 [main] INFO  s.d.s.w.r.o.CachingOperationNameGenerator - [startingWith,41] - Generating unique operation named: editUsingPUT_92
19:29:40.581 [main] INFO  s.d.s.w.r.o.CachingOperationNameGenerator - [startingWith,41] - Generating unique operation named: exportUsingGET_103
19:29:40.591 [main] INFO  s.d.s.w.r.o.CachingOperationNameGenerator - [startingWith,41] - Generating unique operation named: getInfoUsingGET_98
19:29:40.596 [main] INFO  s.d.s.w.r.o.CachingOperationNameGenerator - [startingWith,41] - Generating unique operation named: removeUsingDELETE_91
19:29:40.601 [main] INFO  s.d.s.w.r.o.CachingOperationNameGenerator - [startingWith,41] - Generating unique operation named: submitUsingPUT_11
19:29:40.606 [main] INFO  s.d.s.w.r.o.CachingOperationNameGenerator - [startingWith,41] - Generating unique operation named: listUsingGET_103
19:29:40.611 [main] INFO  s.d.s.w.r.o.CachingOperationNameGenerator - [startingWith,41] - Generating unique operation named: list4AuditUsingGET_11
19:29:40.618 [main] INFO  s.d.s.w.r.o.CachingOperationNameGenerator - [startingWith,41] - Generating unique operation named: addUsingPOST_93
19:29:40.623 [main] INFO  s.d.s.w.r.o.CachingOperationNameGenerator - [startingWith,41] - Generating unique operation named: editUsingPUT_93
19:29:40.627 [main] INFO  s.d.s.w.r.o.CachingOperationNameGenerator - [startingWith,41] - Generating unique operation named: exportUsingGET_104
19:29:40.632 [main] INFO  s.d.s.w.r.o.CachingOperationNameGenerator - [startingWith,41] - Generating unique operation named: getInfoUsingGET_99
19:29:40.637 [main] INFO  s.d.s.w.r.o.CachingOperationNameGenerator - [startingWith,41] - Generating unique operation named: removeUsingDELETE_92
19:29:40.642 [main] INFO  s.d.s.w.r.o.CachingOperationNameGenerator - [startingWith,41] - Generating unique operation named: listUsingGET_104
19:29:40.649 [main] INFO  s.d.s.w.r.o.CachingOperationNameGenerator - [startingWith,41] - Generating unique operation named: addUsingPOST_94
19:29:40.655 [main] INFO  s.d.s.w.r.o.CachingOperationNameGenerator - [startingWith,41] - Generating unique operation named: editUsingPUT_94
19:29:40.661 [main] INFO  s.d.s.w.r.o.CachingOperationNameGenerator - [startingWith,41] - Generating unique operation named: exportUsingGET_105
19:29:40.668 [main] INFO  s.d.s.w.r.o.CachingOperationNameGenerator - [startingWith,41] - Generating unique operation named: getInfoUsingGET_100
19:29:40.672 [main] INFO  s.d.s.w.r.o.CachingOperationNameGenerator - [startingWith,41] - Generating unique operation named: removeUsingDELETE_93
19:29:40.677 [main] INFO  s.d.s.w.r.o.CachingOperationNameGenerator - [startingWith,41] - Generating unique operation named: listUsingGET_105
19:29:40.683 [main] INFO  s.d.s.w.r.o.CachingOperationNameGenerator - [startingWith,41] - Generating unique operation named: addUsingPOST_95
19:29:40.687 [main] INFO  s.d.s.w.r.o.CachingOperationNameGenerator - [startingWith,41] - Generating unique operation named: editUsingPUT_95
19:29:40.691 [main] INFO  s.d.s.w.r.o.CachingOperationNameGenerator - [startingWith,41] - Generating unique operation named: exportUsingGET_106
19:29:40.694 [main] INFO  s.d.s.w.r.o.CachingOperationNameGenerator - [startingWith,41] - Generating unique operation named: getInfoUsingGET_101
19:29:40.697 [main] INFO  s.d.s.w.r.o.CachingOperationNameGenerator - [startingWith,41] - Generating unique operation named: removeUsingDELETE_94
19:29:40.701 [main] INFO  s.d.s.w.r.o.CachingOperationNameGenerator - [startingWith,41] - Generating unique operation named: listUsingGET_106
19:29:40.707 [main] INFO  s.d.s.w.r.o.CachingOperationNameGenerator - [startingWith,41] - Generating unique operation named: addUsingPOST_96
19:29:40.711 [main] INFO  s.d.s.w.r.o.CachingOperationNameGenerator - [startingWith,41] - Generating unique operation named: editUsingPUT_96
19:29:40.716 [main] INFO  s.d.s.w.r.o.CachingOperationNameGenerator - [startingWith,41] - Generating unique operation named: exportUsingGET_107
19:29:40.722 [main] INFO  s.d.s.w.r.o.CachingOperationNameGenerator - [startingWith,41] - Generating unique operation named: getInfoUsingGET_102
19:29:40.726 [main] INFO  s.d.s.w.r.o.CachingOperationNameGenerator - [startingWith,41] - Generating unique operation named: removeUsingDELETE_95
19:29:40.730 [main] INFO  s.d.s.w.r.o.CachingOperationNameGenerator - [startingWith,41] - Generating unique operation named: listUsingGET_107
19:29:40.736 [main] INFO  s.d.s.w.r.o.CachingOperationNameGenerator - [startingWith,41] - Generating unique operation named: addUsingPOST_97
19:29:40.739 [main] INFO  s.d.s.w.r.o.CachingOperationNameGenerator - [startingWith,41] - Generating unique operation named: editUsingPUT_97
19:29:40.748 [main] INFO  s.d.s.w.r.o.CachingOperationNameGenerator - [startingWith,41] - Generating unique operation named: exportUsingGET_108
19:29:40.753 [main] INFO  s.d.s.w.r.o.CachingOperationNameGenerator - [startingWith,41] - Generating unique operation named: getInfoUsingGET_103
19:29:40.757 [main] INFO  s.d.s.w.r.o.CachingOperationNameGenerator - [startingWith,41] - Generating unique operation named: removeUsingDELETE_96
19:29:40.762 [main] INFO  s.d.s.w.r.o.CachingOperationNameGenerator - [startingWith,41] - Generating unique operation named: listUsingGET_108
19:29:40.770 [main] INFO  s.d.s.w.r.o.CachingOperationNameGenerator - [startingWith,41] - Generating unique operation named: addUsingPOST_98
19:29:40.774 [main] INFO  s.d.s.w.r.o.CachingOperationNameGenerator - [startingWith,41] - Generating unique operation named: editUsingPUT_98
19:29:40.778 [main] INFO  s.d.s.w.r.o.CachingOperationNameGenerator - [startingWith,41] - Generating unique operation named: exportUsingGET_109
19:29:40.785 [main] INFO  s.d.s.w.r.o.CachingOperationNameGenerator - [startingWith,41] - Generating unique operation named: getInfoUsingGET_104
19:29:40.789 [main] INFO  s.d.s.w.r.o.CachingOperationNameGenerator - [startingWith,41] - Generating unique operation named: removeUsingDELETE_97
19:29:40.793 [main] INFO  s.d.s.w.r.o.CachingOperationNameGenerator - [startingWith,41] - Generating unique operation named: listUsingGET_109
19:29:40.799 [main] INFO  s.d.s.w.r.o.CachingOperationNameGenerator - [startingWith,41] - Generating unique operation named: addUsingPOST_99
19:29:40.803 [main] INFO  s.d.s.w.r.o.CachingOperationNameGenerator - [startingWith,41] - Generating unique operation named: editUsingPUT_99
19:29:40.810 [main] INFO  s.d.s.w.r.o.CachingOperationNameGenerator - [startingWith,41] - Generating unique operation named: exportUsingGET_110
19:29:40.816 [main] INFO  s.d.s.w.r.o.CachingOperationNameGenerator - [startingWith,41] - Generating unique operation named: getInfoUsingGET_105
19:29:40.826 [main] INFO  s.d.s.w.r.o.CachingOperationNameGenerator - [startingWith,41] - Generating unique operation named: removeUsingDELETE_98
19:29:40.830 [main] INFO  s.d.s.w.r.o.CachingOperationNameGenerator - [startingWith,41] - Generating unique operation named: listUsingGET_110
19:29:40.837 [main] INFO  s.d.s.w.r.o.CachingOperationNameGenerator - [startingWith,41] - Generating unique operation named: addUsingPOST_100
19:29:40.842 [main] INFO  s.d.s.w.r.o.CachingOperationNameGenerator - [startingWith,41] - Generating unique operation named: editUsingPUT_100
19:29:40.848 [main] INFO  s.d.s.w.r.o.CachingOperationNameGenerator - [startingWith,41] - Generating unique operation named: exportUsingGET_111
19:29:40.853 [main] INFO  s.d.s.w.r.o.CachingOperationNameGenerator - [startingWith,41] - Generating unique operation named: getInfoUsingGET_106
19:29:40.857 [main] INFO  s.d.s.w.r.o.CachingOperationNameGenerator - [startingWith,41] - Generating unique operation named: removeUsingDELETE_99
19:29:40.862 [main] INFO  s.d.s.w.r.o.CachingOperationNameGenerator - [startingWith,41] - Generating unique operation named: listUsingGET_111
19:29:40.879 [main] INFO  o.a.c.h.Http11NioProtocol - [log,173] - Starting ProtocolHandler ["http-nio-9090"]
19:29:40.904 [main] INFO  c.neu.NeuApplication - [logStarted,61] - Started NeuApplication in 18.962 seconds (JVM running for 19.449)
19:29:41.893 [Quartz Scheduler [RuoyiScheduler]] INFO  o.q.c.QuartzScheduler - [start,547] - Scheduler RuoyiScheduler_$_LAPTOP-802K4BVQ1778758172516 started.
19:29:55.212 [http-nio-9090-exec-2] INFO  o.a.c.c.C.[.[.[/] - [log,173] - Initializing Spring DispatcherServlet 'dispatcherServlet'
19:36:51.559 [schedule-pool-1] INFO  sys-user - [run,56] - [127.0.0.1]内网IP[admin][Logout][退出成功]
19:36:57.867 [schedule-pool-1] INFO  sys-user - [run,56] - [127.0.0.1]内网IP[admin][Success][登录成功]
21:17:18.875 [background-preinit] INFO  o.h.v.i.util.Version - [<clinit>,21] - HV000001: Hibernate Validator 6.0.21.Final
21:17:18.893 [main] INFO  c.neu.NeuApplication - [logStarting,55] - Starting NeuApplication on LAPTOP-802K4BVQ with PID 31008 (D:\Users\002\Desktop\后端\neu-admin\target\carbon.jar started by 002 in C:\Users\002\.openclaw\workspace)
21:17:18.894 [main] INFO  c.neu.NeuApplication - [logStartupProfileInfo,655] - The following profiles are active: druid
21:17:22.599 [main] INFO  o.a.c.h.Http11NioProtocol - [log,173] - Initializing ProtocolHandler ["http-nio-9090"]
21:17:22.600 [main] INFO  o.a.c.c.StandardService - [log,173] - Starting service [Tomcat]
21:17:22.600 [main] INFO  o.a.c.c.StandardEngine - [log,173] - Starting Servlet engine: [Apache Tomcat/9.0.41]
21:17:22.686 [main] INFO  o.a.c.c.C.[.[.[/] - [log,173] - Initializing Spring embedded WebApplicationContext
21:17:26.475 [main] INFO  c.a.d.p.DruidDataSource - [init,985] - {dataSource-1} inited
21:17:26.852 [main] INFO  i.l.c.EpollProvider - [<clinit>,68] - Starting without optional epoll library
21:17:26.854 [main] INFO  i.l.c.KqueueProvider - [<clinit>,70] - Starting without optional kqueue library
21:17:29.452 [main] INFO  o.q.i.StdSchedulerFactory - [instantiate,1220] - Using default implementation for ThreadExecutor
21:17:29.474 [main] INFO  o.q.c.SchedulerSignalerImpl - [<init>,61] - Initialized Scheduler Signaller of type: class org.quartz.core.SchedulerSignalerImpl
21:17:29.474 [main] INFO  o.q.c.QuartzScheduler - [<init>,229] - Quartz Scheduler v.2.3.2 created.
21:17:29.480 [main] INFO  o.q.c.QuartzScheduler - [initialize,294] - Scheduler meta-data: Quartz Scheduler (v2.3.2) 'RuoyiScheduler' with instanceId 'LAPTOP-802K4BVQ1778764649454'
  Scheduler class: 'org.quartz.core.QuartzScheduler' - running locally.
  NOT STARTED.
  Currently in standby mode.
  Number of jobs executed: 0
  Using thread pool 'org.quartz.simpl.SimpleThreadPool' - with 20 threads.
  Using job-store 'org.springframework.scheduling.quartz.LocalDataSourceJobStore' - which supports persistence. and is clustered.

21:17:29.481 [main] INFO  o.q.i.StdSchedulerFactory - [instantiate,1374] - Quartz scheduler 'RuoyiScheduler' initialized from an externally provided properties instance.
21:17:29.481 [main] INFO  o.q.i.StdSchedulerFactory - [instantiate,1378] - Quartz scheduler version: 2.3.2
21:17:29.482 [main] INFO  o.q.c.QuartzScheduler - [setJobFactory,2293] - JobFactory set to: org.springframework.scheduling.quartz.AdaptableJobFactory@1ad777f
21:17:32.063 [main] INFO  s.d.s.w.WebMvcPropertySourcedRequestMappingHandlerMapping - [initHandlerMethods,69] - Mapped URL path [/v2/api-docs] onto method [springfox.documentation.swagger2.web.Swagger2ControllerWebMvc#getDocumentation(String, HttpServletRequest)]
21:17:33.142 [main] INFO  s.d.s.w.p.DocumentationPluginsBootstrapper - [start,93] - Documentation plugins bootstrapped
21:17:33.148 [main] INFO  s.d.s.w.p.DocumentationPluginsBootstrapper - [bootstrapDocumentationPlugins,79] - Found 1 custom documentation plugin(s)
21:17:33.489 [main] INFO  s.d.s.w.s.ApiListingReferenceScanner - [scan,44] - Scanning for api listing references
21:17:33.880 [main] INFO  s.d.s.w.r.o.CachingOperationNameGenerator - [startingWith,41] - Generating unique operation named: getInfoUsingGET_1
21:17:33.918 [main] INFO  s.d.s.w.r.o.CachingOperationNameGenerator - [startingWith,41] - Generating unique operation named: addUsingPOST_1
21:17:33.924 [main] INFO  s.d.s.w.r.o.CachingOperationNameGenerator - [startingWith,41] - Generating unique operation named: editUsingPUT_1
21:17:33.950 [main] INFO  s.d.s.w.r.o.CachingOperationNameGenerator - [startingWith,41] - Generating unique operation named: exportUsingGET_1
21:17:33.974 [main] INFO  s.d.s.w.r.o.CachingOperationNameGenerator - [startingWith,41] - Generating unique operation named: getInfoUsingGET_2
21:17:33.980 [main] INFO  s.d.s.w.r.o.CachingOperationNameGenerator - [startingWith,41] - Generating unique operation named: removeUsingDELETE_1
21:17:34.007 [main] INFO  s.d.s.w.r.o.CachingOperationNameGenerator - [startingWith,41] - Generating unique operation named: listUsingGET_1
21:17:34.014 [main] INFO  s.d.s.w.r.o.CachingOperationNameGenerator - [startingWith,41] - Generating unique operation named: addUsingPOST_2
21:17:34.019 [main] INFO  s.d.s.w.r.o.CachingOperationNameGenerator - [startingWith,41] - Generating unique operation named: editUsingPUT_2
21:17:34.024 [main] INFO  s.d.s.w.r.o.CachingOperationNameGenerator - [startingWith,41] - Generating unique operation named: exportUsingGET_2
21:17:34.028 [main] INFO  s.d.s.w.r.o.CachingOperationNameGenerator - [startingWith,41] - Generating unique operation named: getInfoUsingGET_3
21:17:34.031 [main] INFO  s.d.s.w.r.o.CachingOperationNameGenerator - [startingWith,41] - Generating unique operation named: removeUsingDELETE_2
21:17:34.035 [main] INFO  s.d.s.w.r.o.CachingOperationNameGenerator - [startingWith,41] - Generating unique operation named: listUsingGET_2
21:17:34.055 [main] INFO  s.d.s.w.r.o.CachingOperationNameGenerator - [startingWith,41] - Generating unique operation named: addUsingPOST_3
21:17:34.059 [main] INFO  s.d.s.w.r.o.CachingOperationNameGenerator - [startingWith,41] - Generating unique operation named: editUsingPUT_3
21:17:34.066 [main] INFO  s.d.s.w.r.o.CachingOperationNameGenerator - [startingWith,41] - Generating unique operation named: exportUsingGET_3
21:17:34.079 [main] INFO  s.d.s.w.r.o.CachingOperationNameGenerator - [startingWith,41] - Generating unique operation named: frontGetInfoUsingGET_1
21:17:34.084 [main] INFO  s.d.s.w.r.o.CachingOperationNameGenerator - [startingWith,41] - Generating unique operation named: getInfoUsingGET_4
21:17:34.088 [main] INFO  s.d.s.w.r.o.CachingOperationNameGenerator - [startingWith,41] - Generating unique operation named: removeUsingDELETE_3
21:17:34.093 [main] INFO  s.d.s.w.r.o.CachingOperationNameGenerator - [startingWith,41] - Generating unique operation named: frontListUsingGET_1
21:17:34.098 [main] INFO  s.d.s.w.r.o.CachingOperationNameGenerator - [startingWith,41] - Generating unique operation named: listUsingGET_3
21:17:34.105 [main] INFO  s.d.s.w.r.o.CachingOperationNameGenerator - [startingWith,41] - Generating unique operation named: addUsingPOST_4
21:17:34.109 [main] INFO  s.d.s.w.r.o.CachingOperationNameGenerator - [startingWith,41] - Generating unique operation named: editUsingPUT_4
21:17:34.113 [main] INFO  s.d.s.w.r.o.CachingOperationNameGenerator - [startingWith,41] - Generating unique operation named: exportUsingGET_4
21:17:34.118 [main] INFO  s.d.s.w.r.o.CachingOperationNameGenerator - [startingWith,41] - Generating unique operation named: getInfoUsingGET_5
21:17:34.122 [main] INFO  s.d.s.w.r.o.CachingOperationNameGenerator - [startingWith,41] - Generating unique operation named: removeUsingDELETE_4
21:17:34.127 [main] INFO  s.d.s.w.r.o.CachingOperationNameGenerator - [startingWith,41] - Generating unique operation named: listUsingGET_4
21:17:34.132 [main] INFO  s.d.s.w.r.o.CachingOperationNameGenerator - [startingWith,41] - Generating unique operation named: addUsingPOST_5
21:17:34.135 [main] INFO  s.d.s.w.r.o.CachingOperationNameGenerator - [startingWith,41] - Generating unique operation named: editUsingPUT_5
21:17:34.144 [main] INFO  s.d.s.w.r.o.CachingOperationNameGenerator - [startingWith,41] - Generating unique operation named: exportUsingGET_5
21:17:34.151 [main] INFO  s.d.s.w.r.o.CachingOperationNameGenerator - [startingWith,41] - Generating unique operation named: frontGetInfoUsingGET_2
21:17:34.156 [main] INFO  s.d.s.w.r.o.CachingOperationNameGenerator - [startingWith,41] - Generating unique operation named: getInfoUsingGET_6
21:17:34.160 [main] INFO  s.d.s.w.r.o.CachingOperationNameGenerator - [startingWith,41] - Generating unique operation named: removeUsingDELETE_5
21:17:34.169 [main] INFO  s.d.s.w.r.o.CachingOperationNameGenerator - [startingWith,41] - Generating unique operation named: frontListUsingGET_2
21:17:34.178 [main] INFO  s.d.s.w.r.o.CachingOperationNameGenerator - [startingWith,41] - Generating unique operation named: listUsingGET_5
21:17:34.186 [main] INFO  s.d.s.w.r.o.CachingOperationNameGenerator - [startingWith,41] - Generating unique operation named: addUsingPOST_6
21:17:34.190 [main] INFO  s.d.s.w.r.o.CachingOperationNameGenerator - [startingWith,41] - Generating unique operation named: editUsingPUT_6
21:17:34.195 [main] INFO  s.d.s.w.r.o.CachingOperationNameGenerator - [startingWith,41] - Generating unique operation named: exportUsingGET_6
21:17:34.201 [main] INFO  s.d.s.w.r.o.CachingOperationNameGenerator - [startingWith,41] - Generating unique operation named: getInfoUsingGET_7
21:17:34.205 [main] INFO  s.d.s.w.r.o.CachingOperationNameGenerator - [startingWith,41] - Generating unique operation named: removeUsingDELETE_6
21:17:34.210 [main] INFO  s.d.s.w.r.o.CachingOperationNameGenerator - [startingWith,41] - Generating unique operation named: listUsingGET_6
21:17:34.217 [main] INFO  s.d.s.w.r.o.CachingOperationNameGenerator - [startingWith,41] - Generating unique operation named: addUsingPOST_7
21:17:34.221 [main] INFO  s.d.s.w.r.o.CachingOperationNameGenerator - [startingWith,41] - Generating unique operation named: editUsingPUT_7
21:17:34.224 [main] INFO  s.d.s.w.r.o.CachingOperationNameGenerator - [startingWith,41] - Generating unique operation named: exportUsingGET_7
21:17:34.229 [main] INFO  s.d.s.w.r.o.CachingOperationNameGenerator - [startingWith,41] - Generating unique operation named: frontAddUsingPOST_1
21:17:34.234 [main] INFO  s.d.s.w.r.o.CachingOperationNameGenerator - [startingWith,41] - Generating unique operation named: frontGetInfoUsingGET_3
21:17:34.239 [main] INFO  s.d.s.w.r.o.CachingOperationNameGenerator - [startingWith,41] - Generating unique operation named: getInfoUsingGET_8
21:17:34.243 [main] INFO  s.d.s.w.r.o.CachingOperationNameGenerator - [startingWith,41] - Generating unique operation named: removeUsingDELETE_7
21:17:34.247 [main] INFO  s.d.s.w.r.o.CachingOperationNameGenerator - [startingWith,41] - Generating unique operation named: frontListUsingGET_3
21:17:34.252 [main] INFO  s.d.s.w.r.o.CachingOperationNameGenerator - [startingWith,41] - Generating unique operation named: listUsingGET_7
21:17:34.260 [main] INFO  s.d.s.w.r.o.CachingOperationNameGenerator - [startingWith,41] - Generating unique operation named: addUsingPOST_8
21:17:34.264 [main] INFO  s.d.s.w.r.o.CachingOperationNameGenerator - [startingWith,41] - Generating unique operation named: editUsingPUT_8
21:17:34.271 [main] INFO  s.d.s.w.r.o.CachingOperationNameGenerator - [startingWith,41] - Generating unique operation named: exportUsingGET_8
21:17:34.276 [main] INFO  s.d.s.w.r.o.CachingOperationNameGenerator - [startingWith,41] - Generating unique operation named: frontGetInfoUsingGET_4
21:17:34.279 [main] INFO  s.d.s.w.r.o.CachingOperationNameGenerator - [startingWith,41] - Generating unique operation named: getInfoUsingGET_9
21:17:34.282 [main] INFO  s.d.s.w.r.o.CachingOperationNameGenerator - [startingWith,41] - Generating unique operation named: removeUsingDELETE_8
21:17:34.287 [main] INFO  s.d.s.w.r.o.CachingOperationNameGenerator - [startingWith,41] - Generating unique operation named: frontListUsingGET_4
21:17:34.293 [main] INFO  s.d.s.w.r.o.CachingOperationNameGenerator - [startingWith,41] - Generating unique operation named: listUsingGET_8
21:17:34.302 [main] INFO  s.d.s.w.r.o.CachingOperationNameGenerator - [startingWith,41] - Generating unique operation named: addUsingPOST_9
21:17:34.306 [main] INFO  s.d.s.w.r.o.CachingOperationNameGenerator - [startingWith,41] - Generating unique operation named: editUsingPUT_9
21:17:34.312 [main] INFO  s.d.s.w.r.o.CachingOperationNameGenerator - [startingWith,41] - Generating unique operation named: exportUsingGET_9
21:17:34.321 [main] INFO  s.d.s.w.r.o.CachingOperationNameGenerator - [startingWith,41] - Generating unique operation named: frontGetInfoUsingGET_5
21:17:34.326 [main] INFO  s.d.s.w.r.o.CachingOperationNameGenerator - [startingWith,41] - Generating unique operation named: getInfoUsingGET_10
21:17:34.339 [main] INFO  s.d.s.w.r.o.CachingOperationNameGenerator - [startingWith,41] - Generating unique operation named: removeUsingDELETE_9
21:17:34.345 [main] INFO  s.d.s.w.r.o.CachingOperationNameGenerator - [startingWith,41] - Generating unique operation named: frontListUsingGET_5
21:17:34.349 [main] INFO  s.d.s.w.r.o.CachingOperationNameGenerator - [startingWith,41] - Generating unique operation named: listUsingGET_9
21:17:34.357 [main] INFO  s.d.s.w.r.o.CachingOperationNameGenerator - [startingWith,41] - Generating unique operation named: addUsingPOST_10
21:17:34.360 [main] INFO  s.d.s.w.r.o.CachingOperationNameGenerator - [startingWith,41] - Generating unique operation named: editUsingPUT_10
21:17:34.365 [main] INFO  s.d.s.w.r.o.CachingOperationNameGenerator - [startingWith,41] - Generating unique operation named: exportUsingGET_10
21:17:34.376 [main] INFO  s.d.s.w.r.o.CachingOperationNameGenerator - [startingWith,41] - Generating unique operation named: getInfoUsingGET_11
21:17:34.386 [main] INFO  s.d.s.w.r.o.CachingOperationNameGenerator - [startingWith,41] - Generating unique operation named: removeUsingDELETE_10
21:17:34.392 [main] INFO  s.d.s.w.r.o.CachingOperationNameGenerator - [startingWith,41] - Generating unique operation named: listUsingGET_10
21:17:34.399 [main] INFO  s.d.s.w.r.o.CachingOperationNameGenerator - [startingWith,41] - Generating unique operation named: addUsingPOST_11
21:17:34.403 [main] INFO  s.d.s.w.r.o.CachingOperationNameGenerator - [startingWith,41] - Generating unique operation named: editUsingPUT_11
21:17:34.411 [main] INFO  s.d.s.w.r.o.CachingOperationNameGenerator - [startingWith,41] - Generating unique operation named: exportUsingGET_11
21:17:34.416 [main] INFO  s.d.s.w.r.o.CachingOperationNameGenerator - [startingWith,41] - Generating unique operation named: getInfoUsingGET_12
21:17:34.419 [main] INFO  s.d.s.w.r.o.CachingOperationNameGenerator - [startingWith,41] - Generating unique operation named: removeUsingDELETE_11
21:17:34.423 [main] INFO  s.d.s.w.r.o.CachingOperationNameGenerator - [startingWith,41] - Generating unique operation named: listUsingGET_11
21:17:34.431 [main] INFO  s.d.s.w.r.o.CachingOperationNameGenerator - [startingWith,41] - Generating unique operation named: addUsingPOST_12
21:17:34.437 [main] INFO  s.d.s.w.r.o.CachingOperationNameGenerator - [startingWith,41] - Generating unique operation named: editUsingPUT_12
21:17:34.443 [main] INFO  s.d.s.w.r.o.CachingOperationNameGenerator - [startingWith,41] - Generating unique operation named: exportUsingGET_12
21:17:34.449 [main] INFO  s.d.s.w.r.o.CachingOperationNameGenerator - [startingWith,41] - Generating unique operation named: frontGetInfoUsingGET_6
21:17:34.455 [main] INFO  s.d.s.w.r.o.CachingOperationNameGenerator - [startingWith,41] - Generating unique operation named: getInfoUsingGET_13
21:17:34.458 [main] INFO  s.d.s.w.r.o.CachingOperationNameGenerator - [startingWith,41] - Generating unique operation named: removeUsingDELETE_12
21:17:34.463 [main] INFO  s.d.s.w.r.o.CachingOperationNameGenerator - [startingWith,41] - Generating unique operation named: frontListUsingGET_6
21:17:34.466 [main] INFO  s.d.s.w.r.o.CachingOperationNameGenerator - [startingWith,41] - Generating unique operation named: listUsingGET_12
21:17:34.475 [main] INFO  s.d.s.w.r.o.CachingOperationNameGenerator - [startingWith,41] - Generating unique operation named: addUsingPOST_13
21:17:34.479 [main] INFO  s.d.s.w.r.o.CachingOperationNameGenerator - [startingWith,41] - Generating unique operation named: editUsingPUT_13
21:17:34.486 [main] INFO  s.d.s.w.r.o.CachingOperationNameGenerator - [startingWith,41] - Generating unique operation named: exportUsingGET_13
21:17:34.493 [main] INFO  s.d.s.w.r.o.CachingOperationNameGenerator - [startingWith,41] - Generating unique operation named: frontGetInfoUsingGET_7
21:17:34.496 [main] INFO  s.d.s.w.r.o.CachingOperationNameGenerator - [startingWith,41] - Generating unique operation named: getInfoUsingGET_14
21:17:34.498 [main] INFO  s.d.s.w.r.o.CachingOperationNameGenerator - [startingWith,41] - Generating unique operation named: removeUsingDELETE_13
21:17:34.501 [main] INFO  s.d.s.w.r.o.CachingOperationNameGenerator - [startingWith,41] - Generating unique operation named: frontListUsingGET_7
21:17:34.507 [main] INFO  s.d.s.w.r.o.CachingOperationNameGenerator - [startingWith,41] - Generating unique operation named: listUsingGET_13
21:17:34.510 [main] INFO  s.d.s.w.r.o.CachingOperationNameGenerator - [startingWith,41] - Generating unique operation named: addUsingPOST_14
21:17:34.513 [main] INFO  s.d.s.w.r.o.CachingOperationNameGenerator - [startingWith,41] - Generating unique operation named: editUsingPUT_14
21:17:34.516 [main] INFO  s.d.s.w.r.o.CachingOperationNameGenerator - [startingWith,41] - Generating unique operation named: exportUsingGET_14
21:17:34.518 [main] INFO  s.d.s.w.r.o.CachingOperationNameGenerator - [startingWith,41] - Generating unique operation named: getInfoUsingGET_15
21:17:34.521 [main] INFO  s.d.s.w.r.o.CachingOperationNameGenerator - [startingWith,41] - Generating unique operation named: removeUsingDELETE_14
21:17:34.525 [main] INFO  s.d.s.w.r.o.CachingOperationNameGenerator - [startingWith,41] - Generating unique operation named: listUsingGET_14
21:17:34.540 [main] INFO  s.d.s.w.r.o.CachingOperationNameGenerator - [startingWith,41] - Generating unique operation named: addUsingPOST_15
21:17:34.544 [main] INFO  s.d.s.w.r.o.CachingOperationNameGenerator - [startingWith,41] - Generating unique operation named: editUsingPUT_15
21:17:34.549 [main] INFO  s.d.s.w.r.o.CachingOperationNameGenerator - [startingWith,41] - Generating unique operation named: exportUsingGET_15
21:17:34.555 [main] INFO  s.d.s.w.r.o.CachingOperationNameGenerator - [startingWith,41] - Generating unique operation named: getInfoUsingGET_16
21:17:34.560 [main] INFO  s.d.s.w.r.o.CachingOperationNameGenerator - [startingWith,41] - Generating unique operation named: removeUsingDELETE_15
21:17:34.565 [main] INFO  s.d.s.w.r.o.CachingOperationNameGenerator - [startingWith,41] - Generating unique operation named: listUsingGET_15
21:17:34.574 [main] INFO  s.d.s.w.r.o.CachingOperationNameGenerator - [startingWith,41] - Generating unique operation named: addUsingPOST_16
21:17:34.578 [main] INFO  s.d.s.w.r.o.CachingOperationNameGenerator - [startingWith,41] - Generating unique operation named: editUsingPUT_16
21:17:34.586 [main] INFO  s.d.s.w.r.o.CachingOperationNameGenerator - [startingWith,41] - Generating unique operation named: exportUsingGET_16
21:17:34.594 [main] INFO  s.d.s.w.r.o.CachingOperationNameGenerator - [startingWith,41] - Generating unique operation named: getInfoUsingGET_17
21:17:34.597 [main] INFO  s.d.s.w.r.o.CachingOperationNameGenerator - [startingWith,41] - Generating unique operation named: removeUsingDELETE_16
21:17:34.600 [main] INFO  s.d.s.w.r.o.CachingOperationNameGenerator - [startingWith,41] - Generating unique operation named: listUsingGET_16
21:17:34.606 [main] INFO  s.d.s.w.r.o.CachingOperationNameGenerator - [startingWith,41] - Generating unique operation named: addUsingPOST_17
21:17:34.609 [main] INFO  s.d.s.w.r.o.CachingOperationNameGenerator - [startingWith,41] - Generating unique operation named: editUsingPUT_17
21:17:34.615 [main] INFO  s.d.s.w.r.o.CachingOperationNameGenerator - [startingWith,41] - Generating unique operation named: exportUsingGET_17
21:17:34.620 [main] INFO  s.d.s.w.r.o.CachingOperationNameGenerator - [startingWith,41] - Generating unique operation named: getInfoUsingGET_18
21:17:34.625 [main] INFO  s.d.s.w.r.o.CachingOperationNameGenerator - [startingWith,41] - Generating unique operation named: removeUsingDELETE_17
21:17:34.630 [main] INFO  s.d.s.w.r.o.CachingOperationNameGenerator - [startingWith,41] - Generating unique operation named: listUsingGET_17
21:17:34.636 [main] INFO  s.d.s.w.r.o.CachingOperationNameGenerator - [startingWith,41] - Generating unique operation named: addUsingPOST_18
21:17:34.641 [main] INFO  s.d.s.w.r.o.CachingOperationNameGenerator - [startingWith,41] - Generating unique operation named: editUsingPUT_18
21:17:34.668 [main] INFO  s.d.s.w.r.o.CachingOperationNameGenerator - [startingWith,41] - Generating unique operation named: exportUsingGET_18
21:17:34.674 [main] INFO  s.d.s.w.r.o.CachingOperationNameGenerator - [startingWith,41] - Generating unique operation named: getInfoUsingGET_19
21:17:34.678 [main] INFO  s.d.s.w.r.o.CachingOperationNameGenerator - [startingWith,41] - Generating unique operation named: removeUsingDELETE_18
21:17:34.683 [main] INFO  s.d.s.w.r.o.CachingOperationNameGenerator - [startingWith,41] - Generating unique operation named: listUsingGET_18
21:17:34.695 [main] INFO  s.d.s.w.r.o.CachingOperationNameGenerator - [startingWith,41] - Generating unique operation named: addUsingPOST_19
21:17:34.702 [main] INFO  s.d.s.w.r.o.CachingOperationNameGenerator - [startingWith,41] - Generating unique operation named: editUsingPUT_19
21:17:34.709 [main] INFO  s.d.s.w.r.o.CachingOperationNameGenerator - [startingWith,41] - Generating unique operation named: exportUsingGET_19
21:17:34.714 [main] INFO  s.d.s.w.r.o.CachingOperationNameGenerator - [startingWith,41] - Generating unique operation named: removeUsingDELETE_19
21:17:34.722 [main] INFO  s.d.s.w.r.o.CachingOperationNameGenerator - [startingWith,41] - Generating unique operation named: getInfoUsingGET_20
21:17:34.728 [main] INFO  s.d.s.w.r.o.CachingOperationNameGenerator - [startingWith,41] - Generating unique operation named: listUsingGET_19
21:17:34.733 [main] INFO  s.d.s.w.r.o.CachingOperationNameGenerator - [startingWith,41] - Generating unique operation named: addUsingPOST_20
21:17:34.737 [main] INFO  s.d.s.w.r.o.CachingOperationNameGenerator - [startingWith,41] - Generating unique operation named: editUsingPUT_20
21:17:34.743 [main] INFO  s.d.s.w.r.o.CachingOperationNameGenerator - [startingWith,41] - Generating unique operation named: exportUsingGET_20
21:17:34.748 [main] INFO  s.d.s.w.r.o.CachingOperationNameGenerator - [startingWith,41] - Generating unique operation named: getInfoUsingGET_21
21:17:34.751 [main] INFO  s.d.s.w.r.o.CachingOperationNameGenerator - [startingWith,41] - Generating unique operation named: removeUsingDELETE_20
21:17:34.756 [main] INFO  s.d.s.w.r.o.CachingOperationNameGenerator - [startingWith,41] - Generating unique operation named: listUsingGET_20
21:17:34.766 [main] INFO  s.d.s.w.r.o.CachingOperationNameGenerator - [startingWith,41] - Generating unique operation named: addUsingPOST_21
21:17:34.772 [main] INFO  s.d.s.w.r.o.CachingOperationNameGenerator - [startingWith,41] - Generating unique operation named: getInfoUsingGET_22
21:17:34.799 [main] INFO  s.d.s.w.r.o.CachingOperationNameGenerator - [startingWith,41] - Generating unique operation named: addUsingPOST_22
21:17:34.811 [main] INFO  s.d.s.w.r.o.CachingOperationNameGenerator - [startingWith,41] - Generating unique operation named: commentListUsingGET_1
21:17:34.816 [main] INFO  s.d.s.w.r.o.CachingOperationNameGenerator - [startingWith,41] - Generating unique operation named: editUsingPUT_21
21:17:34.822 [main] INFO  s.d.s.w.r.o.CachingOperationNameGenerator - [startingWith,41] - Generating unique operation named: getInfoUsingGET_23
21:17:34.825 [main] INFO  s.d.s.w.r.o.CachingOperationNameGenerator - [startingWith,41] - Generating unique operation named: likeUsingPOST_1
21:17:34.828 [main] INFO  s.d.s.w.r.o.CachingOperationNameGenerator - [startingWith,41] - Generating unique operation named: removeUsingDELETE_21
21:17:34.844 [main] INFO  s.d.s.w.r.o.CachingOperationNameGenerator - [startingWith,41] - Generating unique operation named: listUsingGET_21
21:17:34.877 [main] INFO  s.d.s.w.r.o.CachingOperationNameGenerator - [startingWith,41] - Generating unique operation named: frontListUsingGET_8
21:17:34.918 [main] INFO  s.d.s.w.r.o.CachingOperationNameGenerator - [startingWith,41] - Generating unique operation named: addUsingPOST_23
21:17:34.924 [main] INFO  s.d.s.w.r.o.CachingOperationNameGenerator - [startingWith,41] - Generating unique operation named: editUsingPUT_22
21:17:34.931 [main] INFO  s.d.s.w.r.o.CachingOperationNameGenerator - [startingWith,41] - Generating unique operation named: exportUsingGET_21
21:17:34.937 [main] INFO  s.d.s.w.r.o.CachingOperationNameGenerator - [startingWith,41] - Generating unique operation named: getInfoUsingGET_24
21:17:34.942 [main] INFO  s.d.s.w.r.o.CachingOperationNameGenerator - [startingWith,41] - Generating unique operation named: removeUsingDELETE_22
21:17:34.947 [main] INFO  s.d.s.w.r.o.CachingOperationNameGenerator - [startingWith,41] - Generating unique operation named: listUsingGET_22
21:17:34.953 [main] INFO  s.d.s.w.r.o.CachingOperationNameGenerator - [startingWith,41] - Generating unique operation named: addUsingPOST_24
21:17:34.957 [main] INFO  s.d.s.w.r.o.CachingOperationNameGenerator - [startingWith,41] - Generating unique operation named: editUsingPUT_23
21:17:34.961 [main] INFO  s.d.s.w.r.o.CachingOperationNameGenerator - [startingWith,41] - Generating unique operation named: exportUsingGET_22
21:17:34.966 [main] INFO  s.d.s.w.r.o.CachingOperationNameGenerator - [startingWith,41] - Generating unique operation named: getInfoUsingGET_25
21:17:34.972 [main] INFO  s.d.s.w.r.o.CachingOperationNameGenerator - [startingWith,41] - Generating unique operation named: removeUsingDELETE_23
21:17:34.976 [main] INFO  s.d.s.w.r.o.CachingOperationNameGenerator - [startingWith,41] - Generating unique operation named: listUsingGET_23
21:17:34.982 [main] INFO  s.d.s.w.r.o.CachingOperationNameGenerator - [startingWith,41] - Generating unique operation named: addUsingPOST_25
21:17:34.987 [main] INFO  s.d.s.w.r.o.CachingOperationNameGenerator - [startingWith,41] - Generating unique operation named: editUsingPUT_24
21:17:34.993 [main] INFO  s.d.s.w.r.o.CachingOperationNameGenerator - [startingWith,41] - Generating unique operation named: exportUsingGET_23
21:17:34.999 [main] INFO  s.d.s.w.r.o.CachingOperationNameGenerator - [startingWith,41] - Generating unique operation named: getInfoUsingGET_26
21:17:35.004 [main] INFO  s.d.s.w.r.o.CachingOperationNameGenerator - [startingWith,41] - Generating unique operation named: removeUsingDELETE_24
21:17:35.008 [main] INFO  s.d.s.w.r.o.CachingOperationNameGenerator - [startingWith,41] - Generating unique operation named: listUsingGET_24
21:17:35.015 [main] INFO  s.d.s.w.r.o.CachingOperationNameGenerator - [startingWith,41] - Generating unique operation named: addUsingPOST_26
21:17:35.020 [main] INFO  s.d.s.w.r.o.CachingOperationNameGenerator - [startingWith,41] - Generating unique operation named: editUsingPUT_25
21:17:35.027 [main] INFO  s.d.s.w.r.o.CachingOperationNameGenerator - [startingWith,41] - Generating unique operation named: exportUsingGET_24
21:17:35.032 [main] INFO  s.d.s.w.r.o.CachingOperationNameGenerator - [startingWith,41] - Generating unique operation named: getInfoUsingGET_27
21:17:35.035 [main] INFO  s.d.s.w.r.o.CachingOperationNameGenerator - [startingWith,41] - Generating unique operation named: removeUsingDELETE_25
21:17:35.041 [main] INFO  s.d.s.w.r.o.CachingOperationNameGenerator - [startingWith,41] - Generating unique operation named: listUsingGET_25
21:17:35.045 [main] INFO  s.d.s.w.r.o.CachingOperationNameGenerator - [startingWith,41] - Generating unique operation named: addUsingPOST_27
21:17:35.050 [main] INFO  s.d.s.w.r.o.CachingOperationNameGenerator - [startingWith,41] - Generating unique operation named: editUsingPUT_26
21:17:35.055 [main] INFO  s.d.s.w.r.o.CachingOperationNameGenerator - [startingWith,41] - Generating unique operation named: exportUsingGET_25
21:17:35.059 [main] INFO  s.d.s.w.r.o.CachingOperationNameGenerator - [startingWith,41] - Generating unique operation named: getInfoUsingGET_28
21:17:35.063 [main] INFO  s.d.s.w.r.o.CachingOperationNameGenerator - [startingWith,41] - Generating unique operation named: removeUsingDELETE_26
21:17:35.068 [main] INFO  s.d.s.w.r.o.CachingOperationNameGenerator - [startingWith,41] - Generating unique operation named: listUsingGET_26
21:17:35.076 [main] INFO  s.d.s.w.r.o.CachingOperationNameGenerator - [startingWith,41] - Generating unique operation named: addUsingPOST_28
21:17:35.080 [main] INFO  s.d.s.w.r.o.CachingOperationNameGenerator - [startingWith,41] - Generating unique operation named: editUsingPUT_27
21:17:35.086 [main] INFO  s.d.s.w.r.o.CachingOperationNameGenerator - [startingWith,41] - Generating unique operation named: exportUsingGET_26
21:17:35.093 [main] INFO  s.d.s.w.r.o.CachingOperationNameGenerator - [startingWith,41] - Generating unique operation named: getInfoUsingGET_29
21:17:35.098 [main] INFO  s.d.s.w.r.o.CachingOperationNameGenerator - [startingWith,41] - Generating unique operation named: removeUsingDELETE_27
21:17:35.103 [main] INFO  s.d.s.w.r.o.CachingOperationNameGenerator - [startingWith,41] - Generating unique operation named: listUsingGET_27
21:17:35.110 [main] INFO  s.d.s.w.r.o.CachingOperationNameGenerator - [startingWith,41] - Generating unique operation named: addUsingPOST_29
21:17:35.115 [main] INFO  s.d.s.w.r.o.CachingOperationNameGenerator - [startingWith,41] - Generating unique operation named: editUsingPUT_28
21:17:35.121 [main] INFO  s.d.s.w.r.o.CachingOperationNameGenerator - [startingWith,41] - Generating unique operation named: exportUsingGET_27
21:17:35.126 [main] INFO  s.d.s.w.r.o.CachingOperationNameGenerator - [startingWith,41] - Generating unique operation named: getInfoUsingGET_30
21:17:35.129 [main] INFO  s.d.s.w.r.o.CachingOperationNameGenerator - [startingWith,41] - Generating unique operation named: removeUsingDELETE_28
21:17:35.133 [main] INFO  s.d.s.w.r.o.CachingOperationNameGenerator - [startingWith,41] - Generating unique operation named: listUsingGET_28
21:17:35.141 [main] INFO  s.d.s.w.r.o.CachingOperationNameGenerator - [startingWith,41] - Generating unique operation named: addUsingPOST_30
21:17:35.144 [main] INFO  s.d.s.w.r.o.CachingOperationNameGenerator - [startingWith,41] - Generating unique operation named: editUsingPUT_29
21:17:35.148 [main] INFO  s.d.s.w.r.o.CachingOperationNameGenerator - [startingWith,41] - Generating unique operation named: exportUsingGET_28
21:17:35.152 [main] INFO  s.d.s.w.r.o.CachingOperationNameGenerator - [startingWith,41] - Generating unique operation named: getInfoUsingGET_31
21:17:35.154 [main] INFO  s.d.s.w.r.o.CachingOperationNameGenerator - [startingWith,41] - Generating unique operation named: removeUsingDELETE_29
21:17:35.158 [main] INFO  s.d.s.w.r.o.CachingOperationNameGenerator - [startingWith,41] - Generating unique operation named: listUsingGET_29
21:17:35.225 [main] INFO  s.d.s.w.r.o.CachingOperationNameGenerator - [startingWith,41] - Generating unique operation named: productListUsingGET_1
21:17:35.232 [main] INFO  s.d.s.w.r.o.CachingOperationNameGenerator - [startingWith,41] - Generating unique operation named: exportUsingGET_29
21:17:35.240 [main] INFO  s.d.s.w.r.o.CachingOperationNameGenerator - [startingWith,41] - Generating unique operation named: listUsingGET_30
21:17:35.246 [main] INFO  s.d.s.w.r.o.CachingOperationNameGenerator - [startingWith,41] - Generating unique operation named: addUsingPOST_31
21:17:35.255 [main] INFO  s.d.s.w.r.o.CachingOperationNameGenerator - [startingWith,41] - Generating unique operation named: editUsingPUT_30
21:17:35.262 [main] INFO  s.d.s.w.r.o.CachingOperationNameGenerator - [startingWith,41] - Generating unique operation named: exportUsingGET_30
21:17:35.270 [main] INFO  s.d.s.w.r.o.CachingOperationNameGenerator - [startingWith,41] - Generating unique operation named: getInfoUsingGET_32
21:17:35.274 [main] INFO  s.d.s.w.r.o.CachingOperationNameGenerator - [startingWith,41] - Generating unique operation named: removeUsingDELETE_30
21:17:35.279 [main] INFO  s.d.s.w.r.o.CachingOperationNameGenerator - [startingWith,41] - Generating unique operation named: listUsingGET_31
21:17:35.287 [main] INFO  s.d.s.w.r.o.CachingOperationNameGenerator - [startingWith,41] - Generating unique operation named: addUsingPOST_32
21:17:35.291 [main] INFO  s.d.s.w.r.o.CachingOperationNameGenerator - [startingWith,41] - Generating unique operation named: editUsingPUT_31
21:17:35.297 [main] INFO  s.d.s.w.r.o.CachingOperationNameGenerator - [startingWith,41] - Generating unique operation named: exportUsingGET_31
21:17:35.303 [main] INFO  s.d.s.w.r.o.CachingOperationNameGenerator - [startingWith,41] - Generating unique operation named: getInfoUsingGET_33
21:17:35.307 [main] INFO  s.d.s.w.r.o.CachingOperationNameGenerator - [startingWith,41] - Generating unique operation named: removeUsingDELETE_31
21:17:35.312 [main] INFO  s.d.s.w.r.o.CachingOperationNameGenerator - [startingWith,41] - Generating unique operation named: listUsingGET_32
21:17:35.318 [main] INFO  s.d.s.w.r.o.CachingOperationNameGenerator - [startingWith,41] - Generating unique operation named: addUsingPOST_33
21:17:35.322 [main] INFO  s.d.s.w.r.o.CachingOperationNameGenerator - [startingWith,41] - Generating unique operation named: editUsingPUT_32
21:17:35.327 [main] INFO  s.d.s.w.r.o.CachingOperationNameGenerator - [startingWith,41] - Generating unique operation named: exportUsingGET_32
21:17:35.332 [main] INFO  s.d.s.w.r.o.CachingOperationNameGenerator - [startingWith,41] - Generating unique operation named: getInfoUsingGET_34
21:17:35.335 [main] INFO  s.d.s.w.r.o.CachingOperationNameGenerator - [startingWith,41] - Generating unique operation named: removeUsingDELETE_32
21:17:35.339 [main] INFO  s.d.s.w.r.o.CachingOperationNameGenerator - [startingWith,41] - Generating unique operation named: listUsingGET_33
21:17:35.344 [main] INFO  s.d.s.w.r.o.CachingOperationNameGenerator - [startingWith,41] - Generating unique operation named: addUsingPOST_34
21:17:35.347 [main] INFO  s.d.s.w.r.o.CachingOperationNameGenerator - [startingWith,41] - Generating unique operation named: editUsingPUT_33
21:17:35.350 [main] INFO  s.d.s.w.r.o.CachingOperationNameGenerator - [startingWith,41] - Generating unique operation named: exportUsingGET_33
21:17:35.354 [main] INFO  s.d.s.w.r.o.CachingOperationNameGenerator - [startingWith,41] - Generating unique operation named: getInfoUsingGET_35
21:17:35.356 [main] INFO  s.d.s.w.r.o.CachingOperationNameGenerator - [startingWith,41] - Generating unique operation named: removeUsingDELETE_33
21:17:35.360 [main] INFO  s.d.s.w.r.o.CachingOperationNameGenerator - [startingWith,41] - Generating unique operation named: listUsingGET_34
21:17:35.366 [main] INFO  s.d.s.w.r.o.CachingOperationNameGenerator - [startingWith,41] - Generating unique operation named: addUsingPOST_35
21:17:35.370 [main] INFO  s.d.s.w.r.o.CachingOperationNameGenerator - [startingWith,41] - Generating unique operation named: editUsingPUT_34
21:17:35.377 [main] INFO  s.d.s.w.r.o.CachingOperationNameGenerator - [startingWith,41] - Generating unique operation named: exportUsingGET_34
21:17:35.383 [main] INFO  s.d.s.w.r.o.CachingOperationNameGenerator - [startingWith,41] - Generating unique operation named: getInfoUsingGET_36
21:17:35.387 [main] INFO  s.d.s.w.r.o.CachingOperationNameGenerator - [startingWith,41] - Generating unique operation named: removeUsingDELETE_34
21:17:35.392 [main] INFO  s.d.s.w.r.o.CachingOperationNameGenerator - [startingWith,41] - Generating unique operation named: listUsingGET_35
21:17:35.399 [main] INFO  s.d.s.w.r.o.CachingOperationNameGenerator - [startingWith,41] - Generating unique operation named: addUsingPOST_36
21:17:35.406 [main] INFO  s.d.s.w.r.o.CachingOperationNameGenerator - [startingWith,41] - Generating unique operation named: editUsingPUT_35
21:17:35.414 [main] INFO  s.d.s.w.r.o.CachingOperationNameGenerator - [startingWith,41] - Generating unique operation named: exportUsingGET_35
21:17:35.422 [main] INFO  s.d.s.w.r.o.CachingOperationNameGenerator - [startingWith,41] - Generating unique operation named: getInfoUsingGET_37
21:17:35.425 [main] INFO  s.d.s.w.r.o.CachingOperationNameGenerator - [startingWith,41] - Generating unique operation named: removeUsingDELETE_35
21:17:35.434 [main] INFO  s.d.s.w.r.o.CachingOperationNameGenerator - [startingWith,41] - Generating unique operation named: listUsingGET_36
21:17:35.445 [main] INFO  s.d.s.w.r.o.CachingOperationNameGenerator - [startingWith,41] - Generating unique operation named: addUsingPOST_37
21:17:35.449 [main] INFO  s.d.s.w.r.o.CachingOperationNameGenerator - [startingWith,41] - Generating unique operation named: editUsingPUT_36
21:17:35.457 [main] INFO  s.d.s.w.r.o.CachingOperationNameGenerator - [startingWith,41] - Generating unique operation named: exportUsingGET_36
21:17:35.462 [main] INFO  s.d.s.w.r.o.CachingOperationNameGenerator - [startingWith,41] - Generating unique operation named: getInfoUsingGET_38
21:17:35.464 [main] INFO  s.d.s.w.r.o.CachingOperationNameGenerator - [startingWith,41] - Generating unique operation named: removeUsingDELETE_36
21:17:35.467 [main] INFO  s.d.s.w.r.o.CachingOperationNameGenerator - [startingWith,41] - Generating unique operation named: listUsingGET_37
21:17:35.474 [main] INFO  s.d.s.w.r.o.CachingOperationNameGenerator - [startingWith,41] - Generating unique operation named: addUsingPOST_38
21:17:35.478 [main] INFO  s.d.s.w.r.o.CachingOperationNameGenerator - [startingWith,41] - Generating unique operation named: editUsingPUT_37
21:17:35.482 [main] INFO  s.d.s.w.r.o.CachingOperationNameGenerator - [startingWith,41] - Generating unique operation named: exportUsingGET_37
21:17:35.488 [main] INFO  s.d.s.w.r.o.CachingOperationNameGenerator - [startingWith,41] - Generating unique operation named: getInfoUsingGET_39
21:17:35.492 [main] INFO  s.d.s.w.r.o.CachingOperationNameGenerator - [startingWith,41] - Generating unique operation named: removeUsingDELETE_37
21:17:35.497 [main] INFO  s.d.s.w.r.o.CachingOperationNameGenerator - [startingWith,41] - Generating unique operation named: listUsingGET_38
21:17:35.506 [main] INFO  s.d.s.w.r.o.CachingOperationNameGenerator - [startingWith,41] - Generating unique operation named: addUsingPOST_39
21:17:35.510 [main] INFO  s.d.s.w.r.o.CachingOperationNameGenerator - [startingWith,41] - Generating unique operation named: editUsingPUT_38
21:17:35.515 [main] INFO  s.d.s.w.r.o.CachingOperationNameGenerator - [startingWith,41] - Generating unique operation named: exportUsingGET_38
21:17:35.525 [main] INFO  s.d.s.w.r.o.CachingOperationNameGenerator - [startingWith,41] - Generating unique operation named: getInfoUsingGET_40
21:17:35.529 [main] INFO  s.d.s.w.r.o.CachingOperationNameGenerator - [startingWith,41] - Generating unique operation named: removeUsingDELETE_38
21:17:35.535 [main] INFO  s.d.s.w.r.o.CachingOperationNameGenerator - [startingWith,41] - Generating unique operation named: listUsingGET_39
21:17:35.543 [main] INFO  s.d.s.w.r.o.CachingOperationNameGenerator - [startingWith,41] - Generating unique operation named: addUsingPOST_40
21:17:35.548 [main] INFO  s.d.s.w.r.o.CachingOperationNameGenerator - [startingWith,41] - Generating unique operation named: editUsingPUT_39
21:17:35.556 [main] INFO  s.d.s.w.r.o.CachingOperationNameGenerator - [startingWith,41] - Generating unique operation named: exportUsingGET_39
21:17:35.562 [main] INFO  s.d.s.w.r.o.CachingOperationNameGenerator - [startingWith,41] - Generating unique operation named: getInfoUsingGET_41
21:17:35.571 [main] INFO  s.d.s.w.r.o.CachingOperationNameGenerator - [startingWith,41] - Generating unique operation named: removeUsingDELETE_39
21:17:35.577 [main] INFO  s.d.s.w.r.o.CachingOperationNameGenerator - [startingWith,41] - Generating unique operation named: listUsingGET_40
21:17:35.584 [main] INFO  s.d.s.w.r.o.CachingOperationNameGenerator - [startingWith,41] - Generating unique operation named: addUsingPOST_41
21:17:35.589 [main] INFO  s.d.s.w.r.o.CachingOperationNameGenerator - [startingWith,41] - Generating unique operation named: editUsingPUT_40
21:17:35.597 [main] INFO  s.d.s.w.r.o.CachingOperationNameGenerator - [startingWith,41] - Generating unique operation named: exportUsingGET_40
21:17:35.605 [main] INFO  s.d.s.w.r.o.CachingOperationNameGenerator - [startingWith,41] - Generating unique operation named: getInfoUsingGET_42
21:17:35.610 [main] INFO  s.d.s.w.r.o.CachingOperationNameGenerator - [startingWith,41] - Generating unique operation named: removeUsingDELETE_40
21:17:35.615 [main] INFO  s.d.s.w.r.o.CachingOperationNameGenerator - [startingWith,41] - Generating unique operation named: listUsingGET_41
21:17:35.622 [main] INFO  s.d.s.w.r.o.CachingOperationNameGenerator - [startingWith,41] - Generating unique operation named: addUsingPOST_42
21:17:35.626 [main] INFO  s.d.s.w.r.o.CachingOperationNameGenerator - [startingWith,41] - Generating unique operation named: editUsingPUT_41
21:17:35.632 [main] INFO  s.d.s.w.r.o.CachingOperationNameGenerator - [startingWith,41] - Generating unique operation named: exportUsingGET_41
21:17:35.637 [main] INFO  s.d.s.w.r.o.CachingOperationNameGenerator - [startingWith,41] - Generating unique operation named: getInfoUsingGET_43
21:17:35.641 [main] INFO  s.d.s.w.r.o.CachingOperationNameGenerator - [startingWith,41] - Generating unique operation named: removeUsingDELETE_41
21:17:35.646 [main] INFO  s.d.s.w.r.o.CachingOperationNameGenerator - [startingWith,41] - Generating unique operation named: listUsingGET_42
21:17:35.655 [main] INFO  s.d.s.w.r.o.CachingOperationNameGenerator - [startingWith,41] - Generating unique operation named: addUsingPOST_43
21:17:35.658 [main] INFO  s.d.s.w.r.o.CachingOperationNameGenerator - [startingWith,41] - Generating unique operation named: editUsingPUT_42
21:17:35.662 [main] INFO  s.d.s.w.r.o.CachingOperationNameGenerator - [startingWith,41] - Generating unique operation named: exportUsingGET_42
21:17:35.665 [main] INFO  s.d.s.w.r.o.CachingOperationNameGenerator - [startingWith,41] - Generating unique operation named: getInfoUsingGET_44
21:17:35.667 [main] INFO  s.d.s.w.r.o.CachingOperationNameGenerator - [startingWith,41] - Generating unique operation named: removeUsingDELETE_42
21:17:35.671 [main] INFO  s.d.s.w.r.o.CachingOperationNameGenerator - [startingWith,41] - Generating unique operation named: listUsingGET_43
21:17:35.679 [main] INFO  s.d.s.w.r.o.CachingOperationNameGenerator - [startingWith,41] - Generating unique operation named: addUsingPOST_44
21:17:35.683 [main] INFO  s.d.s.w.r.o.CachingOperationNameGenerator - [startingWith,41] - Generating unique operation named: editUsingPUT_43
21:17:35.689 [main] INFO  s.d.s.w.r.o.CachingOperationNameGenerator - [startingWith,41] - Generating unique operation named: exportUsingGET_43
21:17:35.696 [main] INFO  s.d.s.w.r.o.CachingOperationNameGenerator - [startingWith,41] - Generating unique operation named: getInfoUsingGET_45
21:17:35.699 [main] INFO  s.d.s.w.r.o.CachingOperationNameGenerator - [startingWith,41] - Generating unique operation named: removeUsingDELETE_43
21:17:35.709 [main] INFO  s.d.s.w.r.o.CachingOperationNameGenerator - [startingWith,41] - Generating unique operation named: listUsingGET_44
21:17:35.716 [main] INFO  s.d.s.w.r.o.CachingOperationNameGenerator - [startingWith,41] - Generating unique operation named: addUsingPOST_45
21:17:35.724 [main] INFO  s.d.s.w.r.o.CachingOperationNameGenerator - [startingWith,41] - Generating unique operation named: editUsingPUT_44
21:17:35.731 [main] INFO  s.d.s.w.r.o.CachingOperationNameGenerator - [startingWith,41] - Generating unique operation named: exportUsingGET_44
21:17:35.736 [main] INFO  s.d.s.w.r.o.CachingOperationNameGenerator - [startingWith,41] - Generating unique operation named: getInfoUsingGET_46
21:17:35.740 [main] INFO  s.d.s.w.r.o.CachingOperationNameGenerator - [startingWith,41] - Generating unique operation named: removeUsingDELETE_44
21:17:35.746 [main] INFO  s.d.s.w.r.o.CachingOperationNameGenerator - [startingWith,41] - Generating unique operation named: listUsingGET_45
21:17:35.751 [main] INFO  s.d.s.w.r.o.CachingOperationNameGenerator - [startingWith,41] - Generating unique operation named: addUsingPOST_46
21:17:35.755 [main] INFO  s.d.s.w.r.o.CachingOperationNameGenerator - [startingWith,41] - Generating unique operation named: editUsingPUT_45
21:17:35.758 [main] INFO  s.d.s.w.r.o.CachingOperationNameGenerator - [startingWith,41] - Generating unique operation named: exportUsingGET_45
21:17:35.763 [main] INFO  s.d.s.w.r.o.CachingOperationNameGenerator - [startingWith,41] - Generating unique operation named: getInfoUsingGET_47
21:17:35.767 [main] INFO  s.d.s.w.r.o.CachingOperationNameGenerator - [startingWith,41] - Generating unique operation named: removeUsingDELETE_45
21:17:35.770 [main] INFO  s.d.s.w.r.o.CachingOperationNameGenerator - [startingWith,41] - Generating unique operation named: listUsingGET_46
21:17:35.775 [main] INFO  s.d.s.w.r.o.CachingOperationNameGenerator - [startingWith,41] - Generating unique operation named: addUsingPOST_47
21:17:35.777 [main] INFO  s.d.s.w.r.o.CachingOperationNameGenerator - [startingWith,41] - Generating unique operation named: editUsingPUT_46
21:17:35.783 [main] INFO  s.d.s.w.r.o.CachingOperationNameGenerator - [startingWith,41] - Generating unique operation named: exportUsingGET_46
21:17:35.788 [main] INFO  s.d.s.w.r.o.CachingOperationNameGenerator - [startingWith,41] - Generating unique operation named: getInfoUsingGET_48
21:17:35.791 [main] INFO  s.d.s.w.r.o.CachingOperationNameGenerator - [startingWith,41] - Generating unique operation named: removeUsingDELETE_46
21:17:35.795 [main] INFO  s.d.s.w.r.o.CachingOperationNameGenerator - [startingWith,41] - Generating unique operation named: listUsingGET_47
21:17:35.799 [main] INFO  s.d.s.w.r.o.CachingOperationNameGenerator - [startingWith,41] - Generating unique operation named: addUsingPOST_48
21:17:35.802 [main] INFO  s.d.s.w.r.o.CachingOperationNameGenerator - [startingWith,41] - Generating unique operation named: editUsingPUT_47
21:17:35.807 [main] INFO  s.d.s.w.r.o.CachingOperationNameGenerator - [startingWith,41] - Generating unique operation named: exportUsingGET_47
21:17:35.812 [main] INFO  s.d.s.w.r.o.CachingOperationNameGenerator - [startingWith,41] - Generating unique operation named: getInfoUsingGET_49
21:17:35.815 [main] INFO  s.d.s.w.r.o.CachingOperationNameGenerator - [startingWith,41] - Generating unique operation named: removeUsingDELETE_47
21:17:35.820 [main] INFO  s.d.s.w.r.o.CachingOperationNameGenerator - [startingWith,41] - Generating unique operation named: listUsingGET_48
21:17:35.827 [main] INFO  s.d.s.w.r.o.CachingOperationNameGenerator - [startingWith,41] - Generating unique operation named: addUsingPOST_49
21:17:35.831 [main] INFO  s.d.s.w.r.o.CachingOperationNameGenerator - [startingWith,41] - Generating unique operation named: auditUsingPUT_1
21:17:35.835 [main] INFO  s.d.s.w.r.o.CachingOperationNameGenerator - [startingWith,41] - Generating unique operation named: editUsingPUT_48
21:17:35.842 [main] INFO  s.d.s.w.r.o.CachingOperationNameGenerator - [startingWith,41] - Generating unique operation named: exportUsingGET_48
21:17:35.847 [main] INFO  s.d.s.w.r.o.CachingOperationNameGenerator - [startingWith,41] - Generating unique operation named: getInfoUsingGET_50
21:17:35.850 [main] INFO  s.d.s.w.r.o.CachingOperationNameGenerator - [startingWith,41] - Generating unique operation named: removeUsingDELETE_48
21:17:35.852 [main] INFO  s.d.s.w.r.o.CachingOperationNameGenerator - [startingWith,41] - Generating unique operation named: submitUsingPUT_1
21:17:35.856 [main] INFO  s.d.s.w.r.o.CachingOperationNameGenerator - [startingWith,41] - Generating unique operation named: listUsingGET_49
21:17:35.859 [main] INFO  s.d.s.w.r.o.CachingOperationNameGenerator - [startingWith,41] - Generating unique operation named: list4AuditUsingGET_1
21:17:35.865 [main] INFO  s.d.s.w.r.o.CachingOperationNameGenerator - [startingWith,41] - Generating unique operation named: addUsingPOST_50
21:17:35.868 [main] INFO  s.d.s.w.r.o.CachingOperationNameGenerator - [startingWith,41] - Generating unique operation named: editUsingPUT_49
21:17:35.872 [main] INFO  s.d.s.w.r.o.CachingOperationNameGenerator - [startingWith,41] - Generating unique operation named: exportUsingGET_49
21:17:35.877 [main] INFO  s.d.s.w.r.o.CachingOperationNameGenerator - [startingWith,41] - Generating unique operation named: getInfoUsingGET_51
21:17:35.880 [main] INFO  s.d.s.w.r.o.CachingOperationNameGenerator - [startingWith,41] - Generating unique operation named: removeUsingDELETE_49
21:17:35.883 [main] INFO  s.d.s.w.r.o.CachingOperationNameGenerator - [startingWith,41] - Generating unique operation named: listUsingGET_50
21:17:35.893 [main] INFO  s.d.s.w.r.o.CachingOperationNameGenerator - [startingWith,41] - Generating unique operation named: addUsingPOST_51
21:17:35.898 [main] INFO  s.d.s.w.r.o.CachingOperationNameGenerator - [startingWith,41] - Generating unique operation named: editUsingPUT_50
21:17:35.905 [main] INFO  s.d.s.w.r.o.CachingOperationNameGenerator - [startingWith,41] - Generating unique operation named: exportUsingGET_50
21:17:35.912 [main] INFO  s.d.s.w.r.o.CachingOperationNameGenerator - [startingWith,41] - Generating unique operation named: getInfoUsingGET_52
21:17:35.919 [main] INFO  s.d.s.w.r.o.CachingOperationNameGenerator - [startingWith,41] - Generating unique operation named: removeUsingDELETE_50
21:17:35.926 [main] INFO  s.d.s.w.r.o.CachingOperationNameGenerator - [startingWith,41] - Generating unique operation named: listUsingGET_51
21:17:35.931 [main] INFO  s.d.s.w.r.o.CachingOperationNameGenerator - [startingWith,41] - Generating unique operation named: addUsingPOST_52
21:17:35.936 [main] INFO  s.d.s.w.r.o.CachingOperationNameGenerator - [startingWith,41] - Generating unique operation named: editUsingPUT_51
21:17:35.940 [main] INFO  s.d.s.w.r.o.CachingOperationNameGenerator - [startingWith,41] - Generating unique operation named: exportUsingGET_51
21:17:35.945 [main] INFO  s.d.s.w.r.o.CachingOperationNameGenerator - [startingWith,41] - Generating unique operation named: getInfoUsingGET_53
21:17:35.948 [main] INFO  s.d.s.w.r.o.CachingOperationNameGenerator - [startingWith,41] - Generating unique operation named: removeUsingDELETE_51
21:17:35.951 [main] INFO  s.d.s.w.r.o.CachingOperationNameGenerator - [startingWith,41] - Generating unique operation named: listUsingGET_52
21:17:35.957 [main] INFO  s.d.s.w.r.o.CachingOperationNameGenerator - [startingWith,41] - Generating unique operation named: addUsingPOST_53
21:17:35.960 [main] INFO  s.d.s.w.r.o.CachingOperationNameGenerator - [startingWith,41] - Generating unique operation named: editUsingPUT_52
21:17:35.965 [main] INFO  s.d.s.w.r.o.CachingOperationNameGenerator - [startingWith,41] - Generating unique operation named: exportUsingGET_52
21:17:35.971 [main] INFO  s.d.s.w.r.o.CachingOperationNameGenerator - [startingWith,41] - Generating unique operation named: getInfoUsingGET_54
21:17:35.974 [main] INFO  s.d.s.w.r.o.CachingOperationNameGenerator - [startingWith,41] - Generating unique operation named: removeUsingDELETE_52
21:17:35.977 [main] INFO  s.d.s.w.r.o.CachingOperationNameGenerator - [startingWith,41] - Generating unique operation named: listUsingGET_53
21:17:35.989 [main] INFO  s.d.s.w.r.o.CachingOperationNameGenerator - [startingWith,41] - Generating unique operation named: addUsingPOST_54
21:17:35.992 [main] INFO  s.d.s.w.r.o.CachingOperationNameGenerator - [startingWith,41] - Generating unique operation named: editUsingPUT_53
21:17:35.996 [main] INFO  s.d.s.w.r.o.CachingOperationNameGenerator - [startingWith,41] - Generating unique operation named: exportUsingGET_53
21:17:36.002 [main] INFO  s.d.s.w.r.o.CachingOperationNameGenerator - [startingWith,41] - Generating unique operation named: getInfoUsingGET_55
21:17:36.006 [main] INFO  s.d.s.w.r.o.CachingOperationNameGenerator - [startingWith,41] - Generating unique operation named: removeUsingDELETE_53
21:17:36.010 [main] INFO  s.d.s.w.r.o.CachingOperationNameGenerator - [startingWith,41] - Generating unique operation named: listUsingGET_54
21:17:36.015 [main] INFO  s.d.s.w.r.o.CachingOperationNameGenerator - [startingWith,41] - Generating unique operation named: addUsingPOST_55
21:17:36.018 [main] INFO  s.d.s.w.r.o.CachingOperationNameGenerator - [startingWith,41] - Generating unique operation named: auditUsingPUT_2
21:17:36.024 [main] INFO  s.d.s.w.r.o.CachingOperationNameGenerator - [startingWith,41] - Generating unique operation named: editUsingPUT_54
21:17:36.030 [main] INFO  s.d.s.w.r.o.CachingOperationNameGenerator - [startingWith,41] - Generating unique operation named: exportUsingGET_54
21:17:36.041 [main] INFO  s.d.s.w.r.o.CachingOperationNameGenerator - [startingWith,41] - Generating unique operation named: getInfoUsingGET_56
21:17:36.043 [main] INFO  s.d.s.w.r.o.CachingOperationNameGenerator - [startingWith,41] - Generating unique operation named: removeUsingDELETE_54
21:17:36.047 [main] INFO  s.d.s.w.r.o.CachingOperationNameGenerator - [startingWith,41] - Generating unique operation named: submitUsingPUT_2
21:17:36.052 [main] INFO  s.d.s.w.r.o.CachingOperationNameGenerator - [startingWith,41] - Generating unique operation named: listUsingGET_55
21:17:36.058 [main] INFO  s.d.s.w.r.o.CachingOperationNameGenerator - [startingWith,41] - Generating unique operation named: list4AuditUsingGET_2
21:17:36.064 [main] INFO  s.d.s.w.r.o.CachingOperationNameGenerator - [startingWith,41] - Generating unique operation named: addUsingPOST_56
21:17:36.067 [main] INFO  s.d.s.w.r.o.CachingOperationNameGenerator - [startingWith,41] - Generating unique operation named: editUsingPUT_55
21:17:36.072 [main] INFO  s.d.s.w.r.o.CachingOperationNameGenerator - [startingWith,41] - Generating unique operation named: exportUsingGET_55
21:17:36.077 [main] INFO  s.d.s.w.r.o.CachingOperationNameGenerator - [startingWith,41] - Generating unique operation named: getInfoUsingGET_57
21:17:36.080 [main] INFO  s.d.s.w.r.o.CachingOperationNameGenerator - [startingWith,41] - Generating unique operation named: removeUsingDELETE_55
21:17:36.083 [main] INFO  s.d.s.w.r.o.CachingOperationNameGenerator - [startingWith,41] - Generating unique operation named: listUsingGET_56
21:17:36.088 [main] INFO  s.d.s.w.r.o.CachingOperationNameGenerator - [startingWith,41] - Generating unique operation named: addUsingPOST_57
21:17:36.091 [main] INFO  s.d.s.w.r.o.CachingOperationNameGenerator - [startingWith,41] - Generating unique operation named: editUsingPUT_56
21:17:36.098 [main] INFO  s.d.s.w.r.o.CachingOperationNameGenerator - [startingWith,41] - Generating unique operation named: exportUsingGET_56
21:17:36.103 [main] INFO  s.d.s.w.r.o.CachingOperationNameGenerator - [startingWith,41] - Generating unique operation named: getInfoUsingGET_58
21:17:36.107 [main] INFO  s.d.s.w.r.o.CachingOperationNameGenerator - [startingWith,41] - Generating unique operation named: removeUsingDELETE_56
21:17:36.112 [main] INFO  s.d.s.w.r.o.CachingOperationNameGenerator - [startingWith,41] - Generating unique operation named: listUsingGET_57
21:17:36.117 [main] INFO  s.d.s.w.r.o.CachingOperationNameGenerator - [startingWith,41] - Generating unique operation named: addUsingPOST_58
21:17:36.121 [main] INFO  s.d.s.w.r.o.CachingOperationNameGenerator - [startingWith,41] - Generating unique operation named: editUsingPUT_57
21:17:36.125 [main] INFO  s.d.s.w.r.o.CachingOperationNameGenerator - [startingWith,41] - Generating unique operation named: exportUsingGET_57
21:17:36.131 [main] INFO  s.d.s.w.r.o.CachingOperationNameGenerator - [startingWith,41] - Generating unique operation named: getInfoUsingGET_59
21:17:36.135 [main] INFO  s.d.s.w.r.o.CachingOperationNameGenerator - [startingWith,41] - Generating unique operation named: removeUsingDELETE_57
21:17:36.140 [main] INFO  s.d.s.w.r.o.CachingOperationNameGenerator - [startingWith,41] - Generating unique operation named: listUsingGET_58
21:17:36.148 [main] INFO  s.d.s.w.r.o.CachingOperationNameGenerator - [startingWith,41] - Generating unique operation named: addUsingPOST_59
21:17:36.153 [main] INFO  s.d.s.w.r.o.CachingOperationNameGenerator - [startingWith,41] - Generating unique operation named: auditUsingPUT_3
21:17:36.157 [main] INFO  s.d.s.w.r.o.CachingOperationNameGenerator - [startingWith,41] - Generating unique operation named: editUsingPUT_58
21:17:36.163 [main] INFO  s.d.s.w.r.o.CachingOperationNameGenerator - [startingWith,41] - Generating unique operation named: exportUsingGET_58
21:17:36.167 [main] INFO  s.d.s.w.r.o.CachingOperationNameGenerator - [startingWith,41] - Generating unique operation named: getInfoUsingGET_60
21:17:36.171 [main] INFO  s.d.s.w.r.o.CachingOperationNameGenerator - [startingWith,41] - Generating unique operation named: removeUsingDELETE_58
21:17:36.175 [main] INFO  s.d.s.w.r.o.CachingOperationNameGenerator - [startingWith,41] - Generating unique operation named: submitUsingPUT_3
21:17:36.181 [main] INFO  s.d.s.w.r.o.CachingOperationNameGenerator - [startingWith,41] - Generating unique operation named: listUsingGET_59
21:17:36.186 [main] INFO  s.d.s.w.r.o.CachingOperationNameGenerator - [startingWith,41] - Generating unique operation named: list4AuditUsingGET_3
21:17:36.193 [main] INFO  s.d.s.w.r.o.CachingOperationNameGenerator - [startingWith,41] - Generating unique operation named: addUsingPOST_60
21:17:36.196 [main] INFO  s.d.s.w.r.o.CachingOperationNameGenerator - [startingWith,41] - Generating unique operation named: editUsingPUT_59
21:17:36.199 [main] INFO  s.d.s.w.r.o.CachingOperationNameGenerator - [startingWith,41] - Generating unique operation named: exportUsingGET_59
21:17:36.206 [main] INFO  s.d.s.w.r.o.CachingOperationNameGenerator - [startingWith,41] - Generating unique operation named: getInfoUsingGET_61
21:17:36.210 [main] INFO  s.d.s.w.r.o.CachingOperationNameGenerator - [startingWith,41] - Generating unique operation named: removeUsingDELETE_59
21:17:36.214 [main] INFO  s.d.s.w.r.o.CachingOperationNameGenerator - [startingWith,41] - Generating unique operation named: listUsingGET_60
21:17:36.219 [main] INFO  s.d.s.w.r.o.CachingOperationNameGenerator - [startingWith,41] - Generating unique operation named: addUsingPOST_61
21:17:36.224 [main] INFO  s.d.s.w.r.o.CachingOperationNameGenerator - [startingWith,41] - Generating unique operation named: auditUsingPUT_4
21:17:36.228 [main] INFO  s.d.s.w.r.o.CachingOperationNameGenerator - [startingWith,41] - Generating unique operation named: editUsingPUT_60
21:17:36.235 [main] INFO  s.d.s.w.r.o.CachingOperationNameGenerator - [startingWith,41] - Generating unique operation named: exportUsingGET_60
21:17:36.240 [main] INFO  s.d.s.w.r.o.CachingOperationNameGenerator - [startingWith,41] - Generating unique operation named: getInfoUsingGET_62
21:17:36.243 [main] INFO  s.d.s.w.r.o.CachingOperationNameGenerator - [startingWith,41] - Generating unique operation named: removeUsingDELETE_60
21:17:36.245 [main] INFO  s.d.s.w.r.o.CachingOperationNameGenerator - [startingWith,41] - Generating unique operation named: submitUsingPUT_4
21:17:36.277 [main] INFO  s.d.s.w.r.o.CachingOperationNameGenerator - [startingWith,41] - Generating unique operation named: listUsingGET_61
21:17:36.283 [main] INFO  s.d.s.w.r.o.CachingOperationNameGenerator - [startingWith,41] - Generating unique operation named: list4AuditUsingGET_4
21:17:36.290 [main] INFO  s.d.s.w.r.o.CachingOperationNameGenerator - [startingWith,41] - Generating unique operation named: addUsingPOST_62
21:17:36.295 [main] INFO  s.d.s.w.r.o.CachingOperationNameGenerator - [startingWith,41] - Generating unique operation named: editUsingPUT_61
21:17:36.298 [main] INFO  s.d.s.w.r.o.CachingOperationNameGenerator - [startingWith,41] - Generating unique operation named: exportUsingGET_61
21:17:36.305 [main] INFO  s.d.s.w.r.o.CachingOperationNameGenerator - [startingWith,41] - Generating unique operation named: getInfoUsingGET_63
21:17:36.309 [main] INFO  s.d.s.w.r.o.CachingOperationNameGenerator - [startingWith,41] - Generating unique operation named: removeUsingDELETE_61
21:17:36.313 [main] INFO  s.d.s.w.r.o.CachingOperationNameGenerator - [startingWith,41] - Generating unique operation named: listUsingGET_62
21:17:36.320 [main] INFO  s.d.s.w.r.o.CachingOperationNameGenerator - [startingWith,41] - Generating unique operation named: exportUsingGET_62
21:17:36.327 [main] INFO  s.d.s.w.r.o.CachingOperationNameGenerator - [startingWith,41] - Generating unique operation named: exportUsingGET_63
21:17:36.333 [main] INFO  s.d.s.w.r.o.CachingOperationNameGenerator - [startingWith,41] - Generating unique operation named: listUsingGET_63
21:17:36.340 [main] INFO  s.d.s.w.r.o.CachingOperationNameGenerator - [startingWith,41] - Generating unique operation named: listUsingGET_64
21:17:36.358 [main] INFO  s.d.s.w.r.o.CachingOperationNameGenerator - [startingWith,41] - Generating unique operation named: addUsingPOST_63
21:17:36.361 [main] INFO  s.d.s.w.r.o.CachingOperationNameGenerator - [startingWith,41] - Generating unique operation named: editUsingPUT_62
21:17:36.367 [main] INFO  s.d.s.w.r.o.CachingOperationNameGenerator - [startingWith,41] - Generating unique operation named: exportUsingGET_64
21:17:36.372 [main] INFO  s.d.s.w.r.o.CachingOperationNameGenerator - [startingWith,41] - Generating unique operation named: getInfoUsingGET_64
21:17:36.375 [main] INFO  s.d.s.w.r.o.CachingOperationNameGenerator - [startingWith,41] - Generating unique operation named: removeUsingDELETE_62
21:17:36.379 [main] INFO  s.d.s.w.r.o.CachingOperationNameGenerator - [startingWith,41] - Generating unique operation named: listUsingGET_65
21:17:36.384 [main] INFO  s.d.s.w.r.o.CachingOperationNameGenerator - [startingWith,41] - Generating unique operation named: addUsingPOST_64
21:17:36.387 [main] INFO  s.d.s.w.r.o.CachingOperationNameGenerator - [startingWith,41] - Generating unique operation named: editUsingPUT_63
21:17:36.390 [main] INFO  s.d.s.w.r.o.CachingOperationNameGenerator - [startingWith,41] - Generating unique operation named: exportUsingGET_65
21:17:36.394 [main] INFO  s.d.s.w.r.o.CachingOperationNameGenerator - [startingWith,41] - Generating unique operation named: getInfoUsingGET_65
21:17:36.396 [main] INFO  s.d.s.w.r.o.CachingOperationNameGenerator - [startingWith,41] - Generating unique operation named: removeUsingDELETE_63
21:17:36.399 [main] INFO  s.d.s.w.r.o.CachingOperationNameGenerator - [startingWith,41] - Generating unique operation named: listUsingGET_66
21:17:36.407 [main] INFO  s.d.s.w.r.o.CachingOperationNameGenerator - [startingWith,41] - Generating unique operation named: addUsingPOST_65
21:17:36.411 [main] INFO  s.d.s.w.r.o.CachingOperationNameGenerator - [startingWith,41] - Generating unique operation named: auditUsingPUT_5
21:17:36.415 [main] INFO  s.d.s.w.r.o.CachingOperationNameGenerator - [startingWith,41] - Generating unique operation named: editUsingPUT_64
21:17:36.421 [main] INFO  s.d.s.w.r.o.CachingOperationNameGenerator - [startingWith,41] - Generating unique operation named: exportUsingGET_66
21:17:36.426 [main] INFO  s.d.s.w.r.o.CachingOperationNameGenerator - [startingWith,41] - Generating unique operation named: getInfoUsingGET_66
21:17:36.430 [main] INFO  s.d.s.w.r.o.CachingOperationNameGenerator - [startingWith,41] - Generating unique operation named: removeUsingDELETE_64
21:17:36.436 [main] INFO  s.d.s.w.r.o.CachingOperationNameGenerator - [startingWith,41] - Generating unique operation named: submitUsingPUT_5
21:17:36.442 [main] INFO  s.d.s.w.r.o.CachingOperationNameGenerator - [startingWith,41] - Generating unique operation named: listUsingGET_67
21:17:36.447 [main] INFO  s.d.s.w.r.o.CachingOperationNameGenerator - [startingWith,41] - Generating unique operation named: list4AuditUsingGET_5
21:17:36.457 [main] INFO  s.d.s.w.r.o.CachingOperationNameGenerator - [startingWith,41] - Generating unique operation named: addUsingPOST_66
21:17:36.461 [main] INFO  s.d.s.w.r.o.CachingOperationNameGenerator - [startingWith,41] - Generating unique operation named: auditUsingPUT_6
21:17:36.464 [main] INFO  s.d.s.w.r.o.CachingOperationNameGenerator - [startingWith,41] - Generating unique operation named: editUsingPUT_65
21:17:36.474 [main] INFO  s.d.s.w.r.o.CachingOperationNameGenerator - [startingWith,41] - Generating unique operation named: exportUsingGET_67
21:17:36.488 [main] INFO  s.d.s.w.r.o.CachingOperationNameGenerator - [startingWith,41] - Generating unique operation named: getInfoUsingGET_67
21:17:36.492 [main] INFO  s.d.s.w.r.o.CachingOperationNameGenerator - [startingWith,41] - Generating unique operation named: removeUsingDELETE_65
21:17:36.495 [main] INFO  s.d.s.w.r.o.CachingOperationNameGenerator - [startingWith,41] - Generating unique operation named: submitUsingPUT_6
21:17:36.499 [main] INFO  s.d.s.w.r.o.CachingOperationNameGenerator - [startingWith,41] - Generating unique operation named: listUsingGET_68
21:17:36.505 [main] INFO  s.d.s.w.r.o.CachingOperationNameGenerator - [startingWith,41] - Generating unique operation named: list4AuditUsingGET_6
21:17:36.511 [main] INFO  s.d.s.w.r.o.CachingOperationNameGenerator - [startingWith,41] - Generating unique operation named: addUsingPOST_67
21:17:36.514 [main] INFO  s.d.s.w.r.o.CachingOperationNameGenerator - [startingWith,41] - Generating unique operation named: editUsingPUT_66
21:17:36.519 [main] INFO  s.d.s.w.r.o.CachingOperationNameGenerator - [startingWith,41] - Generating unique operation named: exportUsingGET_68
21:17:36.525 [main] INFO  s.d.s.w.r.o.CachingOperationNameGenerator - [startingWith,41] - Generating unique operation named: getInfoUsingGET_68
21:17:36.529 [main] INFO  s.d.s.w.r.o.CachingOperationNameGenerator - [startingWith,41] - Generating unique operation named: removeUsingDELETE_66
21:17:36.540 [main] INFO  s.d.s.w.r.o.CachingOperationNameGenerator - [startingWith,41] - Generating unique operation named: listUsingGET_69
21:17:36.549 [main] INFO  s.d.s.w.r.o.CachingOperationNameGenerator - [startingWith,41] - Generating unique operation named: addUsingPOST_68
21:17:36.555 [main] INFO  s.d.s.w.r.o.CachingOperationNameGenerator - [startingWith,41] - Generating unique operation named: editUsingPUT_67
21:17:36.560 [main] INFO  s.d.s.w.r.o.CachingOperationNameGenerator - [startingWith,41] - Generating unique operation named: exportUsingGET_69
21:17:36.570 [main] INFO  s.d.s.w.r.o.CachingOperationNameGenerator - [startingWith,41] - Generating unique operation named: getInfoUsingGET_69
21:17:36.575 [main] INFO  s.d.s.w.r.o.CachingOperationNameGenerator - [startingWith,41] - Generating unique operation named: removeUsingDELETE_67
21:17:36.579 [main] INFO  s.d.s.w.r.o.CachingOperationNameGenerator - [startingWith,41] - Generating unique operation named: listUsingGET_70
21:17:36.585 [main] INFO  s.d.s.w.r.o.CachingOperationNameGenerator - [startingWith,41] - Generating unique operation named: addUsingPOST_69
21:17:36.589 [main] INFO  s.d.s.w.r.o.CachingOperationNameGenerator - [startingWith,41] - Generating unique operation named: editUsingPUT_68
21:17:36.597 [main] INFO  s.d.s.w.r.o.CachingOperationNameGenerator - [startingWith,41] - Generating unique operation named: exportUsingGET_70
21:17:36.602 [main] INFO  s.d.s.w.r.o.CachingOperationNameGenerator - [startingWith,41] - Generating unique operation named: getInfoUsingGET_70
21:17:36.604 [main] INFO  s.d.s.w.r.o.CachingOperationNameGenerator - [startingWith,41] - Generating unique operation named: removeUsingDELETE_68
21:17:36.608 [main] INFO  s.d.s.w.r.o.CachingOperationNameGenerator - [startingWith,41] - Generating unique operation named: listUsingGET_71
21:17:36.612 [main] INFO  s.d.s.w.r.o.CachingOperationNameGenerator - [startingWith,41] - Generating unique operation named: addUsingPOST_70
21:17:36.616 [main] INFO  s.d.s.w.r.o.CachingOperationNameGenerator - [startingWith,41] - Generating unique operation named: editUsingPUT_69
21:17:36.620 [main] INFO  s.d.s.w.r.o.CachingOperationNameGenerator - [startingWith,41] - Generating unique operation named: exportUsingGET_71
21:17:36.625 [main] INFO  s.d.s.w.r.o.CachingOperationNameGenerator - [startingWith,41] - Generating unique operation named: getInfoUsingGET_71
21:17:36.628 [main] INFO  s.d.s.w.r.o.CachingOperationNameGenerator - [startingWith,41] - Generating unique operation named: removeUsingDELETE_69
21:17:36.632 [main] INFO  s.d.s.w.r.o.CachingOperationNameGenerator - [startingWith,41] - Generating unique operation named: listUsingGET_72
21:17:36.636 [main] INFO  s.d.s.w.r.o.CachingOperationNameGenerator - [startingWith,41] - Generating unique operation named: addUsingPOST_71
21:17:36.640 [main] INFO  s.d.s.w.r.o.CachingOperationNameGenerator - [startingWith,41] - Generating unique operation named: auditUsingPUT_7
21:17:36.642 [main] INFO  s.d.s.w.r.o.CachingOperationNameGenerator - [startingWith,41] - Generating unique operation named: editUsingPUT_70
21:17:36.650 [main] INFO  s.d.s.w.r.o.CachingOperationNameGenerator - [startingWith,41] - Generating unique operation named: exportUsingGET_72
21:17:36.656 [main] INFO  s.d.s.w.r.o.CachingOperationNameGenerator - [startingWith,41] - Generating unique operation named: getInfoUsingGET_72
21:17:36.660 [main] INFO  s.d.s.w.r.o.CachingOperationNameGenerator - [startingWith,41] - Generating unique operation named: removeUsingDELETE_70
21:17:36.662 [main] INFO  s.d.s.w.r.o.CachingOperationNameGenerator - [startingWith,41] - Generating unique operation named: submitUsingPUT_7
21:17:36.665 [main] INFO  s.d.s.w.r.o.CachingOperationNameGenerator - [startingWith,41] - Generating unique operation named: listUsingGET_73
21:17:36.668 [main] INFO  s.d.s.w.r.o.CachingOperationNameGenerator - [startingWith,41] - Generating unique operation named: list4AuditUsingGET_7
21:17:36.674 [main] INFO  s.d.s.w.r.o.CachingOperationNameGenerator - [startingWith,41] - Generating unique operation named: addUsingPOST_72
21:17:36.677 [main] INFO  s.d.s.w.r.o.CachingOperationNameGenerator - [startingWith,41] - Generating unique operation named: editUsingPUT_71
21:17:36.679 [main] INFO  s.d.s.w.r.o.CachingOperationNameGenerator - [startingWith,41] - Generating unique operation named: exportUsingGET_73
21:17:36.682 [main] INFO  s.d.s.w.r.o.CachingOperationNameGenerator - [startingWith,41] - Generating unique operation named: getInfoUsingGET_73
21:17:36.684 [main] INFO  s.d.s.w.r.o.CachingOperationNameGenerator - [startingWith,41] - Generating unique operation named: removeUsingDELETE_71
21:17:36.687 [main] INFO  s.d.s.w.r.o.CachingOperationNameGenerator - [startingWith,41] - Generating unique operation named: listUsingGET_74
21:17:36.693 [main] INFO  s.d.s.w.r.o.CachingOperationNameGenerator - [startingWith,41] - Generating unique operation named: addUsingPOST_73
21:17:36.696 [main] INFO  s.d.s.w.r.o.CachingOperationNameGenerator - [startingWith,41] - Generating unique operation named: editUsingPUT_72
21:17:36.703 [main] INFO  s.d.s.w.r.o.CachingOperationNameGenerator - [startingWith,41] - Generating unique operation named: exportUsingGET_74
21:17:36.708 [main] INFO  s.d.s.w.r.o.CachingOperationNameGenerator - [startingWith,41] - Generating unique operation named: getInfoUsingGET_74
21:17:36.711 [main] INFO  s.d.s.w.r.o.CachingOperationNameGenerator - [startingWith,41] - Generating unique operation named: removeUsingDELETE_72
21:17:36.715 [main] INFO  s.d.s.w.r.o.CachingOperationNameGenerator - [startingWith,41] - Generating unique operation named: listUsingGET_75
21:17:36.722 [main] INFO  s.d.s.w.r.o.CachingOperationNameGenerator - [startingWith,41] - Generating unique operation named: addUsingPOST_74
21:17:36.726 [main] INFO  s.d.s.w.r.o.CachingOperationNameGenerator - [startingWith,41] - Generating unique operation named: editUsingPUT_73
21:17:36.730 [main] INFO  s.d.s.w.r.o.CachingOperationNameGenerator - [startingWith,41] - Generating unique operation named: exportUsingGET_75
21:17:36.737 [main] INFO  s.d.s.w.r.o.CachingOperationNameGenerator - [startingWith,41] - Generating unique operation named: getInfoUsingGET_75
21:17:36.742 [main] INFO  s.d.s.w.r.o.CachingOperationNameGenerator - [startingWith,41] - Generating unique operation named: removeUsingDELETE_73
21:17:36.748 [main] INFO  s.d.s.w.r.o.CachingOperationNameGenerator - [startingWith,41] - Generating unique operation named: listUsingGET_76
21:17:36.755 [main] INFO  s.d.s.w.r.o.CachingOperationNameGenerator - [startingWith,41] - Generating unique operation named: exportUsingGET_76
21:17:36.760 [main] INFO  s.d.s.w.r.o.CachingOperationNameGenerator - [startingWith,41] - Generating unique operation named: exportUsingGET_77
21:17:36.769 [main] INFO  s.d.s.w.r.o.CachingOperationNameGenerator - [startingWith,41] - Generating unique operation named: listUsingGET_77
21:17:36.780 [main] INFO  s.d.s.w.r.o.CachingOperationNameGenerator - [startingWith,41] - Generating unique operation named: selectContractDeliveryReturnMonthReportUsingGET_1
21:17:36.784 [main] INFO  s.d.s.w.r.o.CachingOperationNameGenerator - [startingWith,41] - Generating unique operation named: selectContractDeliveryReturnQuarterReportUsingGET_1
21:17:36.799 [main] INFO  s.d.s.w.r.o.CachingOperationNameGenerator - [startingWith,41] - Generating unique operation named: addUsingPOST_75
21:17:36.810 [main] INFO  s.d.s.w.r.o.CachingOperationNameGenerator - [startingWith,41] - Generating unique operation named: editUsingPUT_74
21:17:36.818 [main] INFO  s.d.s.w.r.o.CachingOperationNameGenerator - [startingWith,41] - Generating unique operation named: exportUsingGET_78
21:17:36.823 [main] INFO  s.d.s.w.r.o.CachingOperationNameGenerator - [startingWith,41] - Generating unique operation named: getInfoUsingGET_76
21:17:36.826 [main] INFO  s.d.s.w.r.o.CachingOperationNameGenerator - [startingWith,41] - Generating unique operation named: removeUsingDELETE_74
21:17:36.832 [main] INFO  s.d.s.w.r.o.CachingOperationNameGenerator - [startingWith,41] - Generating unique operation named: listUsingGET_78
21:17:36.839 [main] INFO  s.d.s.w.r.o.CachingOperationNameGenerator - [startingWith,41] - Generating unique operation named: addUsingPOST_76
21:17:36.845 [main] INFO  s.d.s.w.r.o.CachingOperationNameGenerator - [startingWith,41] - Generating unique operation named: editUsingPUT_75
21:17:36.849 [main] INFO  s.d.s.w.r.o.CachingOperationNameGenerator - [startingWith,41] - Generating unique operation named: exportUsingGET_79
21:17:36.854 [main] INFO  s.d.s.w.r.o.CachingOperationNameGenerator - [startingWith,41] - Generating unique operation named: getInfoUsingGET_77
21:17:36.858 [main] INFO  s.d.s.w.r.o.CachingOperationNameGenerator - [startingWith,41] - Generating unique operation named: removeUsingDELETE_75
21:17:36.862 [main] INFO  s.d.s.w.r.o.CachingOperationNameGenerator - [startingWith,41] - Generating unique operation named: listUsingGET_79
21:17:36.901 [main] INFO  s.d.s.w.r.o.CachingOperationNameGenerator - [startingWith,41] - Generating unique operation named: editUsingPUT_76
21:17:36.926 [main] INFO  s.d.s.w.r.o.CachingOperationNameGenerator - [startingWith,41] - Generating unique operation named: exportUsingGET_80
21:17:36.933 [main] INFO  s.d.s.w.r.o.CachingOperationNameGenerator - [startingWith,41] - Generating unique operation named: getInfoUsingGET_78
21:17:36.941 [main] INFO  s.d.s.w.r.o.CachingOperationNameGenerator - [startingWith,41] - Generating unique operation named: listUsingGET_80
21:17:36.963 [main] INFO  s.d.s.w.r.o.CachingOperationNameGenerator - [startingWith,41] - Generating unique operation named: exportUsingGET_81
21:17:36.970 [main] INFO  s.d.s.w.r.o.CachingOperationNameGenerator - [startingWith,41] - Generating unique operation named: getInfoUsingGET_79
21:17:36.976 [main] INFO  s.d.s.w.r.o.CachingOperationNameGenerator - [startingWith,41] - Generating unique operation named: listUsingGET_81
21:17:36.986 [main] INFO  s.d.s.w.r.o.CachingOperationNameGenerator - [startingWith,41] - Generating unique operation named: reportByDayUsingGET_1
21:17:37.009 [main] INFO  s.d.s.w.r.o.CachingOperationNameGenerator - [startingWith,41] - Generating unique operation named: exportUsingGET_82
21:17:37.017 [main] INFO  s.d.s.w.r.o.CachingOperationNameGenerator - [startingWith,41] - Generating unique operation named: listUsingGET_82
21:17:37.026 [main] INFO  s.d.s.w.r.o.CachingOperationNameGenerator - [startingWith,41] - Generating unique operation named: exportUsingGET_83
21:17:37.032 [main] INFO  s.d.s.w.r.o.CachingOperationNameGenerator - [startingWith,41] - Generating unique operation named: listUsingGET_83
21:17:37.092 [main] INFO  s.d.s.w.r.o.CachingOperationNameGenerator - [startingWith,41] - Generating unique operation named: addUsingPOST_77
21:17:37.097 [main] INFO  s.d.s.w.r.o.CachingOperationNameGenerator - [startingWith,41] - Generating unique operation named: editUsingPUT_77
21:17:37.103 [main] INFO  s.d.s.w.r.o.CachingOperationNameGenerator - [startingWith,41] - Generating unique operation named: exportUsingGET_84
21:17:37.108 [main] INFO  s.d.s.w.r.o.CachingOperationNameGenerator - [startingWith,41] - Generating unique operation named: getInfoUsingGET_80
21:17:37.112 [main] INFO  s.d.s.w.r.o.CachingOperationNameGenerator - [startingWith,41] - Generating unique operation named: removeUsingDELETE_76
21:17:37.117 [main] INFO  s.d.s.w.r.o.CachingOperationNameGenerator - [startingWith,41] - Generating unique operation named: listUsingGET_84
21:17:37.126 [main] INFO  s.d.s.w.r.o.CachingOperationNameGenerator - [startingWith,41] - Generating unique operation named: exportUsingGET_85
21:17:37.131 [main] INFO  s.d.s.w.r.o.CachingOperationNameGenerator - [startingWith,41] - Generating unique operation named: listUsingGET_85
21:17:37.140 [main] INFO  s.d.s.w.r.o.CachingOperationNameGenerator - [startingWith,41] - Generating unique operation named: exportUsingGET_86
21:17:37.146 [main] INFO  s.d.s.w.r.o.CachingOperationNameGenerator - [startingWith,41] - Generating unique operation named: getInfoUsingGET_81
21:17:37.151 [main] INFO  s.d.s.w.r.o.CachingOperationNameGenerator - [startingWith,41] - Generating unique operation named: listUsingGET_86
21:17:37.158 [main] INFO  s.d.s.w.r.o.CachingOperationNameGenerator - [startingWith,41] - Generating unique operation named: exportUsingGET_87
21:17:37.163 [main] INFO  s.d.s.w.r.o.CachingOperationNameGenerator - [startingWith,41] - Generating unique operation named: getInfoUsingGET_82
21:17:37.169 [main] INFO  s.d.s.w.r.o.CachingOperationNameGenerator - [startingWith,41] - Generating unique operation named: listUsingGET_87
21:17:37.178 [main] INFO  s.d.s.w.r.o.CachingOperationNameGenerator - [startingWith,41] - Generating unique operation named: exportUsingGET_88
21:17:37.183 [main] INFO  s.d.s.w.r.o.CachingOperationNameGenerator - [startingWith,41] - Generating unique operation named: getInfoUsingGET_83
21:17:37.190 [main] INFO  s.d.s.w.r.o.CachingOperationNameGenerator - [startingWith,41] - Generating unique operation named: listUsingGET_88
21:17:37.199 [main] INFO  s.d.s.w.r.o.CachingOperationNameGenerator - [startingWith,41] - Generating unique operation named: addUsingPOST_78
21:17:37.206 [main] INFO  s.d.s.w.r.o.CachingOperationNameGenerator - [startingWith,41] - Generating unique operation named: auditUsingPUT_8
21:17:37.210 [main] INFO  s.d.s.w.r.o.CachingOperationNameGenerator - [startingWith,41] - Generating unique operation named: editUsingPUT_78
21:17:37.221 [main] INFO  s.d.s.w.r.o.CachingOperationNameGenerator - [startingWith,41] - Generating unique operation named: exportUsingGET_89
21:17:37.230 [main] INFO  s.d.s.w.r.o.CachingOperationNameGenerator - [startingWith,41] - Generating unique operation named: getInfoUsingGET_84
21:17:37.239 [main] INFO  s.d.s.w.r.o.CachingOperationNameGenerator - [startingWith,41] - Generating unique operation named: removeUsingDELETE_77
21:17:37.242 [main] INFO  s.d.s.w.r.o.CachingOperationNameGenerator - [startingWith,41] - Generating unique operation named: submitUsingPUT_8
21:17:37.248 [main] INFO  s.d.s.w.r.o.CachingOperationNameGenerator - [startingWith,41] - Generating unique operation named: listUsingGET_89
21:17:37.253 [main] INFO  s.d.s.w.r.o.CachingOperationNameGenerator - [startingWith,41] - Generating unique operation named: list4AuditUsingGET_8
21:17:37.260 [main] INFO  s.d.s.w.r.o.CachingOperationNameGenerator - [startingWith,41] - Generating unique operation named: addUsingPOST_79
21:17:37.265 [main] INFO  s.d.s.w.r.o.CachingOperationNameGenerator - [startingWith,41] - Generating unique operation named: editUsingPUT_79
21:17:37.270 [main] INFO  s.d.s.w.r.o.CachingOperationNameGenerator - [startingWith,41] - Generating unique operation named: exportUsingGET_90
21:17:37.275 [main] INFO  s.d.s.w.r.o.CachingOperationNameGenerator - [startingWith,41] - Generating unique operation named: getInfoUsingGET_85
21:17:37.279 [main] INFO  s.d.s.w.r.o.CachingOperationNameGenerator - [startingWith,41] - Generating unique operation named: removeUsingDELETE_78
21:17:37.286 [main] INFO  s.d.s.w.r.o.CachingOperationNameGenerator - [startingWith,41] - Generating unique operation named: listUsingGET_90
21:17:37.297 [main] INFO  s.d.s.w.r.o.CachingOperationNameGenerator - [startingWith,41] - Generating unique operation named: addUsingPOST_80
21:17:37.303 [main] INFO  s.d.s.w.r.o.CachingOperationNameGenerator - [startingWith,41] - Generating unique operation named: editUsingPUT_80
21:17:37.313 [main] INFO  s.d.s.w.r.o.CachingOperationNameGenerator - [startingWith,41] - Generating unique operation named: exportUsingGET_91
21:17:37.321 [main] INFO  s.d.s.w.r.o.CachingOperationNameGenerator - [startingWith,41] - Generating unique operation named: getInfoUsingGET_86
21:17:37.327 [main] INFO  s.d.s.w.r.o.CachingOperationNameGenerator - [startingWith,41] - Generating unique operation named: removeUsingDELETE_79
21:17:37.336 [main] INFO  s.d.s.w.r.o.CachingOperationNameGenerator - [startingWith,41] - Generating unique operation named: listUsingGET_91
21:17:37.344 [main] INFO  s.d.s.w.r.o.CachingOperationNameGenerator - [startingWith,41] - Generating unique operation named: addUsingPOST_81
21:17:37.347 [main] INFO  s.d.s.w.r.o.CachingOperationNameGenerator - [startingWith,41] - Generating unique operation named: editUsingPUT_81
21:17:37.352 [main] INFO  s.d.s.w.r.o.CachingOperationNameGenerator - [startingWith,41] - Generating unique operation named: exportUsingGET_92
21:17:37.357 [main] INFO  s.d.s.w.r.o.CachingOperationNameGenerator - [startingWith,41] - Generating unique operation named: getInfoUsingGET_87
21:17:37.361 [main] INFO  s.d.s.w.r.o.CachingOperationNameGenerator - [startingWith,41] - Generating unique operation named: removeUsingDELETE_80
21:17:37.366 [main] INFO  s.d.s.w.r.o.CachingOperationNameGenerator - [startingWith,41] - Generating unique operation named: listUsingGET_92
21:17:37.373 [main] INFO  s.d.s.w.r.o.CachingOperationNameGenerator - [startingWith,41] - Generating unique operation named: addUsingPOST_82
21:17:37.378 [main] INFO  s.d.s.w.r.o.CachingOperationNameGenerator - [startingWith,41] - Generating unique operation named: editUsingPUT_82
21:17:37.386 [main] INFO  s.d.s.w.r.o.CachingOperationNameGenerator - [startingWith,41] - Generating unique operation named: exportUsingGET_93
21:17:37.394 [main] INFO  s.d.s.w.r.o.CachingOperationNameGenerator - [startingWith,41] - Generating unique operation named: getInfoUsingGET_88
21:17:37.400 [main] INFO  s.d.s.w.r.o.CachingOperationNameGenerator - [startingWith,41] - Generating unique operation named: removeUsingDELETE_81
21:17:37.405 [main] INFO  s.d.s.w.r.o.CachingOperationNameGenerator - [startingWith,41] - Generating unique operation named: listUsingGET_93
21:17:37.413 [main] INFO  s.d.s.w.r.o.CachingOperationNameGenerator - [startingWith,41] - Generating unique operation named: addUsingPOST_83
21:17:37.418 [main] INFO  s.d.s.w.r.o.CachingOperationNameGenerator - [startingWith,41] - Generating unique operation named: editUsingPUT_83
21:17:37.423 [main] INFO  s.d.s.w.r.o.CachingOperationNameGenerator - [startingWith,41] - Generating unique operation named: exportUsingGET_94
21:17:37.430 [main] INFO  s.d.s.w.r.o.CachingOperationNameGenerator - [startingWith,41] - Generating unique operation named: getInfoUsingGET_89
21:17:37.434 [main] INFO  s.d.s.w.r.o.CachingOperationNameGenerator - [startingWith,41] - Generating unique operation named: removeUsingDELETE_82
21:17:37.440 [main] INFO  s.d.s.w.r.o.CachingOperationNameGenerator - [startingWith,41] - Generating unique operation named: listUsingGET_94
21:17:37.450 [main] INFO  s.d.s.w.r.o.CachingOperationNameGenerator - [startingWith,41] - Generating unique operation named: addUsingPOST_84
21:17:37.455 [main] INFO  s.d.s.w.r.o.CachingOperationNameGenerator - [startingWith,41] - Generating unique operation named: auditUsingPUT_9
21:17:37.461 [main] INFO  s.d.s.w.r.o.CachingOperationNameGenerator - [startingWith,41] - Generating unique operation named: editUsingPUT_84
21:17:37.474 [main] INFO  s.d.s.w.r.o.CachingOperationNameGenerator - [startingWith,41] - Generating unique operation named: exportUsingGET_95
21:17:37.481 [main] INFO  s.d.s.w.r.o.CachingOperationNameGenerator - [startingWith,41] - Generating unique operation named: getInfoUsingGET_90
21:17:37.493 [main] INFO  s.d.s.w.r.o.CachingOperationNameGenerator - [startingWith,41] - Generating unique operation named: removeUsingDELETE_83
21:17:37.498 [main] INFO  s.d.s.w.r.o.CachingOperationNameGenerator - [startingWith,41] - Generating unique operation named: submitUsingPUT_9
21:17:37.505 [main] INFO  s.d.s.w.r.o.CachingOperationNameGenerator - [startingWith,41] - Generating unique operation named: listUsingGET_95
21:17:37.514 [main] INFO  s.d.s.w.r.o.CachingOperationNameGenerator - [startingWith,41] - Generating unique operation named: list4AuditUsingGET_9
21:17:37.524 [main] INFO  s.d.s.w.r.o.CachingOperationNameGenerator - [startingWith,41] - Generating unique operation named: addUsingPOST_85
21:17:37.530 [main] INFO  s.d.s.w.r.o.CachingOperationNameGenerator - [startingWith,41] - Generating unique operation named: editUsingPUT_85
21:17:37.535 [main] INFO  s.d.s.w.r.o.CachingOperationNameGenerator - [startingWith,41] - Generating unique operation named: exportUsingGET_96
21:17:37.543 [main] INFO  s.d.s.w.r.o.CachingOperationNameGenerator - [startingWith,41] - Generating unique operation named: getInfoUsingGET_91
21:17:37.548 [main] INFO  s.d.s.w.r.o.CachingOperationNameGenerator - [startingWith,41] - Generating unique operation named: removeUsingDELETE_84
21:17:37.555 [main] INFO  s.d.s.w.r.o.CachingOperationNameGenerator - [startingWith,41] - Generating unique operation named: listUsingGET_96
21:17:37.563 [main] INFO  s.d.s.w.r.o.CachingOperationNameGenerator - [startingWith,41] - Generating unique operation named: addUsingPOST_86
21:17:37.570 [main] INFO  s.d.s.w.r.o.CachingOperationNameGenerator - [startingWith,41] - Generating unique operation named: editUsingPUT_86
21:17:37.578 [main] INFO  s.d.s.w.r.o.CachingOperationNameGenerator - [startingWith,41] - Generating unique operation named: exportUsingGET_97
21:17:37.584 [main] INFO  s.d.s.w.r.o.CachingOperationNameGenerator - [startingWith,41] - Generating unique operation named: getInfoUsingGET_92
21:17:37.589 [main] INFO  s.d.s.w.r.o.CachingOperationNameGenerator - [startingWith,41] - Generating unique operation named: listUsingGET_97
21:17:37.595 [main] INFO  s.d.s.w.r.o.CachingOperationNameGenerator - [startingWith,41] - Generating unique operation named: removeUsingDELETE_85
21:17:37.601 [main] INFO  s.d.s.w.r.o.CachingOperationNameGenerator - [startingWith,41] - Generating unique operation named: addUsingPOST_87
21:17:37.607 [main] INFO  s.d.s.w.r.o.CachingOperationNameGenerator - [startingWith,41] - Generating unique operation named: editUsingPUT_87
21:17:37.613 [main] INFO  s.d.s.w.r.o.CachingOperationNameGenerator - [startingWith,41] - Generating unique operation named: exportUsingGET_98
21:17:37.619 [main] INFO  s.d.s.w.r.o.CachingOperationNameGenerator - [startingWith,41] - Generating unique operation named: getInfoUsingGET_93
21:17:37.624 [main] INFO  s.d.s.w.r.o.CachingOperationNameGenerator - [startingWith,41] - Generating unique operation named: removeUsingDELETE_86
21:17:37.629 [main] INFO  s.d.s.w.r.o.CachingOperationNameGenerator - [startingWith,41] - Generating unique operation named: listUsingGET_98
21:17:37.637 [main] INFO  s.d.s.w.r.o.CachingOperationNameGenerator - [startingWith,41] - Generating unique operation named: addUsingPOST_88
21:17:37.644 [main] INFO  s.d.s.w.r.o.CachingOperationNameGenerator - [startingWith,41] - Generating unique operation named: editUsingPUT_88
21:17:37.650 [main] INFO  s.d.s.w.r.o.CachingOperationNameGenerator - [startingWith,41] - Generating unique operation named: exportUsingGET_99
21:17:37.655 [main] INFO  s.d.s.w.r.o.CachingOperationNameGenerator - [startingWith,41] - Generating unique operation named: getInfoUsingGET_94
21:17:37.662 [main] INFO  s.d.s.w.r.o.CachingOperationNameGenerator - [startingWith,41] - Generating unique operation named: removeUsingDELETE_87
21:17:37.668 [main] INFO  s.d.s.w.r.o.CachingOperationNameGenerator - [startingWith,41] - Generating unique operation named: listUsingGET_99
21:17:37.679 [main] INFO  s.d.s.w.r.o.CachingOperationNameGenerator - [startingWith,41] - Generating unique operation named: addUsingPOST_89
21:17:37.683 [main] INFO  s.d.s.w.r.o.CachingOperationNameGenerator - [startingWith,41] - Generating unique operation named: auditUsingPUT_10
21:17:37.698 [main] INFO  s.d.s.w.r.o.CachingOperationNameGenerator - [startingWith,41] - Generating unique operation named: editUsingPUT_89
21:17:37.713 [main] INFO  s.d.s.w.r.o.CachingOperationNameGenerator - [startingWith,41] - Generating unique operation named: exportUsingGET_100
21:17:37.723 [main] INFO  s.d.s.w.r.o.CachingOperationNameGenerator - [startingWith,41] - Generating unique operation named: getInfoUsingGET_95
21:17:37.733 [main] INFO  s.d.s.w.r.o.CachingOperationNameGenerator - [startingWith,41] - Generating unique operation named: removeUsingDELETE_88
21:17:37.740 [main] INFO  s.d.s.w.r.o.CachingOperationNameGenerator - [startingWith,41] - Generating unique operation named: submitUsingPUT_10
21:17:37.747 [main] INFO  s.d.s.w.r.o.CachingOperationNameGenerator - [startingWith,41] - Generating unique operation named: listUsingGET_100
21:17:37.757 [main] INFO  s.d.s.w.r.o.CachingOperationNameGenerator - [startingWith,41] - Generating unique operation named: list4AuditUsingGET_10
21:17:37.766 [main] INFO  s.d.s.w.r.o.CachingOperationNameGenerator - [startingWith,41] - Generating unique operation named: addUsingPOST_90
21:17:37.772 [main] INFO  s.d.s.w.r.o.CachingOperationNameGenerator - [startingWith,41] - Generating unique operation named: editUsingPUT_90
21:17:37.779 [main] INFO  s.d.s.w.r.o.CachingOperationNameGenerator - [startingWith,41] - Generating unique operation named: exportUsingGET_101
21:17:37.787 [main] INFO  s.d.s.w.r.o.CachingOperationNameGenerator - [startingWith,41] - Generating unique operation named: getInfoUsingGET_96
21:17:37.792 [main] INFO  s.d.s.w.r.o.CachingOperationNameGenerator - [startingWith,41] - Generating unique operation named: removeUsingDELETE_89
21:17:37.799 [main] INFO  s.d.s.w.r.o.CachingOperationNameGenerator - [startingWith,41] - Generating unique operation named: listUsingGET_101
21:17:37.809 [main] INFO  s.d.s.w.r.o.CachingOperationNameGenerator - [startingWith,41] - Generating unique operation named: addUsingPOST_91
21:17:37.814 [main] INFO  s.d.s.w.r.o.CachingOperationNameGenerator - [startingWith,41] - Generating unique operation named: editUsingPUT_91
21:17:37.822 [main] INFO  s.d.s.w.r.o.CachingOperationNameGenerator - [startingWith,41] - Generating unique operation named: exportUsingGET_102
21:17:37.830 [main] INFO  s.d.s.w.r.o.CachingOperationNameGenerator - [startingWith,41] - Generating unique operation named: getInfoUsingGET_97
21:17:37.835 [main] INFO  s.d.s.w.r.o.CachingOperationNameGenerator - [startingWith,41] - Generating unique operation named: removeUsingDELETE_90
21:17:37.841 [main] INFO  s.d.s.w.r.o.CachingOperationNameGenerator - [startingWith,41] - Generating unique operation named: listUsingGET_102
21:17:37.849 [main] INFO  s.d.s.w.r.o.CachingOperationNameGenerator - [startingWith,41] - Generating unique operation named: addUsingPOST_92
21:17:37.856 [main] INFO  s.d.s.w.r.o.CachingOperationNameGenerator - [startingWith,41] - Generating unique operation named: auditUsingPUT_11
21:17:37.861 [main] INFO  s.d.s.w.r.o.CachingOperationNameGenerator - [startingWith,41] - Generating unique operation named: editUsingPUT_92
21:17:37.870 [main] INFO  s.d.s.w.r.o.CachingOperationNameGenerator - [startingWith,41] - Generating unique operation named: exportUsingGET_103
21:17:37.881 [main] INFO  s.d.s.w.r.o.CachingOperationNameGenerator - [startingWith,41] - Generating unique operation named: getInfoUsingGET_98
21:17:37.886 [main] INFO  s.d.s.w.r.o.CachingOperationNameGenerator - [startingWith,41] - Generating unique operation named: removeUsingDELETE_91
21:17:37.893 [main] INFO  s.d.s.w.r.o.CachingOperationNameGenerator - [startingWith,41] - Generating unique operation named: submitUsingPUT_11
21:17:37.900 [main] INFO  s.d.s.w.r.o.CachingOperationNameGenerator - [startingWith,41] - Generating unique operation named: listUsingGET_103
21:17:37.908 [main] INFO  s.d.s.w.r.o.CachingOperationNameGenerator - [startingWith,41] - Generating unique operation named: list4AuditUsingGET_11
21:17:37.918 [main] INFO  s.d.s.w.r.o.CachingOperationNameGenerator - [startingWith,41] - Generating unique operation named: addUsingPOST_93
21:17:37.924 [main] INFO  s.d.s.w.r.o.CachingOperationNameGenerator - [startingWith,41] - Generating unique operation named: editUsingPUT_93
21:17:37.933 [main] INFO  s.d.s.w.r.o.CachingOperationNameGenerator - [startingWith,41] - Generating unique operation named: exportUsingGET_104
21:17:37.939 [main] INFO  s.d.s.w.r.o.CachingOperationNameGenerator - [startingWith,41] - Generating unique operation named: getInfoUsingGET_99
21:17:37.944 [main] INFO  s.d.s.w.r.o.CachingOperationNameGenerator - [startingWith,41] - Generating unique operation named: removeUsingDELETE_92
21:17:37.949 [main] INFO  s.d.s.w.r.o.CachingOperationNameGenerator - [startingWith,41] - Generating unique operation named: listUsingGET_104
21:17:37.984 [main] INFO  s.d.s.w.r.o.CachingOperationNameGenerator - [startingWith,41] - Generating unique operation named: addUsingPOST_94
21:17:37.988 [main] INFO  s.d.s.w.r.o.CachingOperationNameGenerator - [startingWith,41] - Generating unique operation named: editUsingPUT_94
21:17:37.994 [main] INFO  s.d.s.w.r.o.CachingOperationNameGenerator - [startingWith,41] - Generating unique operation named: exportUsingGET_105
21:17:37.999 [main] INFO  s.d.s.w.r.o.CachingOperationNameGenerator - [startingWith,41] - Generating unique operation named: getInfoUsingGET_100
21:17:38.005 [main] INFO  s.d.s.w.r.o.CachingOperationNameGenerator - [startingWith,41] - Generating unique operation named: removeUsingDELETE_93
21:17:38.009 [main] INFO  s.d.s.w.r.o.CachingOperationNameGenerator - [startingWith,41] - Generating unique operation named: listUsingGET_105
21:17:38.015 [main] INFO  s.d.s.w.r.o.CachingOperationNameGenerator - [startingWith,41] - Generating unique operation named: addUsingPOST_95
21:17:38.020 [main] INFO  s.d.s.w.r.o.CachingOperationNameGenerator - [startingWith,41] - Generating unique operation named: editUsingPUT_95
21:17:38.026 [main] INFO  s.d.s.w.r.o.CachingOperationNameGenerator - [startingWith,41] - Generating unique operation named: exportUsingGET_106
21:17:38.031 [main] INFO  s.d.s.w.r.o.CachingOperationNameGenerator - [startingWith,41] - Generating unique operation named: getInfoUsingGET_101
21:17:38.035 [main] INFO  s.d.s.w.r.o.CachingOperationNameGenerator - [startingWith,41] - Generating unique operation named: removeUsingDELETE_94
21:17:38.039 [main] INFO  s.d.s.w.r.o.CachingOperationNameGenerator - [startingWith,41] - Generating unique operation named: listUsingGET_106
21:17:38.046 [main] INFO  s.d.s.w.r.o.CachingOperationNameGenerator - [startingWith,41] - Generating unique operation named: addUsingPOST_96
21:17:38.050 [main] INFO  s.d.s.w.r.o.CachingOperationNameGenerator - [startingWith,41] - Generating unique operation named: editUsingPUT_96
21:17:38.056 [main] INFO  s.d.s.w.r.o.CachingOperationNameGenerator - [startingWith,41] - Generating unique operation named: exportUsingGET_107
21:17:38.060 [main] INFO  s.d.s.w.r.o.CachingOperationNameGenerator - [startingWith,41] - Generating unique operation named: getInfoUsingGET_102
21:17:38.064 [main] INFO  s.d.s.w.r.o.CachingOperationNameGenerator - [startingWith,41] - Generating unique operation named: removeUsingDELETE_95
21:17:38.069 [main] INFO  s.d.s.w.r.o.CachingOperationNameGenerator - [startingWith,41] - Generating unique operation named: listUsingGET_107
21:17:38.077 [main] INFO  s.d.s.w.r.o.CachingOperationNameGenerator - [startingWith,41] - Generating unique operation named: addUsingPOST_97
21:17:38.083 [main] INFO  s.d.s.w.r.o.CachingOperationNameGenerator - [startingWith,41] - Generating unique operation named: editUsingPUT_97
21:17:38.094 [main] INFO  s.d.s.w.r.o.CachingOperationNameGenerator - [startingWith,41] - Generating unique operation named: exportUsingGET_108
21:17:38.101 [main] INFO  s.d.s.w.r.o.CachingOperationNameGenerator - [startingWith,41] - Generating unique operation named: getInfoUsingGET_103
21:17:38.106 [main] INFO  s.d.s.w.r.o.CachingOperationNameGenerator - [startingWith,41] - Generating unique operation named: removeUsingDELETE_96
21:17:38.112 [main] INFO  s.d.s.w.r.o.CachingOperationNameGenerator - [startingWith,41] - Generating unique operation named: listUsingGET_108
21:17:38.119 [main] INFO  s.d.s.w.r.o.CachingOperationNameGenerator - [startingWith,41] - Generating unique operation named: addUsingPOST_98
21:17:38.125 [main] INFO  s.d.s.w.r.o.CachingOperationNameGenerator - [startingWith,41] - Generating unique operation named: editUsingPUT_98
21:17:38.129 [main] INFO  s.d.s.w.r.o.CachingOperationNameGenerator - [startingWith,41] - Generating unique operation named: exportUsingGET_109
21:17:38.135 [main] INFO  s.d.s.w.r.o.CachingOperationNameGenerator - [startingWith,41] - Generating unique operation named: getInfoUsingGET_104
21:17:38.141 [main] INFO  s.d.s.w.r.o.CachingOperationNameGenerator - [startingWith,41] - Generating unique operation named: removeUsingDELETE_97
21:17:38.147 [main] INFO  s.d.s.w.r.o.CachingOperationNameGenerator - [startingWith,41] - Generating unique operation named: listUsingGET_109
21:17:38.159 [main] INFO  s.d.s.w.r.o.CachingOperationNameGenerator - [startingWith,41] - Generating unique operation named: addUsingPOST_99
21:17:38.162 [main] INFO  s.d.s.w.r.o.CachingOperationNameGenerator - [startingWith,41] - Generating unique operation named: editUsingPUT_99
21:17:38.167 [main] INFO  s.d.s.w.r.o.CachingOperationNameGenerator - [startingWith,41] - Generating unique operation named: exportUsingGET_110
21:17:38.173 [main] INFO  s.d.s.w.r.o.CachingOperationNameGenerator - [startingWith,41] - Generating unique operation named: getInfoUsingGET_105
21:17:38.181 [main] INFO  s.d.s.w.r.o.CachingOperationNameGenerator - [startingWith,41] - Generating unique operation named: removeUsingDELETE_98
21:17:38.185 [main] INFO  s.d.s.w.r.o.CachingOperationNameGenerator - [startingWith,41] - Generating unique operation named: listUsingGET_110
21:17:38.192 [main] INFO  s.d.s.w.r.o.CachingOperationNameGenerator - [startingWith,41] - Generating unique operation named: addUsingPOST_100
21:17:38.196 [main] INFO  s.d.s.w.r.o.CachingOperationNameGenerator - [startingWith,41] - Generating unique operation named: editUsingPUT_100
21:17:38.201 [main] INFO  s.d.s.w.r.o.CachingOperationNameGenerator - [startingWith,41] - Generating unique operation named: exportUsingGET_111
21:17:38.207 [main] INFO  s.d.s.w.r.o.CachingOperationNameGenerator - [startingWith,41] - Generating unique operation named: getInfoUsingGET_106
21:17:38.211 [main] INFO  s.d.s.w.r.o.CachingOperationNameGenerator - [startingWith,41] - Generating unique operation named: removeUsingDELETE_99
21:17:38.216 [main] INFO  s.d.s.w.r.o.CachingOperationNameGenerator - [startingWith,41] - Generating unique operation named: listUsingGET_111
21:17:38.234 [main] INFO  o.a.c.h.Http11NioProtocol - [log,173] - Starting ProtocolHandler ["http-nio-9090"]
21:17:38.260 [main] INFO  c.neu.NeuApplication - [logStarted,61] - Started NeuApplication in 19.749 seconds (JVM running for 20.245)
21:17:39.255 [Quartz Scheduler [RuoyiScheduler]] INFO  o.q.c.QuartzScheduler - [start,547] - Scheduler RuoyiScheduler_$_LAPTOP-802K4BVQ1778764649454 started.
21:17:55.242 [http-nio-9090-exec-15] INFO  o.a.c.c.C.[.[.[/] - [log,173] - Initializing Spring DispatcherServlet 'dispatcherServlet'
